date,atm_id,actual,predicted,error,absolute_error,error_percentage
2025-10-25,94,1016820.0,802921.25,213898.75,213898.75,21.036048661513345
2025-10-25,30,576852.0,522915.56,53936.4375,53936.4375,9.350134436562584
2025-10-25,20,679023.0,576742.6,102280.375,102280.375,15.062873422549753
2025-10-25,21,595377.0,580959.0,14418.0,14418.0,2.42165888168337
2025-10-25,16,624994.0,784390.4,-159396.375,159396.375,25.503664835182416
2025-10-25,18,431539.0,463860.7,-32321.6875,32321.6875,7.489864763092095
2025-10-25,62,828915.0,758616.94,70298.0625,70298.0625,8.480732342881959
2025-10-25,49,612383.0,524254.7,88128.3125,88128.3125,14.391044901638352
2025-10-25,46,1094334.0,810521.5,283812.5,283812.5,25.9347237680635
2025-10-25,36,895701.0,814563.94,81137.0625,81137.0625,9.058498594955235
2025-10-25,93,672627.0,580002.4,92624.625,92624.625,13.770577898300246
2025-10-25,69,570882.0,543278.75,27603.25,27603.25,4.835193612690539
2025-10-25,95,631450.0,474530.34,156919.65625,156919.65625,24.850685921292264
2025-10-25,58,630976.0,738241.2,-107265.1875,107265.1875,16.999883910006087
2025-10-25,96,650931.0,750906.25,-99975.25,99975.25,15.358809151814862
2025-10-25,68,665681.0,817293.25,-151612.25,151612.25,22.775511093151223
2025-10-25,7,463368.0,453635.1,9732.90625,9732.90625,2.1004700907270246
2025-10-25,37,606490.0,854342.1,-247852.125,247852.125,40.86664660587974
2025-10-25,25,558416.0,522567.22,35848.78125,35848.78125,6.419726735981778
2025-10-25,51,706353.0,828797.6,-122444.625,122444.625,17.33476392115557
2025-10-25,75,782997.0,794269.56,-11272.5625,11272.5625,1.439668670505762
2025-10-25,98,1390791.0,848440.3,542350.6875,542350.6875,38.99584391184585
2025-10-25,97,549594.0,764310.2,-214716.1875,214716.1875,39.068146213386605
2025-10-25,22,647613.0,859317.94,-211704.9375,211704.9375,32.690038263592605
2025-10-25,44,641274.0,854440.2,-213166.1875,213166.1875,33.24104633900642
2025-10-25,38,661958.0,878570.6,-216612.625,216612.625,32.72301641493871
2025-10-25,55,780192.0,842404.56,-62212.5625,62212.5625,7.974006718858948
2025-10-25,85,696314.0,582246.75,114067.25,114067.25,16.381582159772744
2025-10-25,79,761658.0,582769.7,178888.3125,178888.3125,23.486697769865213
2025-10-25,74,578872.0,466647.06,112224.9375,112224.9375,19.386831199297944
2025-10-25,35,782665.0,795823.5,-13158.5,13158.5,1.6812429328001124
2025-10-25,100,977535.0,844872.7,132662.3125,132662.3125,13.571106149651932
2025-10-25,56,756264.0,579822.4,176441.625,176441.625,23.330692059915584
2025-10-25,81,607499.0,788838.7,-181339.6875,181339.6875,29.85020345712503
2025-10-25,13,568654.0,568957.1,-303.125,303.125,0.05330570083038192
2025-10-25,92,334806.0,476208.62,-141402.625,141402.625,42.23419681845606
2025-10-25,23,407010.0,591235.4,-184225.375,184225.375,45.26310778604948
2025-10-25,78,461727.0,535992.2,-74265.1875,74265.1875,16.084220221039704
2025-10-25,12,518948.0,584126.56,-65178.5625,65178.5625,12.55974827921102
2025-10-25,89,450652.0,473344.3,-22692.3125,22692.3125,5.0354403175843
2025-10-25,39,680056.0,866302.56,-186246.5625,186246.5625,27.38694497217876
2025-10-25,43,509620.0,534202.3,-24582.3125,24582.3125,4.823655370668342
2025-10-25,52,521238.0,536511.1,-15273.125,15273.125,2.9301633802600735
2025-10-25,1,740520.0,567850.7,172669.3125,172669.3125,23.317305744611893
2025-10-25,77,723549.0,745777.25,-22228.25,22228.25,3.0721139826051864
2025-10-25,87,1137635.0,889876.0,247759.0,247759.0,21.778426296659298
2025-10-25,64,656166.0,905447.5,-249281.5,249281.5,37.99061517969538
2025-10-25,8,552819.0,473775.22,79043.78125,79043.78125,14.298311246538198
2025-10-25,84,597343.0,681549.1,-84206.125,84206.125,14.09677940479758
2025-10-25,65,617766.0,854930.0,-237164.0,237164.0,38.39058802200186
2025-10-25,11,1092995.0,802742.1,290252.875,290252.875,26.55573676000348
2025-10-25,50,604845.0,432858.47,171986.53125,171986.53125,28.43481077796791
2025-10-25,90,534572.0,878071.4,-343499.375,343499.375,64.25689617114251
2025-10-25,99,659183.0,564785.1,94397.875,94397.875,14.320435296419962
2025-10-25,26,546686.0,534825.44,11860.5625,11860.5625,2.169538363887131
2025-10-25,14,730394.0,785988.6,-55594.625,55594.625,7.611593879467795
2025-10-25,19,650880.0,763058.75,-112178.75,112178.75,17.234935779252705
2025-10-25,47,395628.0,531274.56,-135646.5625,135646.5625,34.28639087728877
2025-10-25,59,469270.0,514060.06,-44790.0625,44790.0625,9.544625162486415
2025-10-25,91,750450.0,842877.8,-92427.8125,92427.8125,12.316318542208009
2025-10-25,71,388670.0,463842.4,-75172.40625,75172.40625,19.340933504000823
2025-10-25,6,1080600.0,848871.6,231728.375,231728.375,21.444417453266702
2025-10-25,9,917869.0,793125.5,124743.5,124743.5,13.590555950794721
2025-10-25,42,818320.0,801485.56,16834.4375,16834.4375,2.057194923746212
2025-10-25,10,548185.0,545937.06,2247.9375,2247.9375,0.41006913724381366
2025-10-25,45,631178.0,522484.16,108693.84375,108693.84375,17.220790925856097
2025-10-25,31,404507.0,520050.75,-115543.75,115543.75,28.56409159792043
2025-10-25,48,812541.0,752988.44,59552.5625,59552.5625,7.329176312333778
2025-10-25,27,491386.0,453368.56,38017.4375,38017.4375,7.736776688794553
2025-10-25,57,534566.0,758700.75,-224134.75,224134.75,41.928358705940894
2025-10-25,29,544315.0,529156.7,15158.3125,15158.3125,2.7848419573225063
2025-10-25,28,384430.0,455651.97,-71221.96875,71221.96875,18.52664171630726
2025-10-25,53,463818.0,745302.5,-281484.5,281484.5,60.68856749845845
2025-10-25,54,699706.0,755970.0,-56264.0,56264.0,8.041091544162834
2025-10-25,80,1006556.0,824403.3,182152.6875,182152.6875,18.096627261672477
2025-10-25,32,768209.0,755594.56,12614.4375,12614.4375,1.6420580206688546
2025-10-25,63,767632.0,576501.8,191130.1875,191130.1875,24.898673778581404
2025-10-25,4,731729.0,835621.56,-103892.5625,103892.5625,14.19822946746678
2025-10-25,17,435064.0,565340.2,-130276.1875,130276.1875,29.94414327547211
2025-10-25,86,1096515.0,844004.44,252510.5625,252510.5625,23.02846404289955
2025-10-26,57,600488.0,640562.94,-40074.9375,40074.9375,6.673728284328746
2025-10-26,42,1005047.0,674679.75,330367.25,330367.25,32.870825941473385
2025-10-26,35,331769.0,644900.06,-313131.0625,313131.0625,94.38225467117181
2025-10-26,1,343256.0,460127.88,-116871.875,116871.875,34.04802101055772
2025-10-26,100,716278.0,694909.9,21368.125,21368.125,2.9832167119470374
2025-10-26,10,293297.0,449279.03,-155982.03125,155982.03125,53.18227982215979
2025-10-26,95,532389.0,408129.8,124259.1875,124259.1875,23.33992390902141
2025-10-26,30,303263.0,411142.4,-107879.40625,107879.40625,35.57288764207965
2025-10-26,82,377144.0,446089.22,-68945.21875,68945.21875,18.280873817427825
2025-10-26,81,594238.0,639285.2,-45047.1875,45047.1875,7.5806642288106785
2025-10-26,36,557784.0,670575.2,-112791.1875,112791.1875,20.221302063164234
2025-10-26,85,549251.0,487731.56,61519.4375,61519.4375,11.200605460891286
2025-10-26,58,633415.0,627709.06,5705.9375,5705.9375,0.9008213414586014
2025-10-26,3,367099.0,393197.97,-26098.96875,26098.96875,7.109517800375375
2025-10-26,28,490480.0,373240.44,117239.5625,117239.5625,23.903026117272873
2025-10-26,66,558526.0,706003.5,-147477.5,147477.5,26.40476898121126
2025-10-26,83,834260.0,683978.8,150281.1875,150281.1875,18.013711253086566
2025-10-26,29,490379.0,451526.34,38852.65625,38852.65625,7.922985333792843
2025-10-26,4,772243.0,702336.0,69907.0,69907.0,9.052461466144724
2025-10-26,5,598246.0,610613.75,-12367.75,12367.75,2.0673351764992995
2025-10-26,60,351172.0,476394.66,-125222.65625,125222.65625,35.65849676227034
2025-10-26,67,549286.0,478644.7,70641.3125,70641.3125,12.860570358610998
2025-10-26,59,439284.0,437331.8,1952.1875,1952.1875,0.4444021407563217
2025-10-26,27,443199.0,388092.16,55106.84375,55106.84375,12.433882691522319
2025-10-26,14,711304.0,636391.94,74912.0625,74912.0625,10.531652078436224
2025-10-26,99,546446.0,485677.4,60768.59375,60768.59375,11.120695137305423
2025-10-26,88,503522.0,491676.4,11845.59375,11845.59375,2.3525474060716314
2025-10-26,72,715964.0,616354.75,99609.25,99609.25,13.912605941080836
2025-10-26,13,411640.0,474381.38,-62741.375,62741.375,15.241807161597512
2025-10-26,12,358567.0,488714.25,-130147.25,130147.25,36.29649410012634
2025-10-26,71,308449.0,389068.97,-80619.96875,80619.96875,26.137211905371714
2025-10-26,89,328894.0,389884.62,-60990.625,60990.625,18.54415860429196
2025-10-26,40,348701.0,376435.47,-27734.46875,27734.46875,7.953653344842716
2025-10-26,87,546217.0,735799.56,-189582.5625,189582.5625,34.70828672487308
2025-10-26,25,462791.0,438280.97,24510.03125,24510.03125,5.296133945992899
2025-10-26,43,262398.0,428831.12,-166433.125,166433.125,63.427741446200045
2025-10-26,11,669127.0,663335.44,5791.5625,5791.5625,0.8655400992636675
2025-10-26,75,582649.0,639060.1,-56411.125,56411.125,9.681836749054748
2025-10-26,26,631439.0,467011.62,164427.375,164427.375,26.04010442813954
2025-10-26,44,940949.0,718572.8,222376.1875,222376.1875,23.633181766493188
2025-10-26,45,342723.0,435385.25,-92662.25,92662.25,27.03706783612422
2025-10-26,41,590424.0,683143.0,-92719.0,92719.0,15.703799303551346
2025-10-26,2,790001.0,634337.44,155663.5625,155663.5625,19.704223475666485
2025-10-26,6,500754.0,723415.25,-222661.25,222661.25,44.46519648370258
2025-10-26,69,428439.0,435352.6,-6913.59375,6913.59375,1.6136704991842479
2025-10-26,33,352881.0,392613.9,-39732.90625,39732.90625,11.259576528631465
2025-10-26,39,800149.0,732890.75,67258.25,67258.25,8.405715685453584
2025-10-26,17,390430.0,476002.97,-85572.96875,85572.96875,21.91762127654125
2025-10-26,19,784532.0,633056.44,151475.5625,151475.5625,19.307760868900186
2025-10-26,9,738645.0,662265.6,76379.375,76379.375,10.340471403718972
2025-10-26,98,518296.0,672490.2,-154194.1875,154194.1875,29.750217539784217
2025-10-26,38,647058.0,764247.06,-117189.0625,117189.0625,18.11105998225816
2025-10-26,50,290791.0,367274.03,-76483.03125,76483.03125,26.301718846181622
2025-10-26,73,819436.0,672822.06,146613.9375,146613.9375,17.892054718123195
2025-10-26,47,548281.0,420985.1,127295.90625,127295.90625,23.217274764217617
2025-10-26,80,833783.0,693903.75,139879.25,139879.25,16.77645742357424
2025-10-26,78,534898.0,426822.78,108075.21875,108075.21875,20.20482760264574
2025-10-26,63,626745.0,476301.72,150443.28125,150443.28125,24.003906094185034
2025-10-26,86,804304.0,716805.6,87498.375,87498.375,10.87876909725676
2025-10-26,31,577546.0,437182.94,140363.0625,140363.0625,24.303356356030513
2025-10-26,24,486971.0,475127.06,11843.9375,11843.9375,2.4321648517057484
2025-10-26,76,871153.0,693353.4,177799.625,177799.625,20.409689801906207
2025-10-26,23,323701.0,483748.5,-160047.5,160047.5,49.44300450106734
2025-10-26,51,777110.0,668200.25,108909.75,108909.75,14.01471477654386
2025-10-26,34,571488.0,638300.1,-66812.125,66812.125,11.69090602077384
2025-10-26,52,424734.0,435570.84,-10836.84375,10836.84375,2.551442491064996
2025-10-26,61,406013.0,419973.9,-13960.90625,13960.90625,3.4385367586752147
2025-10-26,16,653340.0,655491.75,-2151.75,2151.75,0.3293461291211314
2025-10-26,77,650444.0,606325.06,44118.9375,44118.9375,6.782895606693275
2025-10-26,49,336285.0,447767.2,-111482.1875,111482.1875,33.15110323089046
2025-10-26,97,801198.0,678086.5,123111.5,123111.5,15.36592702428114
2025-10-26,55,758796.0,727795.4,31000.625,31000.625,4.085501900379022
2025-10-26,18,465602.0,398463.5,67138.5,67138.5,14.419718987461394
2025-10-26,21,447319.0,483650.2,-36331.1875,36331.1875,8.121986211182623
2025-10-26,48,602686.0,630632.94,-27946.9375,27946.9375,4.637064325370093
2025-10-26,7,324882.0,370650.84,-45768.84375,45768.84375,14.087836122038155
2025-10-26,22,691676.0,696542.0,-4866.0,4866.0,0.7035085791613415
2025-10-26,8,279193.0,392473.5,-113280.5,113280.5,40.57426224869535
2025-10-26,94,498908.0,667441.25,-168533.25,168533.25,33.78042645136979
2025-10-26,46,412630.0,660034.2,-247404.1875,247404.1875,59.957876911518795
2025-10-26,92,307316.0,427796.84,-120480.84375,120480.84375,39.204220981009776
2025-10-26,90,650419.0,748283.5,-97864.5,97864.5,15.046377796466585
2025-10-26,64,637508.0,714538.6,-77030.625,77030.625,12.083083663263833
2025-10-26,37,399565.0,709423.25,-309858.25,309858.25,77.54889692540637
2025-10-26,93,322460.0,484362.16,-161902.15625,161902.15625,50.208446396452274
2025-10-26,74,283491.0,379001.94,-95510.9375,95510.9375,33.69099459947582
2025-10-26,53,491904.0,650279.6,-158375.625,158375.625,32.19644991705699
2025-10-26,91,712813.0,660645.0,52168.0,52168.0,7.3186095090858325
2025-10-26,15,712829.0,741651.06,-28822.0625,28822.0625,4.0433347268419215
2025-10-26,65,848860.0,728499.2,120360.8125,120360.8125,14.179112279999057
2025-10-26,79,489366.0,475954.16,13411.84375,13411.84375,2.7406570440120483
2025-10-26,56,509303.0,479926.16,29376.84375,29376.84375,5.768048440712111
2025-10-26,32,397065.0,640614.7,-243549.6875,243549.6875,61.33748567614874
2025-10-26,84,570663.0,562287.75,8375.25,8375.25,1.46763501401002
2025-10-26,62,802267.0,661752.8,140514.1875,140514.1875,17.514641322651936
2025-10-26,20,519595.0,498869.38,20725.625,20725.625,3.9888037798670117
2025-10-26,70,380129.0,492854.2,-112725.1875,112725.1875,29.654456118843864
2025-10-26,96,443834.0,628306.2,-184472.1875,184472.1875,41.563329420459
2025-10-26,54,556587.0,602265.5,-45678.5,45678.5,8.206893082303395
2025-10-26,68,652449.0,677736.1,-25287.125,25287.125,3.875724386120601
2025-10-27,80,551536.0,712417.8,-160881.8125,160881.8125,29.169775409039485
2025-10-27,100,623729.0,678734.6,-55005.625,55005.625,8.818833980783321
2025-10-27,48,584414.0,614497.06,-30083.0625,30083.0625,5.147560205607669
2025-10-27,35,877022.0,644333.4,232688.625,232688.625,26.531674804052805
2025-10-27,79,499305.0,485730.12,13574.875,13574.875,2.718754068154735
2025-10-27,34,459693.0,625995.8,-166302.8125,166302.8125,36.17692949424942
2025-10-27,78,567990.0,436651.5,131338.5,131338.5,23.12338245391644
2025-10-27,73,871271.0,686441.0,184830.0,184830.0,21.213835878848258
2025-10-27,53,383523.0,626396.75,-242873.75,242873.75,63.32703644892222
2025-10-27,9,765730.0,667558.5,98171.5,98171.5,12.820641740561294
2025-10-27,57,572139.0,603469.25,-31330.25,31330.25,5.475985730740257
2025-10-27,28,420381.0,390096.7,30284.3125,30284.3125,7.204015524012741
2025-10-27,4,981122.0,719004.6,262117.375,262117.375,26.71608372862906
2025-10-27,56,438727.0,486973.22,-48246.21875,48246.21875,10.996865647657883
2025-10-27,41,526611.0,659535.0,-132924.0,132924.0,25.241402097563476
2025-10-27,92,368531.0,424481.28,-55950.28125,55950.28125,15.181974175849522
2025-10-27,26,372226.0,447032.06,-74806.0625,74806.0625,20.09694715038713
2025-10-27,37,707055.0,693472.94,13582.0625,13582.0625,1.9209343686134743
2025-10-27,39,553256.0,732748.0,-179492.0,179492.0,32.44284743409923
2025-10-27,91,649456.0,691621.44,-42165.4375,42165.4375,6.492424044123081
2025-10-27,87,749576.0,708008.9,41567.125,41567.125,5.545418343170006
2025-10-27,12,501569.0,490350.9,11218.09375,11218.09375,2.2366002982640474
2025-10-27,2,562547.0,666597.06,-104050.0625,104050.0625,18.49624342499382
2025-10-27,84,529695.0,630197.3,-100502.3125,100502.3125,18.97361925258875
2025-10-27,64,658781.0,696391.7,-37610.6875,37610.6875,5.709133611928699
2025-10-27,17,421718.0,470464.6,-48746.59375,48746.59375,11.559049827135668
2025-10-27,11,486011.0,689568.9,-203557.875,203557.875,41.88338844182539
2025-10-27,27,346799.0,359293.0,-12494.0,12494.0,3.602663214138449
2025-10-27,6,554876.0,717952.8,-163076.8125,163076.8125,29.389775823787655
2025-10-27,19,704413.0,654172.5,50240.5,50240.5,7.132250540520972
2025-10-27,1,561149.0,478408.84,82740.15625,82740.15625,14.74477478352452
2025-10-27,75,641013.0,622215.06,18797.9375,18797.9375,2.9325360796114897
2025-10-27,32,569434.0,603060.3,-33626.3125,33626.3125,5.905216846904119
2025-10-27,16,546121.0,661193.06,-115072.0625,115072.0625,21.070799786127985
2025-10-27,81,932485.0,618263.7,314221.3125,314221.3125,33.69719754205162
2025-10-27,13,575210.0,475145.72,100064.28125,100064.28125,17.396130326315607
2025-10-27,47,380332.0,428955.5,-48623.5,48623.5,12.784488289178928
2025-10-27,7,376407.0,378469.3,-2062.3125,2062.3125,0.5478943005842081
2025-10-27,8,269861.0,371738.22,-101877.21875,101877.21875,37.751738394951474
2025-10-27,31,537962.0,422187.97,115774.03125,115774.03125,21.520856724080883
2025-10-27,42,507998.0,694639.3,-186641.3125,186641.3125,36.740560494332655
2025-10-27,67,334188.0,484695.66,-150507.65625,150507.65625,45.0368224622069
2025-10-27,10,406860.0,451599.94,-44739.9375,44739.9375,10.99639618050435
2025-10-27,71,355598.0,399833.75,-44235.75,44235.75,12.439819684025219
2025-10-27,89,349404.0,400478.44,-51074.4375,51074.4375,14.61758809286671
2025-10-27,23,547188.0,487249.2,59938.8125,59938.8125,10.953970573185085
2025-10-27,50,390376.0,369765.8,20610.1875,20610.1875,5.279573411275283
2025-10-27,90,756102.0,738017.75,18084.25,18084.25,2.3917738611986215
2025-10-27,58,854048.0,621888.56,232159.4375,232159.4375,27.18341796948181
2025-10-27,85,399660.0,490622.28,-90962.28125,90962.28125,22.75991624130511
2025-10-27,43,526877.0,419976.34,106900.65625,106900.65625,20.289490004308405
2025-10-27,99,484476.0,501039.0,-16563.0,16563.0,3.418745201000669
2025-10-27,93,609896.0,490243.56,119652.4375,119652.4375,19.618498481708357
2025-10-27,61,674643.0,428536.62,246106.375,246106.375,36.479497304500306
2025-10-27,72,834104.0,594296.1,239807.875,239807.875,28.750356670151444
2025-10-27,55,545387.0,751041.25,-205654.25,205654.25,37.70794866764334
2025-10-27,98,463846.0,794747.4,-330901.375,330901.375,71.3386285534423
2025-10-27,40,522908.0,386760.94,136147.0625,136147.0625,26.0365231551248
2025-10-27,38,637563.0,769135.6,-131572.625,131572.625,20.636803735473986
2025-10-27,33,476431.0,389204.72,87226.28125,87226.28125,18.308271554537804
2025-10-27,21,508561.0,486090.94,22470.0625,22470.0625,4.4183613175213985
2025-10-27,24,272255.0,470195.53,-197940.53125,197940.53125,72.70409404785954
2025-10-27,54,729625.0,630457.94,99167.0625,99167.0625,13.591511050197019
2025-10-27,25,540040.0,420957.72,119082.28125,119082.28125,22.050640924746315
2025-10-27,18,330994.0,380678.0,-49684.0,49684.0,15.010543997776397
2025-10-27,68,568128.0,651165.5,-83037.5,83037.5,14.615984426044834
2025-10-27,70,623909.0,489741.56,134167.4375,134167.4375,21.504327954878036
2025-10-27,96,760491.0,618767.75,141723.25,141723.25,18.63575637318522
2025-10-27,20,587715.0,486819.53,100895.46875,100895.46875,17.16741426541776
2025-10-27,30,422977.0,418660.8,4316.1875,4316.1875,1.020430779924204
2025-10-27,46,824344.0,665909.44,158434.5625,158434.5625,19.219471786050484
2025-10-27,36,942523.0,693008.25,249514.75,249514.75,26.473067500740033
2025-10-27,44,594246.0,753625.8,-159379.8125,159379.8125,26.82051078173012
2025-10-27,95,510921.0,375054.5,135866.5,135866.5,26.59246732860853
2025-10-27,22,526369.0,693590.2,-167221.1875,167221.1875,31.768813797925027
2025-10-27,94,542078.0,653931.7,-111853.6875,111853.6875,20.63424221237534
2025-10-27,62,877150.0,660246.75,216903.25,216903.25,24.728182180926865
2025-10-27,76,681038.0,670679.75,10358.25,10358.25,1.5209503728132645
2025-10-27,5,640812.0,625819.3,14992.6875,14992.6875,2.339639004887549
2025-10-27,65,522777.0,774225.06,-251448.0625,251448.0625,48.09853197443652
2025-10-27,60,427018.0,485899.22,-58881.21875,58881.21875,13.788931321396289
2025-10-27,14,755423.0,646464.8,108958.1875,108958.1875,14.42346705091055
2025-10-27,52,445084.0,428273.66,16810.34375,16810.34375,3.7768923955927423
2025-10-27,59,531231.0,439531.88,91699.125,91699.125,17.26162912179447
2025-10-27,88,655731.0,494607.66,161123.34375,161123.34375,24.571561166087925
2025-10-27,66,379380.0,675626.5,-296246.5,296246.5,78.0870103853656
2025-10-27,77,492561.0,588375.44,-95814.4375,95814.4375,19.452298801569754
2025-10-27,63,412578.0,476173.97,-63595.96875,63595.96875,15.41428984337507
2025-10-27,69,402037.0,430237.6,-28200.59375,28200.59375,7.0144274656312735
2025-10-27,45,443789.0,412856.72,30932.28125,30932.28125,6.970042351207444
2025-10-27,49,538260.0,432389.2,105870.8125,105870.8125,19.669084178649722
2025-10-27,3,308470.0,380307.44,-71837.4375,71837.4375,23.28830599409991
2025-10-27,51,663866.0,687777.1,-23911.125,23911.125,3.601799911427909
2025-10-27,97,662094.0,690189.0,-28095.0,28095.0,4.243355173132516
2025-10-27,83,974858.0,721751.1,253106.875,253106.875,25.963460832244284
2025-10-27,82,430698.0,451196.28,-20498.28125,20498.28125,4.759316562881648
2025-10-27,74,430026.0,378625.3,51400.6875,51400.6875,11.952925520782465
2025-10-27,86,650480.0,704523.5,-54043.5,54043.5,8.30824929282991
2025-10-27,15,661851.0,697344.6,-35493.625,35493.625,5.362781804363822
2025-10-27,29,436609.0,422792.2,13816.8125,13816.8125,3.164573451303111
2025-10-28,39,904770.0,708920.25,195849.75,195849.75,21.646357637852713
2025-10-28,69,368551.0,435215.47,-66664.46875,66664.46875,18.088261529611913
2025-10-28,20,522551.0,486599.56,35951.4375,35951.4375,6.8799863553988025
2025-10-28,66,764773.0,700123.9,64649.125,64649.125,8.453374399985355
2025-10-28,22,684108.0,739097.9,-54989.875,54989.875,8.038186222058505
2025-10-28,93,389733.0,512750.72,-123017.71875,123017.71875,31.5646144283394
2025-10-28,30,818763.0,440635.03,378127.96875,378127.96875,46.18283541757505
2025-10-28,55,535363.0,703543.0,-168180.0,168180.0,31.41419933764567
2025-10-28,15,868713.0,714837.75,153875.25,153875.25,17.713013388771664
2025-10-28,82,299932.0,453041.3,-153109.3125,153109.3125,51.0480083818999
2025-10-28,48,688902.0,617854.94,71047.0625,71047.0625,10.313086984796096
2025-10-28,44,633135.0,738172.8,-105037.8125,105037.8125,16.590113088045992
2025-10-28,58,708783.0,653683.9,55099.125,55099.125,7.773765031046173
2025-10-28,17,594464.0,485240.97,109223.03125,109223.03125,18.373363441688646
2025-10-28,51,670197.0,708538.6,-38341.625,38341.625,5.720948467390931
2025-10-28,56,321540.0,481942.12,-160402.125,160402.125,49.88558966225042
2025-10-28,5,392077.0,611692.9,-219615.875,219615.875,56.013455265164744
2025-10-28,23,541398.0,502449.72,38948.28125,38948.28125,7.1940201570748314
2025-10-28,83,362968.0,671565.7,-308597.6875,308597.6875,85.02063198408675
2025-10-28,61,473854.0,439230.94,34623.0625,34623.0625,7.306694150518936
2025-10-28,87,800245.0,747654.94,52590.0625,52590.0625,6.571745215527745
2025-10-28,62,539056.0,670938.7,-131882.6875,131882.6875,24.465489207058262
2025-10-28,49,416075.0,442650.12,-26575.125,26575.125,6.387099681547798
2025-10-28,88,689353.0,514942.4,174410.59375,174410.59375,25.300621561086988
2025-10-28,89,350483.0,403666.6,-53183.59375,53183.59375,15.174371866823783
2025-10-28,75,620683.0,649271.4,-28588.375,28588.375,4.605954247176094
2025-10-28,4,1050765.0,704830.25,345934.75,345934.75,32.922180506583295
2025-10-28,64,828349.0,731011.75,97337.25,97337.25,11.750753607477042
2025-10-28,73,557086.0,702165.44,-145079.4375,145079.4375,26.04255671476217
2025-10-28,16,772455.0,687835.3,84619.6875,84619.6875,10.954642988911974
2025-10-28,32,578276.0,633254.56,-54978.5625,54978.5625,9.507322195629769
2025-10-28,7,422775.0,387680.7,35094.3125,35094.3125,8.300943173082608
2025-10-28,59,605946.0,427138.34,178807.65625,178807.65625,29.50884340353761
2025-10-28,70,506582.0,492621.8,13960.1875,13960.1875,2.7557606665850742
2025-10-28,60,544187.0,488627.28,55559.71875,55559.71875,10.209674018306208
2025-10-28,3,297405.0,387471.12,-90066.125,90066.125,30.28399825154251
2025-10-28,65,799857.0,724951.56,74905.4375,74905.4375,9.364853655090847
2025-10-28,9,587119.0,684566.4,-97447.375,97447.375,16.59755092238541
2025-10-28,77,517391.0,603921.06,-86530.0625,86530.0625,16.724307631945663
2025-10-28,46,699504.0,687676.3,11827.6875,11827.6875,1.69086774342963
2025-10-28,50,328551.0,397860.25,-69309.25,69309.25,21.09543115071937
2025-10-28,74,422823.0,390019.97,32803.03125,32803.03125,7.758100020575985
2025-10-28,36,754271.0,695652.25,58618.75,58618.75,7.771576794017005
2025-10-28,90,581397.0,761421.7,-180024.6875,180024.6875,30.964158311790396
2025-10-28,21,408644.0,499257.97,-90613.96875,90613.96875,22.174305446794765
2025-10-28,53,647817.0,610809.2,37007.8125,37007.8125,5.712695483446714
2025-10-28,8,408605.0,388743.56,19861.4375,19861.4375,4.86079159579545
2025-10-28,63,577153.0,485063.1,92089.90625,92089.90625,15.955891462055988
2025-10-28,45,451573.0,428437.2,23135.8125,23135.8125,5.123382598162424
2025-10-28,86,739793.0,711725.0,28068.0,28068.0,3.794034277155907
2025-10-28,54,669967.0,633666.3,36300.6875,36300.6875,5.418279930205518
2025-10-28,52,254783.0,437317.2,-182534.1875,182534.1875,71.64300110289933
2025-10-28,25,388762.0,428218.25,-39456.25,39456.25,10.149204397549143
2025-10-28,85,534642.0,487345.47,47296.53125,47296.53125,8.846392773107986
2025-10-28,43,302553.0,432697.44,-130144.4375,130144.4375,43.015417959828525
2025-10-28,24,556169.0,489942.3,66226.6875,66226.6875,11.90765531699897
2025-10-28,76,1160291.0,658829.94,501461.0625,501461.0625,43.21856004226526
2025-10-28,68,1048482.0,659043.5,389438.5,389438.5,37.143079232643004
2025-10-28,96,627616.0,624740.44,2875.5625,2875.5625,0.458172274129404
2025-10-28,97,315376.0,687559.44,-372183.4375,372183.4375,118.0126063809548
2025-10-28,29,526569.0,433410.62,93158.375,93158.375,17.691579830943333
2025-10-28,18,376229.0,389922.06,-13693.0625,13693.0625,3.6395552974385277
2025-10-28,33,310085.0,397675.44,-87590.4375,87590.4375,28.247234629214567
2025-10-28,40,355780.0,399578.84,-43798.84375,43798.84375,12.310653704536511
2025-10-28,14,627528.0,717413.0,-89885.0,89885.0,14.32366364528754
2025-10-28,80,780280.0,676237.2,104042.8125,104042.8125,13.334035538524633
2025-10-28,100,831092.0,675010.44,156081.5625,156081.5625,18.78029899216934
2025-10-28,57,546993.0,621492.2,-74499.1875,74499.1875,13.61976981423894
2025-10-28,41,645075.0,674492.06,-29417.0625,29417.0625,4.560254621555633
2025-10-28,27,359071.0,388090.6,-29019.59375,29019.59375,8.081853936965112
2025-10-28,19,396254.0,651505.8,-255251.8125,255251.8125,64.41621094045739
2025-10-28,71,470473.0,405432.72,65040.28125,65040.28125,13.82444502660089
2025-10-28,11,707139.0,676968.06,30170.9375,30170.9375,4.266620494697648
2025-10-28,94,756968.0,675864.06,81103.9375,81103.9375,10.714315202227835
2025-10-28,99,671530.0,495950.6,175579.40625,175579.40625,26.14617459383795
2025-10-28,1,463582.0,490769.9,-27187.90625,27187.90625,5.864745880987614
2025-10-28,84,496878.0,614686.44,-117808.4375,117808.4375,23.70973106074328
2025-10-28,91,670813.0,670480.94,332.0625,332.0625,0.04950150041814932
2025-10-28,12,519138.0,489921.44,29216.5625,29216.5625,5.627899036479703
2025-10-28,37,628309.0,731964.3,-103655.3125,103655.3125,16.49750560631791
2025-10-28,26,264406.0,449110.2,-184704.1875,184704.1875,69.85627689991907
2025-10-28,92,438574.0,444470.97,-5896.96875,5896.96875,1.3445778249508635
2025-10-28,38,878746.0,765446.56,113299.4375,113299.4375,12.893309044934487
2025-10-28,13,516464.0,485666.7,30797.3125,30797.3125,5.963109238978903
2025-10-28,28,522192.0,395969.4,126222.59375,126222.59375,24.171682781429052
2025-10-28,98,771850.0,681505.9,90344.125,90344.125,11.70488112975319
2025-10-28,95,246423.0,376503.38,-130080.375,130080.375,52.78743258543237
2025-10-28,67,368155.0,481031.66,-112876.65625,112876.65625,30.660090518939032
2025-10-28,81,519417.0,637147.3,-117730.3125,117730.3125,22.66585662386868
2025-10-28,47,471960.0,423869.6,48090.40625,48090.40625,10.18950890965336
2025-10-28,42,453245.0,663099.94,-209854.9375,209854.9375,46.30055212964291
2025-10-28,31,388414.0,427952.84,-39538.84375,39538.84375,10.179561949363308
2025-10-28,2,1048919.0,631439.9,417479.125,417479.125,39.80089263327292
2025-10-28,10,367444.0,438885.12,-71441.125,71441.125,19.442724605654192
2025-10-28,78,469563.0,443343.16,26219.84375,26219.84375,5.583881981757506
2025-10-28,35,527012.0,720201.06,-193189.0625,193189.0625,36.65743142471139
2025-10-28,34,514540.0,625568.44,-111028.4375,111028.4375,21.57819362926109
2025-10-28,72,394709.0,629506.75,-234797.75,234797.75,59.48629243315962
2025-10-28,6,833475.0,674141.4,159333.625,159333.625,19.116785146525093
2025-10-28,79,525679.0,485007.5,40671.5,40671.5,7.736945930881774
2025-10-29,38,669971.0,713488.06,-43517.0625,43517.0625,6.495365097892297
2025-10-29,7,473663.0,384923.8,88739.1875,88739.1875,18.734667368994412
2025-10-29,9,494661.0,692012.8,-197351.8125,197351.8125,39.896376002959606
2025-10-29,82,562942.0,471162.88,91779.125,91779.125,16.303477978193133
2025-10-29,95,413372.0,389331.9,24040.09375,24040.09375,5.815607672991882
2025-10-29,55,721710.0,686078.56,35631.4375,35631.4375,4.937085186570783
2025-10-29,75,534388.0,664200.25,-129812.25,129812.25,24.291759919758675
2025-10-29,43,424167.0,427635.72,-3468.71875,3468.71875,0.8177719506703728
2025-10-29,16,840620.0,679882.4,160737.625,160737.625,19.121318193714163
2025-10-29,91,654292.0,689991.9,-35699.875,35699.875,5.456260354704016
2025-10-29,71,332087.0,396066.97,-63979.96875,63979.96875,19.266026297325702
2025-10-29,64,552819.0,723360.8,-170541.8125,170541.8125,30.84948464144684
2025-10-29,27,406118.0,385394.66,20723.34375,20723.34375,5.102788783063051
2025-10-29,67,675222.0,491266.56,183955.4375,183955.4375,27.243697258086968
2025-10-29,93,412606.0,496193.34,-83587.34375,83587.34375,20.258392691817377
2025-10-29,28,413337.0,396798.38,16538.625,16538.625,4.0012447470224055
2025-10-29,54,609650.0,646574.9,-36924.875,36924.875,6.05673337160666
2025-10-29,79,422262.0,484089.84,-61827.84375,61827.84375,14.642057241712491
2025-10-29,77,749946.0,624069.56,125876.4375,125876.4375,16.784733500812056
2025-10-29,50,452329.0,380278.1,72050.90625,72050.90625,15.928871739375545
2025-10-29,60,336333.0,484490.88,-148157.875,148157.875,44.05094801877901
2025-10-29,37,618933.0,754885.7,-135952.6875,135952.6875,21.965655006276933
2025-10-29,49,542775.0,436346.72,106428.28125,106428.28125,19.60817673068951
2025-10-29,40,436166.0,394636.84,41529.15625,41529.15625,9.521410712893715
2025-10-29,58,318413.0,637452.5,-319039.5,319039.5,100.19675704195494
2025-10-29,97,699474.0,653461.4,46012.625,46012.625,6.578175171628967
2025-10-29,35,720444.0,677242.6,43201.375,43201.375,5.996493134789102
2025-10-29,20,357372.0,481543.38,-124171.375,124171.375,34.745692163907634
2025-10-29,32,760267.0,621903.75,138363.25,138363.25,18.19929708904898
2025-10-29,13,524875.0,482757.25,42117.75,42117.75,8.024339128363895
2025-10-29,2,900163.0,633895.5,266267.5,266267.5,29.57992052550483
2025-10-29,6,519708.0,722835.2,-203127.1875,203127.1875,39.08486832990833
2025-10-29,10,450185.0,434556.9,15628.09375,15628.09375,3.4714825571709405
2025-10-29,31,539195.0,429942.7,109252.3125,109252.3125,20.26211528296813
2025-10-29,81,805776.0,591036.56,214739.4375,214739.4375,26.65001656787991
2025-10-29,42,746417.0,675217.0,71200.0,71200.0,9.538903856691366
2025-10-29,52,338815.0,437257.88,-98442.875,98442.875,29.055052167111846
2025-10-29,1,420075.0,489944.0,-69869.0,69869.0,16.63250610010117
2025-10-29,47,346908.0,433618.72,-86710.71875,86710.71875,24.995306752799014
2025-10-29,19,398776.0,633521.2,-234745.1875,234745.1875,58.86642814512408
2025-10-29,68,468227.0,701937.8,-233710.8125,233710.8125,49.91399737734048
2025-10-29,98,733867.0,669611.25,64255.75,64255.75,8.755775910348879
2025-10-29,84,507915.0,602898.5,-94983.5,94983.5,18.700668418928366
2025-10-29,45,435292.0,439103.3,-3811.3125,3811.3125,0.8755760500997032
2025-10-29,99,648400.0,494277.78,154122.21875,154122.21875,23.76962041178285
2025-10-29,85,501018.0,480968.97,20049.03125,20049.03125,4.0016588725355176
2025-10-29,12,756273.0,492528.5,263744.5,263744.5,34.87424514692446
2025-10-29,11,797902.0,664365.25,133536.75,133536.75,16.735983867693026
2025-10-29,76,852987.0,667044.75,185942.25,185942.25,21.798954732018192
2025-10-29,14,563403.0,664736.44,-101333.4375,101333.4375,17.985959872418146
2025-10-29,59,413443.0,448797.62,-35354.625,35354.625,8.551269461570277
2025-10-29,70,407380.0,502540.34,-95160.34375,95160.34375,23.359110351514556
2025-10-29,63,413792.0,481884.78,-68092.78125,68092.78125,16.455799350881602
2025-10-29,34,650197.0,632692.56,17504.4375,17504.4375,2.692174448667096
2025-10-29,3,383498.0,381591.75,1906.25,1906.25,0.4970690851060501
2025-10-29,8,230373.0,383469.62,-153096.625,153096.625,66.45597574368523
2025-10-29,74,517792.0,386946.2,130845.8125,130845.8125,25.269956372442987
2025-10-29,18,421101.0,392397.0,28704.0,28704.0,6.816416964101249
2025-10-29,29,375760.0,436318.06,-60558.0625,60558.0625,16.11615459335746
2025-10-29,90,552171.0,719350.06,-167179.0625,167179.0625,30.27668285730326
2025-10-29,53,595957.0,648229.5,-52272.5,52272.5,8.771186511778534
2025-10-29,80,554010.0,727607.0,-173597.0,173597.0,31.33463294886374
2025-10-29,57,601051.0,637336.25,-36285.25,36285.25,6.036966912957469
2025-10-29,78,435605.0,441496.78,-5891.78125,5891.78125,1.3525513366467325
2025-10-29,24,403550.0,476166.62,-72616.625,72616.625,17.99445545781192
2025-10-29,100,725549.0,642981.5,82567.5,82567.5,11.38000328027466
2025-10-29,86,921280.0,709352.1,211927.875,211927.875,23.003633531608198
2025-10-29,92,496035.0,433901.5,62133.5,62133.5,12.526031429233825
2025-10-29,69,308038.0,434460.34,-126422.34375,126422.34375,41.04115198449542
2025-10-29,72,477229.0,605647.06,-128418.0625,128418.0625,26.909107053427178
2025-10-29,66,595648.0,683559.2,-87911.1875,87911.1875,14.758915920140755
2025-10-29,88,268804.0,480147.9,-211343.90625,211343.90625,78.62379512581657
2025-10-29,41,837748.0,654086.1,183661.875,183661.875,21.923284209571374
2025-10-29,83,555369.0,642209.2,-86840.1875,86840.1875,15.636484481488882
2025-10-29,15,785063.0,713361.0,71702.0,71702.0,9.133279749523286
2025-10-29,51,661527.0,709614.56,-48087.5625,48087.5625,7.269176088050829
2025-10-29,94,725946.0,648688.0,77258.0,77258.0,10.64238937882432
2025-10-29,62,763580.0,660323.56,103256.4375,103256.4375,13.522674441446869
2025-10-29,5,426966.0,610824.06,-183858.0625,183858.0625,43.06152304867366
2025-10-29,61,539497.0,431289.0,108208.0,108208.0,20.057201430221113
2025-10-29,30,419974.0,443916.84,-23942.84375,23942.84375,5.7010300042383575
2025-10-29,44,564771.0,733776.0,-169005.0,169005.0,29.924518079009015
2025-10-29,22,971671.0,678838.5,292832.5,292832.5,30.13700110428324
2025-10-29,56,487593.0,492908.28,-5315.28125,5315.28125,1.0901061438535828
2025-10-29,73,711424.0,699499.75,11924.25,11924.25,1.6761101677761785
2025-10-29,48,588201.0,626403.2,-38202.1875,38202.1875,6.4947505189552555
2025-10-29,33,276379.0,407564.94,-131185.9375,131185.9375,47.46595707343901
2025-10-29,87,755107.0,737357.9,17749.125,17749.125,2.350544359938393
2025-10-29,21,486684.0,498062.8,-11378.8125,11378.8125,2.3380288852725792
2025-10-29,96,536483.0,645649.44,-109166.4375,109166.4375,20.348536207111874
2025-10-29,4,795680.0,749470.25,46209.75,46209.75,5.807579680273476
2025-10-29,25,503016.0,426169.66,76846.34375,76846.34375,15.277117179175214
2025-10-29,39,859190.0,717929.94,141260.0625,141260.0625,16.441073860263735
2025-10-29,17,332494.0,490701.84,-158207.84375,158207.84375,47.582165016511574
2025-10-29,46,495128.0,682216.9,-187088.875,187088.875,37.78596140795916
2025-10-29,36,406542.0,703104.25,-296562.25,296562.25,72.94750603873646
2025-10-29,65,718398.0,700593.25,17804.75,17804.75,2.478396376381894
2025-10-29,26,500079.0,432280.28,67798.71875,67798.71875,13.55760164893947
2025-10-29,23,440964.0,483969.2,-43005.1875,43005.1875,9.752539322937928
2025-10-29,89,351993.0,403723.97,-51730.96875,51730.96875,14.696590202077884
2025-10-30,100,610385.0,805356.2,-194971.1875,194971.1875,31.942329431424426
2025-10-30,8,418629.0,436580.25,-17951.25,17951.25,4.288104741907512
2025-10-30,85,516717.0,587496.1,-70779.125,70779.125,13.69785104805919
2025-10-30,52,454263.0,507871.53,-53608.53125,53608.53125,11.801210146985337
2025-10-30,95,350889.0,457858.53,-106969.53125,106969.53125,30.485290576222113
2025-10-30,41,750444.0,828359.3,-77915.3125,77915.3125,10.38256185671416
2025-10-30,29,405155.0,489377.72,-84222.71875,84222.71875,20.787777208722588
2025-10-30,33,363436.0,468063.84,-104627.84375,104627.84375,28.78851950549753
2025-10-30,86,641332.0,883278.44,-241946.4375,241946.4375,37.72561442435431
2025-10-30,97,636477.0,751821.44,-115344.4375,115344.4375,18.122326101335947
2025-10-30,30,341109.0,483053.75,-141944.75,141944.75,41.612724964747336
2025-10-30,40,392654.0,442067.34,-49413.34375,49413.34375,12.584449349809246
2025-10-30,63,497331.0,574483.4,-77152.375,77152.375,15.513284914875605
2025-10-30,62,911060.0,838071.06,72988.9375,72988.9375,8.011430366825456
2025-10-30,51,902965.0,860063.6,42901.375,42901.375,4.751166988753717
2025-10-30,88,479232.0,602718.4,-123486.375,123486.375,25.76755621494391
2025-10-30,20,398164.0,600451.75,-202287.75,202287.75,50.805133060748844
2025-10-30,69,454182.0,514469.1,-60287.09375,60287.09375,13.273774334958233
2025-10-30,93,366788.0,614965.7,-248177.6875,248177.6875,67.66243374919571
2025-10-30,73,602516.0,813149.0,-210633.0,210633.0,34.95890565561744
2025-10-30,4,835417.0,841303.5,-5886.5,5886.5,0.7046181727209286
2025-10-30,17,597932.0,588906.0,9026.0,9026.0,1.5095362014409666
2025-10-30,75,626428.0,801587.25,-175159.25,175159.25,27.961593351510466
2025-10-30,92,417539.0,481438.66,-63899.65625,63899.65625,15.30387730247953
2025-10-30,12,492871.0,573135.1,-80264.125,80264.125,16.285016769093737
2025-10-30,59,489013.0,507348.38,-18335.375,18335.375,3.7494657606239503
2025-10-30,71,373259.0,451328.38,-78069.375,78069.375,20.915604178331936
2025-10-30,19,680923.0,786058.3,-105135.3125,105135.3125,15.44011767850403
2025-10-30,67,474586.0,583969.1,-109383.125,109383.125,23.0481145672228
2025-10-30,42,671352.0,801834.25,-130482.25,130482.25,19.435743097510695
2025-10-30,82,540173.0,526153.4,14019.625,14019.625,2.5953953640778047
2025-10-30,28,278134.0,444725.9,-166591.90625,166591.90625,59.89627526659811
2025-10-30,2,643183.0,793882.4,-150699.375,150699.375,23.430248467387976
2025-10-30,11,874428.0,851712.56,22715.4375,22715.4375,2.5977481850992876
2025-10-30,78,415430.0,512076.53,-96646.53125,96646.53125,23.26421569217437
2025-10-30,53,633900.0,758146.3,-124246.3125,124246.3125,19.600301703738758
2025-10-30,77,642097.0,730853.44,-88756.4375,88756.4375,13.822901757834098
2025-10-30,50,352464.0,444334.47,-91870.46875,91870.46875,26.065206304757364
2025-10-30,3,392782.0,449099.88,-56317.875,56317.875,14.338201597832894
2025-10-30,84,504281.0,699033.2,-194752.1875,194752.1875,38.619774986565034
2025-10-30,21,582993.0,602972.2,-19979.1875,19979.1875,3.4270029828831565
2025-10-30,94,702106.0,849376.4,-147270.375,147270.375,20.975518653878474
2025-10-30,87,654267.0,865111.56,-210844.5625,210844.5625,32.22607322392846
2025-10-30,26,448710.0,485288.56,-36578.5625,36578.5625,8.151938334336208
2025-10-30,39,653446.0,889616.0,-236170.0,236170.0,36.14223669591672
2025-10-30,89,397211.0,446829.88,-49618.875,49618.875,12.491817950660984
2025-10-30,23,610829.0,581698.56,29130.4375,29130.4375,4.769000407642729
2025-10-30,56,643564.0,589770.6,53793.375,53793.375,8.35866751403124
2025-10-30,10,593899.0,490998.56,102900.4375,102900.4375,17.326252022650316
2025-10-30,48,519121.0,729704.6,-210583.625,210583.625,40.56542212701856
2025-10-30,66,636726.0,831700.8,-194974.8125,194974.8125,30.621462371569564
2025-10-30,83,580117.0,786598.06,-206481.0625,206481.0625,35.59300322176389
2025-10-30,65,820524.0,888487.8,-67963.8125,67963.8125,8.282976792878697
2025-10-30,15,1030470.0,876094.9,154375.125,154375.125,14.98104020495502
2025-10-30,61,476146.0,487712.5,-11566.5,11566.5,2.4291918865222013
2025-10-30,22,686172.0,870877.9,-184705.875,184705.875,26.91830546859971
2025-10-30,44,695007.0,871789.75,-176782.75,176782.75,25.436110715431642
2025-10-30,7,345350.0,440029.56,-94679.5625,94679.5625,27.415538584045173
2025-10-30,55,762482.0,888850.25,-126368.25,126368.25,16.573276483903882
2025-10-30,58,727772.0,798965.2,-71193.1875,71193.1875,9.782347699554256
2025-10-30,49,422716.0,510692.06,-87976.0625,87976.0625,20.812096655910825
2025-10-30,64,452725.0,873313.9,-420588.875,420588.875,92.90162350212601
2025-10-30,16,401749.0,867544.6,-465795.625,465795.625,115.94195007330448
2025-10-30,5,734386.0,760788.7,-26402.6875,26402.6875,3.5952057228759804
2025-10-30,99,585516.0,561287.44,24228.5625,24228.5625,4.137984700674277
2025-10-30,13,492385.0,581262.56,-88877.5625,88877.5625,18.050420402733632
2025-10-30,47,360459.0,497350.03,-136891.03125,136891.03125,37.976865954241674
2025-10-30,72,520994.0,750252.8,-229258.8125,229258.8125,44.00411760979973
2025-10-30,46,940248.0,818907.25,121340.75,121340.75,12.90518565314683
2025-10-30,25,527362.0,496838.84,30523.15625,30523.15625,5.787894510791449
2025-10-30,98,852876.0,860910.6,-8034.625,8034.625,0.942062503810636
2025-10-30,68,657115.0,768487.1,-111372.125,111372.125,16.948650540620743
2025-10-30,24,534935.0,592394.75,-57459.75,57459.75,10.74144522231673
2025-10-30,76,793930.0,864419.8,-70489.8125,70489.8125,8.878592886022698
2025-10-30,36,914300.0,850239.25,64060.75,64060.75,7.006535054139778
2025-10-30,14,675938.0,816692.56,-140754.5625,140754.5625,20.823590699146962
2025-10-30,45,619344.0,503539.16,115804.84375,115804.84375,18.69798427852696
2025-10-30,96,563166.0,705732.44,-142566.4375,142566.4375,25.315171281646975
2025-10-30,70,621442.0,585662.3,35779.6875,35779.6875,5.757526446554948
2025-10-30,34,710540.0,717722.4,-7182.375,7182.375,1.010833309876995
2025-10-30,74,406499.0,455738.06,-49239.0625,49239.0625,12.11296030248537
2025-10-30,90,681028.0,841681.44,-160653.4375,160653.4375,23.589843222305102
2025-10-30,80,837823.0,857795.6,-19972.625,19972.625,2.3838716530818562
2025-10-30,57,807860.0,825413.75,-17553.75,17553.75,2.1728702993092863
2025-10-30,1,370097.0,606820.9,-236723.875,236723.875,63.962657087196064
2025-10-30,6,702150.0,817336.06,-115186.0625,115186.0625,16.40476571957559
2025-10-30,31,482434.0,490608.8,-8174.8125,8174.8125,1.6944934436627601
2025-10-30,81,620988.0,765762.75,-144774.75,144774.75,23.313614755840693
2025-10-30,91,774081.0,847095.7,-73014.6875,73014.6875,9.432435042327612
2025-10-30,27,473991.0,435689.06,38301.9375,38301.9375,8.080730963246138
2025-10-30,18,521262.0,458514.2,62747.8125,62747.8125,12.037672514014066
2025-10-30,32,805036.0,794572.56,10463.4375,10463.4375,1.2997477752547713
2025-10-30,79,446746.0,600562.8,-153816.8125,153816.8125,34.4304845482668
2025-10-30,60,701034.0,574056.1,126977.875,126977.875,18.112941027111383
2025-10-30,43,358910.0,510964.28,-152054.28125,152054.28125,42.36557389039035
2025-10-30,37,773025.0,875773.44,-102748.4375,102748.4375,13.291735390187897
2025-10-30,35,669074.0,818714.7,-149640.6875,149640.6875,22.365341875487616
2025-10-30,38,685817.0,945066.56,-259249.5625,259249.5625,37.801565505083715
2025-10-30,54,628011.0,770323.25,-142312.25,142312.25,22.66078938107772
2025-10-30,9,373907.0,784114.8,-410207.8125,410207.8125,109.70851374807104
2025-10-31,1,885506.0,723408.3,162097.6875,162097.6875,18.305656596341528
2025-10-31,10,765562.0,632409.44,133152.5625,133152.5625,17.392786279883275
2025-10-31,14,813493.0,988775.94,-175282.9375,175282.9375,21.546950926436985
2025-10-31,36,799796.0,1025580.2,-225784.1875,225784.1875,28.230222144146754
2025-10-31,95,573845.0,559466.0,14379.0,14379.0,2.5057288989186977
2025-10-31,50,579557.0,531586.3,47970.6875,47970.6875,8.277130204621805
2025-10-31,73,929440.0,1015714.06,-86274.0625,86274.0625,9.282370298244103
2025-10-31,43,861763.0,623296.3,238466.6875,238466.6875,27.671957081007193
2025-10-31,7,687111.0,517624.2,169486.8125,169486.8125,24.66658407447996
2025-10-31,8,890485.0,532181.0,358304.0,358304.0,40.23694952750467
2025-10-31,48,898095.0,954968.75,-56873.75,56873.75,6.332709791280433
2025-10-31,45,805105.0,650391.2,154713.8125,154713.8125,19.216600629731527
2025-10-31,42,1029520.0,963140.44,66379.5625,66379.5625,6.44762243569819
2025-10-31,35,851102.0,974844.4,-123742.375,123742.375,14.539076984897228
2025-10-31,66,1114364.0,1055924.4,58439.625,58439.625,5.244213291168774
2025-10-31,76,890780.0,1074963.4,-184183.375,184183.375,20.67664013561149
2025-10-31,29,347259.0,624455.7,-277196.6875,277196.6875,79.82419102168699
2025-10-31,81,1054654.0,943330.4,111323.625,111323.625,10.555464161706114
2025-10-31,90,804531.0,1054025.6,-249494.625,249494.625,31.011188506098584
2025-10-31,32,1224214.0,1008058.25,216155.75,216155.75,17.656696459932657
2025-10-31,83,1256897.0,1020234.5,236662.5,236662.5,18.829108510880367
2025-10-31,69,1133167.0,651118.6,482048.375,482048.375,42.5399235064205
2025-10-31,23,718325.0,747042.4,-28717.375,28717.375,3.997824800751749
2025-10-31,31,483725.0,631891.44,-148166.4375,148166.4375,30.63030389167399
2025-10-31,4,977394.0,988771.6,-11377.625,11377.625,1.1640776391097143
2025-10-31,13,881565.0,692829.6,188735.375,188735.375,21.40912751753983
2025-10-31,37,646197.0,1052492.5,-406295.5,406295.5,62.87486633333178
2025-10-31,99,784764.0,697546.44,87217.5625,87217.5625,11.113858752440224
2025-10-31,34,758395.0,913367.6,-154972.625,154972.625,20.43428886002677
2025-10-31,63,668562.0,726534.94,-57972.9375,57972.9375,8.671288152781642
2025-10-31,3,932495.0,540420.94,392074.0625,392074.0625,42.045701317433334
2025-10-31,96,1240013.0,900312.2,339700.8125,339700.8125,27.394939609504092
2025-10-31,97,664192.0,1006224.56,-342032.5625,342032.5625,51.49603766681923
2025-10-31,12,1082995.0,740604.7,342390.3125,342390.3125,31.615133264696517
2025-10-31,92,507741.0,595782.4,-88041.375,88041.375,17.339819908181532
2025-10-31,47,703829.0,633021.06,70807.9375,70807.9375,10.060389313313319
2025-10-31,65,902682.0,1053143.4,-150461.375,150461.375,16.668259143308497
2025-10-31,26,587073.0,660375.06,-73302.0625,73302.0625,12.486021755386469
2025-10-31,70,885050.0,730485.75,154564.25,154564.25,17.463900344613297
2025-10-31,59,358646.0,639153.6,-280507.625,280507.625,78.21295232624928
2025-10-31,17,817306.0,712162.94,105143.0625,105143.0625,12.864589578444305
2025-10-31,39,1304054.0,1079697.6,224356.375,224356.375,17.20453102402201
2025-10-31,21,563806.0,739568.0,-175762.0,175762.0,31.174198217117233
2025-10-31,87,957843.0,1040810.1,-82967.125,82967.125,8.661870995559815
2025-10-31,19,830664.0,972465.0,-141801.0,141801.0,17.070801190373004
2025-10-31,89,585019.0,565360.25,19658.75,19658.75,3.3603609455419394
2025-10-31,9,855817.0,980039.0,-124222.0,124222.0,14.515018981861777
2025-10-31,60,963284.0,714438.56,248845.4375,248845.4375,25.83302925201706
2025-10-31,88,884269.0,735170.9,149098.125,149098.125,16.86117290100637
2025-10-31,51,1151562.0,979574.1,171987.875,171987.875,14.935181518667687
2025-10-31,74,665559.0,566756.94,98802.0625,98802.0625,14.844974299799116
2025-10-31,46,1059474.0,1023801.3,35672.6875,35672.6875,3.3670186809681026
2025-10-31,38,1484510.0,1041650.06,442859.9375,442859.9375,29.832061589345983
2025-10-31,58,936871.0,929865.0,7006.0,7006.0,0.7478083962466551
2025-10-31,56,472432.0,730854.6,-258422.625,258422.625,54.700491287635046
2025-10-31,2,1184610.0,962815.8,221794.1875,221794.1875,18.722971062206124
2025-10-31,93,772694.0,747335.3,25358.6875,25358.6875,3.281853812764173
2025-10-31,33,423818.0,552508.44,-128690.4375,128690.4375,30.364552119069977
2025-10-31,64,1275873.0,1052639.1,223233.875,223233.875,17.496559218668313
2025-10-31,53,801441.0,934841.75,-133400.75,133400.75,16.64511174247387
2025-10-31,16,1177986.0,997003.06,180982.9375,180982.9375,15.363759628722242
2025-10-31,75,1177256.0,923590.6,253665.375,253665.375,21.54717198298416
2025-10-31,100,799634.0,1015197.1,-215563.125,215563.125,26.95772378363101
2025-10-31,78,449467.0,632145.94,-182678.9375,182678.9375,40.64345936409124
2025-10-31,54,974138.0,871500.9,102637.125,102637.125,10.536199696552234
2025-10-31,30,451794.0,622720.06,-170926.0625,170926.0625,37.83274290937905
2025-10-31,18,757886.0,562335.9,195550.125,195550.125,25.80205004446579
2025-10-31,11,1102737.0,1020953.75,81783.25,81783.25,7.41638758833702
2025-10-31,41,1135831.0,986459.44,149371.5625,149371.5625,13.15086157183595
2025-10-31,71,654922.0,537281.2,117640.8125,117640.8125,17.962568443265
2025-10-31,94,970624.0,915951.4,54672.625,54672.625,5.632729563662139
2025-10-31,91,605171.0,985832.4,-380661.375,380661.375,62.901456778332076
2025-10-31,72,1105831.0,898243.56,207587.4375,207587.4375,18.77207615811096
2025-10-31,57,1001320.0,932966.8,68353.1875,68353.1875,6.8263080234091
2025-10-31,67,534194.0,735381.8,-201187.8125,201187.8125,37.66193789147763
2025-10-31,86,1300029.0,1018337.1,281691.875,281691.875,21.66812240342331
2025-10-31,49,616168.0,623488.3,-7320.3125,7320.3125,1.1880384083561626
2025-10-31,20,759031.0,748693.3,10337.6875,10337.6875,1.3619585366078593
2025-10-31,27,705800.0,524753.9,181046.125,181046.125,25.651193680929442
2025-10-31,28,715955.0,549698.25,166256.75,166256.75,23.22167594332046
2025-10-31,61,687248.0,610935.7,76312.3125,76312.3125,11.104042863711499
2025-10-31,84,719454.0,876956.7,-157502.6875,157502.6875,21.89197467801972
2025-10-31,68,1222573.0,1008528.6,214044.375,214044.375,17.507696881903982
2025-10-31,22,1374136.0,972056.6,402079.375,402079.375,29.260522612026758
2025-10-31,77,897067.0,973139.5,-76072.5,76072.5,8.480135820401374
2025-10-31,52,323893.0,641948.1,-318055.125,318055.125,98.19759148854715
2025-10-31,62,1450510.0,994053.5,456456.5,456456.5,31.46869032271408
2025-10-31,44,860251.0,1020345.25,-160094.25,160094.25,18.61017888964965
2025-10-31,98,1270105.0,1072327.6,197777.375,197777.375,15.571734226697792
2025-10-31,80,891508.0,1054998.5,-163490.5,163490.5,18.338646428299015
2025-10-31,25,523327.0,604486.4,-81159.375,81159.375,15.508348508676221
2025-10-31,82,674121.0,671153.9,2967.125,2967.125,0.4401472435957343
2025-10-31,55,1100409.0,1082676.5,17732.5,17732.5,1.6114462895159891
2025-10-31,85,929623.0,721751.9,207871.125,207871.125,22.3607984096779
2025-10-31,40,616961.0,556280.4,60680.625,60680.625,9.835406938201928
2025-10-31,6,959122.0,1101950.5,-142828.5,142828.5,14.89158834851041
2025-10-31,24,810251.0,697564.94,112686.0625,112686.0625,13.907549944399944
2025-10-31,15,1151584.0,1014653.44,136930.5625,136930.5625,11.890627388015117
2025-10-31,79,771790.0,745659.2,26130.8125,26130.8125,3.385741263815287
2025-10-31,5,810282.0,951484.5,-141202.5,141202.5,17.426340459247523
2025-11-01,90,861005.0,1203940.6,-342935.625,342935.625,39.82969030377292
2025-11-01,63,880492.0,737118.9,143373.125,143373.125,16.283296725012832
2025-11-01,95,738343.0,635600.75,102742.25,102742.25,13.915246707830914
2025-11-01,43,678896.0,669914.25,8981.75,8981.75,1.322993507105654
2025-11-01,3,610206.0,604926.0,5280.0,5280.0,0.8652815606532875
2025-11-01,80,1117220.0,1132085.1,-14865.125,14865.125,1.3305459085945472
2025-11-01,53,710670.0,945962.3,-235292.3125,235292.3125,33.10851907355031
2025-11-01,27,457739.0,640619.25,-182880.25,182880.25,39.952953539025515
2025-11-01,34,642354.0,1010101.8,-367747.8125,367747.8125,57.25002296241636
2025-11-01,72,937315.0,948787.25,-11472.25,11472.25,1.2239481924433087
2025-11-01,41,1066293.0,1112384.5,-46091.5,46091.5,4.32259238314422
2025-11-01,18,582093.0,612916.2,-30823.1875,30823.1875,5.295234180792416
2025-11-01,86,1242048.0,1063562.9,178485.125,178485.125,14.370227640155614
2025-11-01,2,1012894.0,890178.4,122715.625,122715.625,12.115347213035125
2025-11-01,33,616743.0,588908.56,27834.4375,27834.4375,4.5131339147748735
2025-11-01,85,388728.0,742484.3,-353756.3125,353756.3125,91.00355840073264
2025-11-01,94,1235533.0,913599.75,321933.25,321933.25,26.056224317764077
2025-11-01,46,952387.0,1072771.4,-120384.375,120384.375,12.640279109227656
2025-11-01,98,1071055.0,1095777.6,-24722.625,24722.625,2.3082498097670054
2025-11-01,38,1287980.0,1087653.2,200326.75,200326.75,15.553560614295254
2025-11-01,25,490148.0,654673.5,-164525.5,164525.5,33.566494201751304
2025-11-01,74,897549.0,612692.25,284856.75,284856.75,31.737180922712856
2025-11-01,52,602313.0,675130.75,-72817.75,72817.75,12.089685927416475
2025-11-01,24,863352.0,716795.9,146556.125,146556.125,16.975245902019108
2025-11-01,32,1187306.0,937184.9,250121.125,250121.125,21.06627314272816
2025-11-01,14,1075348.0,1055007.8,20340.25,20340.25,1.8915039596484113
2025-11-01,29,504202.0,676208.7,-172006.6875,172006.6875,34.114638081562546
2025-11-01,76,1153885.0,1170344.8,-16459.75,16459.75,1.4264636423907062
2025-11-01,7,523206.0,615427.2,-92221.1875,92221.1875,17.626171622649586
2025-11-01,45,423803.0,675298.2,-251495.1875,251495.1875,59.34247456955236
2025-11-01,8,629202.0,595818.75,33383.25,33383.25,5.305649060238206
2025-11-01,97,753132.0,1046401.7,-293269.6875,293269.6875,38.9400115119262
2025-11-01,36,878180.0,1005055.2,-126875.1875,126875.1875,14.447515031087022
2025-11-01,70,750536.0,731961.0,18575.0,18575.0,2.4748979396058286
2025-11-01,59,476969.0,717164.8,-240195.8125,240195.8125,50.358789040797205
2025-11-01,68,1232153.0,1068631.4,163521.625,163521.625,13.271211042784458
2025-11-01,57,975562.0,1009208.2,-33646.1875,33646.1875,3.448903042553933
2025-11-01,21,749278.0,751675.25,-2397.25,2397.25,0.3199413301871935
2025-11-01,1,926612.0,756126.06,170485.9375,170485.9375,18.398848439260444
2025-11-01,44,663890.0,991594.94,-327704.9375,327704.9375,49.36133056681077
2025-11-01,28,427756.0,601014.56,-173258.5625,173258.5625,40.50406364843509
2025-11-01,22,1297233.0,1219566.6,77666.375,77666.375,5.9870798075596285
2025-11-01,61,565779.0,661581.3,-95802.3125,95802.3125,16.932815198160412
2025-11-01,62,881045.0,974591.56,-93546.5625,93546.5625,10.617682694981527
2025-11-01,5,910357.0,952606.56,-42249.5625,42249.5625,4.64098837049641
2025-11-01,79,605580.0,717283.75,-111703.75,111703.75,18.44574622675782
2025-11-01,15,1141195.0,1094852.9,46342.125,46342.125,4.060841924473907
2025-11-01,83,1247563.0,1021288.5,226274.5,226274.5,18.137320520085957
2025-11-01,51,963025.0,1077683.4,-114658.375,114658.375,11.906064224708599
2025-11-01,48,1174221.0,977093.06,197127.9375,197127.9375,16.78797581545552
2025-11-01,60,938825.0,719109.9,219715.125,219715.125,23.403203472425638
2025-11-01,10,507202.0,706984.2,-199782.1875,199782.1875,39.389077231556655
2025-11-01,9,1374448.0,968238.7,406209.3125,406209.3125,29.554360186780436
2025-11-01,88,945729.0,730796.7,214932.3125,214932.3125,22.726628082674846
2025-11-01,6,955656.0,1111305.8,-155649.75,155649.75,16.287215274115372
2025-11-01,55,1586720.0,1031357.1,555362.875,555362.875,35.00068537612181
2025-11-01,40,778372.0,615390.4,162981.625,162981.625,20.938783126833957
2025-11-01,67,713647.0,739839.0,-26192.0,26192.0,3.67016185873408
2025-11-01,91,1451610.0,962367.7,489242.3125,489242.3125,33.70342671240898
2025-11-01,71,1018274.0,605840.75,412433.25,412433.25,40.503170070138296
2025-11-01,30,581903.0,670351.75,-88448.75,88448.75,15.199913043926566
2025-11-01,35,855900.0,1020009.4,-164109.375,164109.375,19.173895899053626
2025-11-01,16,868129.0,985513.7,-117384.6875,117384.6875,13.52157196683903
2025-11-01,82,794393.0,704565.6,89827.375,89827.375,11.307674538924688
2025-11-01,75,918249.0,955260.9,-37011.875,37011.875,4.030701367494002
2025-11-01,93,671846.0,752598.2,-80752.1875,80752.1875,12.01944902552073
2025-11-01,64,1434255.0,1102005.8,332249.25,332249.25,23.165284415951138
2025-11-01,58,873090.0,900043.3,-26953.3125,26953.3125,3.087117307494073
2025-11-01,96,862642.0,952339.44,-89697.4375,89697.4375,10.397990997424191
2025-11-01,49,639015.0,672431.44,-33416.4375,33416.4375,5.229366681533297
2025-11-01,20,916434.0,709207.94,207226.0625,207226.0625,22.6122189377522
2025-11-01,77,1172589.0,964964.25,207624.75,207624.75,17.706523769197904
2025-11-01,50,413619.0,594415.3,-180796.3125,180796.3125,43.71083352070384
2025-11-01,66,955073.0,1022927.75,-67854.75,67854.75,7.1046663448762555
2025-11-01,69,639781.0,668800.94,-29019.9375,29019.9375,4.535917368599568
2025-11-01,100,922196.0,1183842.9,-261646.875,261646.875,28.372154617890338
2025-11-01,73,1496563.0,1052972.6,443590.375,443590.375,29.640608180210254
2025-11-01,31,993578.0,692035.94,301542.0625,301542.0625,30.34910822300816
2025-11-01,19,1026713.0,1031841.4,-5128.375,5128.375,0.49949450333247947
2025-11-01,47,750504.0,653117.56,97386.4375,97386.4375,12.976138368349801
2025-11-01,12,706708.0,799076.1,-92368.125,92368.125,13.070196601708203
2025-11-01,99,521689.0,725076.2,-203387.1875,203387.1875,38.98629020355039
2025-11-01,81,909475.0,1069095.8,-159620.75,159620.75,17.55086725858325
2025-11-01,37,839664.0,1027836.3,-188172.3125,188172.3125,22.41042994578784
2025-11-01,84,1031625.0,823335.2,208289.8125,208289.8125,20.190458015267176
2025-11-01,54,1104231.0,902021.9,202209.125,202209.125,18.31221229978148
2025-11-01,78,711122.0,691268.3,19853.6875,19853.6875,2.791882053993548
2025-11-01,56,1005505.0,752264.44,253240.5625,253240.5625,25.185410564840556
2025-11-01,11,785945.0,956169.56,-170224.5625,170224.5625,21.658584570167125
2025-11-01,42,1291222.0,981304.7,309917.3125,309917.3125,24.001861221385635
2025-11-01,92,710788.0,662577.56,48210.4375,48210.4375,6.782674651232154
2025-11-01,13,541743.0,758076.5,-216333.5,216333.5,39.93286484550793
2025-11-01,23,789570.0,736534.44,53035.5625,53035.5625,6.717018440416936
2025-11-01,4,934426.0,1006689.1,-72263.125,72263.125,7.733424048560293
2025-11-01,39,1347900.0,991859.3,356040.6875,356040.6875,26.414473440166187
2025-11-01,65,1248288.0,1071394.4,176893.625,176893.625,14.170898462534288
2025-11-01,26,628648.0,682620.3,-53972.3125,53972.3125,8.585458396431706
2025-11-01,89,634675.0,611361.25,23313.75,23313.75,3.6733367471540554
2025-11-01,17,714478.0,722205.7,-7727.6875,7727.6875,1.0815850872945003
2025-11-01,87,1221259.0,1084573.8,136685.25,136685.25,11.192159075183888
2025-11-02,32,891062.0,708545.7,182516.3125,182516.3125,20.483009319216844
2025-11-02,84,826149.0,655062.4,171086.625,171086.625,20.70893083451048
2025-11-02,33,331018.0,486319.25,-155301.25,155301.25,46.91625530937895
2025-11-02,2,1031706.0,775395.94,256310.0625,256310.0625,24.843323824810557
2025-11-02,30,533049.0,565066.2,-32017.1875,32017.1875,6.006424831488287
2025-11-02,86,1003622.0,854072.7,149549.3125,149549.3125,14.900959972977873
2025-11-02,71,596245.0,500615.0,95630.0,95630.0,16.038708919990942
2025-11-02,69,376163.0,516849.12,-140686.125,140686.125,37.40030917448021
2025-11-02,36,785632.0,807162.0,-21530.0,21530.0,2.7404688200073317
2025-11-02,70,426148.0,616279.8,-190131.8125,190131.8125,44.6163803420408
2025-11-02,35,828879.0,835314.7,-6435.6875,6435.6875,0.7764326880039186
2025-11-02,1,875714.0,613720.0,261994.0,261994.0,29.917758537604744
2025-11-02,34,755040.0,900859.44,-145819.4375,145819.4375,19.312809586247088
2025-11-02,85,518331.0,601936.5,-83605.5,83605.5,16.129751066403514
2025-11-02,87,655663.0,974665.6,-319002.625,319002.625,48.65344315601155
2025-11-02,83,802085.0,835103.2,-33018.1875,33018.1875,4.116544692894145
2025-11-02,40,572525.0,513105.5,59419.5,59419.5,10.37849875551286
2025-11-02,68,941382.0,827056.6,114325.375,114325.375,12.144419056238593
2025-11-02,38,756192.0,998325.75,-242133.75,242133.75,32.02014171004189
2025-11-02,39,792198.0,860926.5,-68728.5,68728.5,8.675671991093136
2025-11-02,99,812652.0,602846.2,209805.8125,209805.8125,25.817424001909796
2025-11-02,37,650887.0,872131.75,-221244.75,221244.75,33.99126883775524
2025-11-02,31,359937.0,560645.3,-200708.3125,200708.3125,55.76206738957096
2025-11-02,47,502084.0,558997.7,-56913.6875,56913.6875,11.335491172791803
2025-11-02,24,637576.0,594954.2,42621.8125,42621.8125,6.684977555616898
2025-11-02,19,634012.0,851606.8,-217594.8125,217594.8125,34.32029874828867
2025-11-02,81,972024.0,826336.9,145687.125,145687.125,14.988017271178489
2025-11-02,80,1482550.0,939865.44,542684.5625,542684.5625,36.60480675188021
2025-11-02,13,650936.0,601813.4,49122.625,49122.625,7.546460020647191
2025-11-02,82,623135.0,603492.7,19642.3125,19642.3125,3.1521760934628933
2025-11-02,92,667693.0,533261.9,134431.125,134431.125,20.133672960477345
2025-11-02,74,516398.0,525229.8,-8831.8125,8831.8125,1.710272406167336
2025-11-02,90,1074434.0,978223.9,96210.125,96210.125,8.954493714830319
2025-11-02,10,981122.0,570991.56,410130.4375,410130.4375,41.802185406096285
2025-11-02,54,707097.0,849346.06,-142249.0625,142249.0625,20.117333619008424
2025-11-02,26,498773.0,591783.25,-93010.25,93010.25,18.647811729985385
2025-11-02,58,1074073.0,837402.0,236671.0,236671.0,22.034908241804793
2025-11-02,56,851196.0,611389.3,239806.6875,239806.6875,28.172910528244966
2025-11-02,4,848097.0,963459.3,-115362.3125,115362.3125,13.60249034013798
2025-11-02,72,769355.0,806184.4,-36829.375,36829.375,4.787045642128796
2025-11-02,51,535429.0,859896.9,-324467.875,324467.875,60.59960797790184
2025-11-02,77,766492.0,822820.44,-56328.4375,56328.4375,7.348861762418917
2025-11-02,55,1296726.0,957531.06,339194.9375,339194.9375,26.157795671560528
2025-11-02,93,773352.0,597379.56,175972.4375,175972.4375,22.75450732654729
2025-11-02,62,918628.0,840624.1,78003.875,78003.875,8.4913452453006
2025-11-02,53,809563.0,852329.1,-42766.125,42766.125,5.282618523820877
2025-11-02,28,412456.0,519092.97,-106636.96875,106636.96875,25.854144139011193
2025-11-02,8,328275.0,528407.1,-200132.125,200132.125,60.96477800624477
2025-11-02,18,536509.0,507764.0,28745.0,28745.0,5.357785237526304
2025-11-02,76,590691.0,938745.6,-348054.625,348054.625,58.923299153025866
2025-11-02,94,684597.0,942332.06,-257735.0625,257735.0625,37.64770551141767
2025-11-02,43,428550.0,587943.94,-159393.9375,159393.9375,37.193778438921946
2025-11-02,46,587892.0,947585.2,-359693.1875,359693.1875,61.183548593959436
2025-11-02,17,669119.0,591205.75,77913.25,77913.25,11.644154477753583
2025-11-02,98,843983.0,825852.9,18130.125,18130.125,2.1481623445022
2025-11-02,14,1354027.0,865494.44,488532.5625,488532.5625,36.07997200203541
2025-11-02,67,407892.0,605946.75,-198054.75,198054.75,48.55568385749169
2025-11-02,52,324252.0,538004.25,-213752.25,213752.25,65.9216442766737
2025-11-02,63,709564.0,594905.56,114658.4375,114658.4375,16.15899869497325
2025-11-02,57,721938.0,792895.94,-70957.9375,70957.9375,9.828813208336449
2025-11-02,45,564489.0,551835.25,12653.75,12653.75,2.2416291548639564
2025-11-02,78,693797.0,559468.3,134328.6875,134328.6875,19.36138200366966
2025-11-02,20,771406.0,629380.6,142025.375,142025.375,18.411235458370818
2025-11-02,60,307112.0,615786.06,-308674.0625,308674.0625,100.50862958790279
2025-11-02,73,1028121.0,925660.94,102460.0625,102460.0625,9.965759137299987
2025-11-02,41,1175174.0,866344.6,308829.375,308829.375,26.279459467278887
2025-11-02,9,732653.0,833185.8,-100532.8125,100532.8125,13.721749928001387
2025-11-02,6,853946.0,890432.5,-36486.5,36486.5,4.272694057938089
2025-11-02,66,750651.0,941548.94,-190897.9375,190897.9375,25.43098423901387
2025-11-02,48,1108045.0,799591.44,308453.5625,308453.5625,27.837638588685476
2025-11-02,3,530405.0,506155.0,24250.0,24250.0,4.571978016798484
2025-11-02,29,435806.0,538862.1,-103056.125,103056.125,23.64724785799186
2025-11-02,61,542776.0,561476.6,-18700.625,18700.625,3.445366965377983
2025-11-02,5,802472.0,803911.06,-1439.0625,1439.0625,0.17932868685760997
2025-11-02,7,351078.0,537005.56,-185927.5625,185927.5625,52.95904684998776
2025-11-02,59,470483.0,576718.94,-106235.9375,106235.9375,22.58018621289186
2025-11-02,79,710743.0,599717.6,111025.375,111025.375,15.621029683021852
2025-11-02,16,1026974.0,894282.9,132691.125,132691.125,12.920592439535957
2025-11-02,91,793754.0,933475.2,-139721.1875,139721.1875,17.60258058542067
2025-11-02,64,864227.0,954145.0,-89918.0,89918.0,10.40444235137296
2025-11-02,22,846795.0,963105.0,-116310.0,116310.0,13.735319646431545
2025-11-02,49,400317.0,577624.75,-177307.75,177307.75,44.29183621979581
2025-11-02,96,460026.0,769634.6,-309608.625,309608.625,67.30241877633003
2025-11-02,23,619513.0,614300.4,5212.625,5212.625,0.8414068792745268
2025-11-02,89,716592.0,501399.44,215192.5625,215192.5625,30.029997892803717
2025-11-02,42,966743.0,896401.9,70341.125,70341.125,7.276093542958159
2025-11-02,25,478693.0,550892.9,-72199.875,72199.875,15.082709586311061
2025-11-02,44,1165695.0,931555.6,234139.375,234139.375,20.085817902624616
2025-11-02,11,644808.0,938603.0,-293795.0,293795.0,45.56317539484622
2025-11-02,21,489296.0,644059.8,-154763.8125,154763.8125,31.629895298551386
2025-11-02,50,436321.0,496278.75,-59957.75,59957.75,13.741660383066595
2025-11-02,12,939264.0,624988.06,314275.9375,314275.9375,33.45980869063437
2025-11-02,27,473921.0,496084.66,-22163.65625,22163.65625,4.676656288706345
2025-11-02,97,1151685.0,849762.25,301922.75,301922.75,26.215740415130874
2025-11-02,65,773767.0,931341.5,-157574.5,157574.5,20.364592958862293
2025-11-02,15,923880.0,838880.7,84999.3125,84999.3125,9.200254632636273
2025-11-02,75,775080.0,825325.06,-50245.0625,50245.0625,6.4825647029984
2025-11-02,95,461179.0,554245.7,-93066.6875,93066.6875,20.18016594424291
2025-11-02,88,544112.0,630690.25,-86578.25,86578.25,15.911843517511102
2025-11-02,100,1011115.0,914405.1,96709.875,96709.875,9.564676124872047
2025-11-03,96,792585.0,767689.44,24895.5625,24895.5625,3.14105900313531
2025-11-03,26,440246.0,548382.3,-108136.3125,108136.3125,24.562701875769456
2025-11-03,37,985600.0,904861.4,80738.625,80738.625,8.191824776785714
2025-11-03,83,659790.0,882679.75,-222889.75,222889.75,33.78192303611755
2025-11-03,53,1033284.0,854480.6,178803.375,178803.375,17.304378563879823
2025-11-03,5,918554.0,792738.5,125815.5,125815.5,13.697126135208165
2025-11-03,16,534578.0,835030.7,-300452.6875,300452.6875,56.20371348989296
2025-11-03,9,669766.0,804925.94,-135159.9375,135159.9375,20.180173000719652
2025-11-03,89,448000.0,487833.34,-39833.34375,39833.34375,8.891371372767857
2025-11-03,45,538707.0,552282.6,-13575.625,13575.625,2.5200387223481413
2025-11-03,87,831537.0,893902.4,-62365.375,62365.375,7.50001202592308
2025-11-03,77,747662.0,746851.06,810.9375,810.9375,0.10846311568596505
2025-11-03,81,937375.0,752654.3,184720.6875,184720.6875,19.70616748899853
2025-11-03,93,491920.0,585170.44,-93250.4375,93250.4375,18.956423300536674
2025-11-03,33,535137.0,483511.1,51625.90625,51625.90625,9.647231690202695
2025-11-03,17,575752.0,577700.44,-1948.4375,1948.4375,0.33841610624018675
2025-11-03,62,740530.0,860782.9,-120252.875,120252.875,16.238758051665698
2025-11-03,41,1023158.0,909464.9,113693.125,113693.125,11.111981238479295
2025-11-03,72,535347.0,795218.1,-259871.125,259871.125,48.5425574440503
2025-11-03,99,639471.0,601620.94,37850.0625,37850.0625,5.9189646598516585
2025-11-03,20,836403.0,617571.7,218831.3125,218831.3125,26.16338206582234
2025-11-03,50,513878.0,493184.16,20693.84375,20693.84375,4.026995463903884
2025-11-03,97,677254.0,836542.06,-159288.0625,159288.0625,23.519693128427445
2025-11-03,39,1041012.0,897055.94,143956.0625,143956.0625,13.828472918659921
2025-11-03,21,873043.0,607382.94,265660.0625,265660.0625,30.42920709518317
2025-11-03,38,1180977.0,993513.4,187463.625,187463.625,15.873605074442601
2025-11-03,23,636955.0,591860.3,45094.6875,45094.6875,7.079728944744919
2025-11-03,6,855336.0,959099.9,-103763.875,103763.875,12.131358320005239
2025-11-03,48,805091.0,845146.6,-40055.625,40055.625,4.975291612997785
2025-11-03,32,799566.0,808686.4,-9120.375,9120.375,1.1406656861347282
2025-11-03,7,436750.0,495041.72,-58291.71875,58291.71875,13.346701488265596
2025-11-03,79,760152.0,596652.9,163499.125,163499.125,21.508741014954904
2025-11-03,91,831350.0,906857.56,-75507.5625,75507.5625,9.082523906898418
2025-11-03,64,1318729.0,972501.5,346227.5,346227.5,26.25463609278328
2025-11-03,22,801061.0,966173.75,-165112.75,165112.75,20.61175740673931
2025-11-03,49,702666.0,539874.2,162791.8125,162791.8125,23.167737232198512
2025-11-03,51,763374.0,907201.7,-143827.6875,143827.6875,18.841051371935645
2025-11-03,73,821772.0,958693.9,-136921.875,136921.875,16.66178392546838
2025-11-03,69,514636.0,554911.9,-40275.875,40275.875,7.826089702236144
2025-11-03,31,374155.0,526038.5,-151883.5,151883.5,40.593737889377394
2025-11-03,8,651931.0,496339.2,155591.8125,155591.8125,23.86630065144931
2025-11-03,18,506476.0,507499.4,-1023.40625,1023.40625,0.20206411557507167
2025-11-03,46,1098121.0,865185.4,232935.625,232935.625,21.212200203802677
2025-11-03,86,801169.0,935919.4,-134750.375,134750.375,16.819219790081743
2025-11-03,98,1255076.0,962194.1,292881.875,292881.875,23.33578803195982
2025-11-03,52,620343.0,541479.2,78863.8125,78863.8125,12.712936633443112
2025-11-03,63,709633.0,577980.25,131652.75,131652.75,18.552230519155678
2025-11-03,68,1149142.0,947326.9,201815.125,201815.125,17.56224426572173
2025-11-03,25,527503.0,564083.7,-36580.6875,36580.6875,6.934688049167493
2025-11-03,78,440415.0,560432.5,-120017.5,120017.5,27.25100189593906
2025-11-03,90,826013.0,935014.6,-109001.625,109001.625,13.196114952185983
2025-11-03,84,907973.0,785295.6,122677.375,122677.375,13.511125881496477
2025-11-03,19,668927.0,875651.06,-206724.0625,206724.0625,30.903829939589823
2025-11-03,80,754550.0,967060.9,-212510.875,212510.875,28.16392220528792
2025-11-03,92,590112.0,549351.44,40760.5625,40760.5625,6.907258706821756
2025-11-03,65,1057025.0,846162.06,210862.9375,210862.9375,19.94871810032875
2025-11-03,2,536593.0,766135.06,-229542.0625,229542.0625,42.777684856120004
2025-11-03,47,612670.0,557254.2,55415.8125,55415.8125,9.044969151419197
2025-11-03,24,639838.0,584305.9,55532.125,55532.125,8.679091426267274
2025-11-03,55,1286014.0,936322.25,349691.75,349691.75,27.191908486221767
2025-11-03,54,773367.0,802914.94,-29547.9375,29547.9375,3.820687655408105
2025-11-03,3,563934.0,501714.22,62219.78125,62219.78125,11.033167223469412
2025-11-03,85,588548.0,665221.9,-76673.875,76673.875,13.0276332601589
2025-11-03,56,637533.0,591216.25,46316.75,46316.75,7.264996478613655
2025-11-03,36,1026435.0,878684.56,147750.4375,147750.4375,14.394524494975327
2025-11-03,71,718419.0,483996.0,234423.0,234423.0,32.63040092202461
2025-11-03,10,622376.0,556749.75,65626.25,65626.25,10.544469902438397
2025-11-03,100,996409.0,916948.25,79460.75,79460.75,7.974712191479603
2025-11-03,74,545870.0,502632.0,43238.0,43238.0,7.920933555608478
2025-11-03,28,612556.0,506159.28,106396.71875,106396.71875,17.3693048064177
2025-11-03,43,639855.0,548864.06,90990.9375,90990.9375,14.220555829055021
2025-11-03,34,813844.0,880487.06,-66643.0625,66643.0625,8.188677744137697
2025-11-03,75,902692.0,810561.4,92130.625,92130.625,10.206208208336841
2025-11-03,82,686475.0,585684.06,100790.9375,100790.9375,14.682390108889617
2025-11-03,4,1340599.0,911723.1,428875.875,428875.875,31.99136169727115
2025-11-03,13,565148.0,601932.94,-36784.9375,36784.9375,6.5089034199891
2025-11-03,30,514575.0,572288.06,-57713.0625,57713.0625,11.215675557498907
2025-11-03,66,1004052.0,868033.3,136018.6875,136018.6875,13.546976401620633
2025-11-03,42,969398.0,849331.9,120066.125,120066.125,12.385637787575382
2025-11-03,70,714723.0,619082.56,95640.4375,95640.4375,13.381469114608038
2025-11-03,59,431189.0,570134.0,-138945.0,138945.0,32.22368845216367
2025-11-03,1,642732.0,561940.25,80791.75,80791.75,12.570052525780573
2025-11-03,11,616169.0,795898.9,-179729.875,179729.875,29.168925246158118
2025-11-03,40,455902.0,523264.56,-67362.5625,67362.5625,14.77566724866309
2025-11-03,95,576985.0,524775.5,52209.5,52209.5,9.048675442169207
2025-11-03,14,1002050.0,922228.25,79821.75,79821.75,7.965845017713686
2025-11-03,67,790055.0,600222.75,189832.25,189832.25,24.027725917815847
2025-11-03,61,396980.0,561952.8,-164972.8125,164972.8125,41.556958159101214
2025-11-03,29,763259.0,573354.1,189904.875,189904.875,24.880790793164575
2025-11-03,35,1039452.0,858265.7,181186.3125,181186.3125,17.43094558478891
2025-11-03,60,524020.0,649840.8,-125820.8125,125820.8125,24.010689000419834
2025-11-03,94,812756.0,906283.25,-93527.25,93527.25,11.507420431224132
2025-11-03,76,855207.0,856487.7,-1280.6875,1280.6875,0.14975175600760987
2025-11-03,88,635390.0,627149.8,8240.1875,8240.1875,1.2968708194966871
2025-11-03,12,539846.0,602239.4,-62393.375,62393.375,11.5576247670632
2025-11-03,57,888673.0,834644.4,54028.625,54028.625,6.079696918889175
2025-11-03,58,836710.0,805713.0,30997.0,30997.0,3.704628843924418
2025-11-03,44,1032751.0,941987.4,90763.625,90763.625,8.788529374457154
2025-11-03,27,476916.0,514055.75,-37139.75,37139.75,7.787482491675683
2025-11-03,15,635573.0,932598.4,-297025.375,297025.375,46.733479081081164
2025-11-04,24,930281.0,630509.44,299771.5625,299771.5625,32.22376491619199
2025-11-04,1,475961.0,627380.44,-151419.4375,151419.4375,31.813412758608372
2025-11-04,42,1013873.0,896472.7,117400.3125,117400.3125,11.579390367432607
2025-11-04,14,962258.0,859389.0,102869.0,102869.0,10.690376177698704
2025-11-04,63,506379.0,607514.75,-101135.75,101135.75,19.972342849920715
2025-11-04,67,493539.0,587350.9,-93811.875,93811.875,19.00799632855762
2025-11-04,100,1055253.0,889805.0,165448.0,165448.0,15.678515010144487
2025-11-04,78,474184.0,540647.4,-66463.375,66463.375,14.016368118704975
2025-11-04,71,523099.0,495298.72,27800.28125,27800.28125,5.314535346081717
2025-11-04,57,1154192.0,804736.2,349455.8125,349455.8125,30.27709536195018
2025-11-04,68,840124.0,890699.5,-50575.5,50575.5,6.020004189857688
2025-11-04,52,439661.0,550383.44,-110722.4375,110722.4375,25.183593154726026
2025-11-04,90,1124107.0,898623.1,225483.875,225483.875,20.058933446727046
2025-11-04,66,822538.0,825896.2,-3358.1875,3358.1875,0.40827141116884563
2025-11-04,84,792939.0,754483.94,38455.0625,38455.0625,4.849687365610722
2025-11-04,95,456280.0,520776.53,-64496.53125,64496.53125,14.135296583238363
2025-11-04,50,392808.0,494818.28,-102010.28125,102010.28125,25.969501957699435
2025-11-04,12,563315.0,657476.06,-94161.0625,94161.0625,16.715525505267923
2025-11-04,20,673061.0,636763.5,36297.5,36297.5,5.392899009153703
2025-11-04,88,419335.0,630765.1,-211430.125,211430.125,50.42033815445885
2025-11-04,99,616029.0,613788.1,2240.875,2240.875,0.3637612839655276
2025-11-04,60,554745.0,659715.06,-104970.0625,104970.0625,18.922218767181317
2025-11-04,39,763520.0,963837.3,-200317.3125,200317.3125,26.236026888621122
2025-11-04,51,992037.0,848101.8,143935.1875,143935.1875,14.509054349787357
2025-11-04,58,624000.0,824785.3,-200785.3125,200785.3125,32.17713341346154
2025-11-04,75,1062297.0,849115.94,213181.0625,213181.0625,20.06793415589049
2025-11-04,69,453043.0,572696.2,-119653.1875,119653.1875,26.411000169961792
2025-11-04,23,875163.0,612021.75,263141.25,263141.25,30.067684534195344
2025-11-04,21,689199.0,614135.8,75063.1875,75063.1875,10.891366281727048
2025-11-04,31,782100.0,550934.5,231165.5,231165.5,29.557025955760135
2025-11-04,10,496583.0,549509.8,-52926.8125,52926.8125,10.658200643195599
2025-11-04,47,561435.0,567103.75,-5668.75,5668.75,1.0096894564820504
2025-11-04,82,635074.0,579351.06,55722.9375,55722.9375,8.774243237795911
2025-11-04,65,1309208.0,921101.0,388107.0,388107.0,29.644410972129716
2025-11-04,73,761013.0,878878.3,-117865.3125,117865.3125,15.487949943036453
2025-11-04,11,936422.0,845948.7,90473.3125,90473.3125,9.661596214100053
2025-11-04,80,1305596.0,945213.6,360382.375,360382.375,27.60290128033481
2025-11-04,38,890572.0,967667.4,-77095.375,77095.375,8.656837964813626
2025-11-04,19,812467.0,812465.8,1.1875,1.1875,0.00014615978248962727
2025-11-04,30,466508.0,567896.25,-101388.25,101388.25,21.733442942028862
2025-11-04,13,769327.0,614577.56,154749.4375,154749.4375,20.114910499696485
2025-11-04,2,646404.0,737448.9,-91044.875,91044.875,14.084825434248552
2025-11-04,92,493399.0,538317.9,-44918.875,44918.875,9.103965553233792
2025-11-04,98,903233.0,948987.0,-45754.0,45754.0,5.06558108483636
2025-11-04,86,1116488.0,896003.6,220484.375,220484.375,19.748029087639097
2025-11-04,3,198745.0,498838.44,-300093.4375,300093.4375,150.99420740144407
2025-11-04,77,895996.0,787350.9,108645.125,108645.125,12.125626118866602
2025-11-04,5,802462.0,833265.4,-30803.375,30803.375,3.838608557165324
2025-11-04,91,939407.0,855952.56,83454.4375,83454.4375,8.88373596321935
2025-11-04,74,453386.0,468085.47,-14699.46875,14699.46875,3.2421532094065544
2025-11-04,81,757156.0,772221.56,-15065.5625,15065.5625,1.9897567344114027
2025-11-04,56,982765.0,600090.0,382675.0,382675.0,38.938606889744754
2025-11-04,49,509901.0,565063.3,-55162.3125,55162.3125,10.818239717121559
2025-11-04,54,890860.0,821700.6,69159.375,69159.375,7.763214758772421
2025-11-04,26,684939.0,563169.2,121769.8125,121769.8125,17.77819813151244
2025-11-04,85,757386.0,616045.5,141340.5,141340.5,18.66162036266844
2025-11-04,37,967401.0,903293.94,64107.0625,64107.0625,6.626731055684251
2025-11-04,27,502398.0,512960.38,-10562.375,10562.375,2.1023919283118166
2025-11-04,9,734865.0,854742.7,-119877.6875,119877.6875,16.312885700094576
2025-11-04,64,1519420.0,880382.56,639037.4375,639037.4375,42.05798511932184
2025-11-04,89,484389.0,469710.7,14678.3125,14678.3125,3.0302737056374114
2025-11-04,44,798177.0,906179.1,-108002.125,108002.125,13.5310996182551
2025-11-04,15,764394.0,923340.8,-158946.8125,158946.8125,20.793833088695095
2025-11-04,22,1067919.0,1009363.75,58555.25,58555.25,5.48311716525317
2025-11-04,87,632758.0,937310.4,-304552.375,304552.375,48.13094026468255
2025-11-04,16,676993.0,885059.1,-208066.125,208066.125,30.733866524469235
2025-11-04,61,735314.0,546248.44,189065.5625,189065.5625,25.71222124153763
2025-11-04,35,760493.0,913828.5,-153335.5,153335.5,20.16264449508411
2025-11-04,96,574467.0,802056.3,-227589.3125,227589.3125,39.617473675598426
2025-11-04,83,766542.0,901586.0,-135044.0,135044.0,17.617299508702718
2025-11-04,41,1056116.0,913854.2,142261.8125,142261.8125,13.470282857186142
2025-11-04,55,1320515.0,904762.25,415752.75,415752.75,31.484136870842054
2025-11-04,34,537778.0,888807.3,-351029.3125,351029.3125,65.27401874007491
2025-11-04,79,607047.0,603349.56,3697.4375,3697.4375,0.609085869792619
2025-11-04,33,321990.0,492354.56,-170364.5625,170364.5625,52.90989238796235
2025-11-04,7,412227.0,499285.62,-87058.625,87058.625,21.1190982153037
2025-11-04,48,721601.0,825532.6,-103931.625,103931.625,14.402921420563441
2025-11-04,46,1008669.0,903886.5,104782.5,104782.5,10.388194739800669
2025-11-04,94,549258.0,879283.9,-330025.875,330025.875,60.08576570573392
2025-11-04,18,330377.0,503677.7,-173300.6875,173300.6875,52.45543348961943
2025-11-04,76,885422.0,864082.1,21339.875,21339.875,2.4101360707097856
2025-11-04,32,1057076.0,791663.5,265412.5,265412.5,25.10817576030484
2025-11-04,8,310454.0,474408.56,-163954.5625,163954.5625,52.81122565661902
2025-11-04,72,995179.0,804285.0,190894.0,190894.0,19.181875823344345
2025-11-04,40,603814.0,537432.8,66381.1875,66381.1875,10.993648292354932
2025-11-04,28,546925.0,514077.12,32847.875,32847.875,6.005919458792339
2025-11-04,25,492633.0,577652.1,-85019.125,85019.125,17.258105932814082
2025-11-04,53,619740.0,768589.1,-148849.125,148849.125,24.017995449704717
2025-11-04,93,931175.0,606525.1,324649.875,324649.875,34.86453942599404
2025-11-04,29,616234.0,571105.0,45129.0,45129.0,7.323354440034143
2025-11-04,97,877348.0,821240.44,56107.5625,56107.5625,6.395131977276976
2025-11-04,17,654572.0,606069.5,48502.5,48502.5,7.40980365796276
2025-11-04,43,498342.0,574019.7,-75677.6875,75677.6875,15.185893924252822
2025-11-04,36,642360.0,864440.6,-222080.625,222080.625,34.572611152624695
2025-11-04,6,1002786.0,923351.0,79435.0,79435.0,7.921430893530623
2025-11-04,62,960034.0,870437.3,89596.6875,89596.6875,9.332657749621367
2025-11-04,59,527980.0,578799.1,-50819.125,50819.125,9.625198871169363
2025-11-04,45,543792.0,590585.75,-46793.75,46793.75,8.605082457998646
2025-11-04,70,634229.0,632875.2,1353.8125,1353.8125,0.21345799387918243
2025-11-04,4,757616.0,940184.56,-182568.5625,182568.5625,24.097770176448225
2025-11-05,85,737050.0,606974.75,130075.25,130075.25,17.648090360219797
2025-11-05,38,805881.0,953856.7,-147975.6875,147975.6875,18.361977450765064
2025-11-05,35,872268.0,893912.2,-21644.1875,21644.1875,2.4813689714628993
2025-11-05,32,616060.0,757426.94,-141366.9375,141366.9375,22.946943073726587
2025-11-05,91,768203.0,870279.25,-102076.25,102076.25,13.287666150744009
2025-11-05,7,314749.0,500555.28,-185806.28125,185806.28125,59.03316015301081
2025-11-05,21,395868.0,600307.0,-204439.0,204439.0,51.64322450917983
2025-11-05,11,851675.0,835644.6,16030.375,16030.375,1.8822173951331198
2025-11-05,59,401008.0,576480.7,-175472.6875,175472.6875,43.75790196205562
2025-11-05,75,657427.0,832381.44,-174954.4375,174954.4375,26.611994563654978
2025-11-05,97,820663.0,870874.3,-50211.3125,50211.3125,6.118383855492449
2025-11-05,79,686766.0,600592.56,86173.4375,86173.4375,12.54771457818238
2025-11-05,78,516156.0,568515.6,-52359.625,52359.625,10.144147312052946
2025-11-05,95,698526.0,519788.6,178737.40625,178737.40625,25.58779576565511
2025-11-05,17,579977.0,656034.94,-76057.9375,76057.9375,13.113957536247128
2025-11-05,62,722788.0,852248.9,-129460.875,129460.875,17.911320470179362
2025-11-05,36,1015919.0,916334.75,99584.25,99584.25,9.802380898477143
2025-11-05,70,625417.0,620310.2,5106.8125,5106.8125,0.8165452010418649
2025-11-05,34,601746.0,760903.56,-159157.5625,159157.5625,26.449292974111998
2025-11-05,93,910784.0,609885.8,300898.1875,300898.1875,33.0372720096093
2025-11-05,77,858116.0,808392.2,49723.8125,49723.8125,5.794532732171408
2025-11-05,33,527029.0,501521.16,25507.84375,25507.84375,4.839931721024839
2025-11-05,74,652670.0,472758.34,179911.65625,179911.65625,27.56548581212558
2025-11-05,56,660611.0,604215.5,56395.5,56395.5,8.53686965551588
2025-11-05,100,574878.0,858395.3,-283517.3125,283517.3125,49.317822651066834
2025-11-05,54,790864.0,809438.9,-18574.875,18574.875,2.348681315624431
2025-11-05,37,678181.0,905463.6,-227282.625,227282.625,33.513564225479634
2025-11-05,9,789698.0,850712.06,-61014.0625,61014.0625,7.726252630752516
2025-11-05,15,883953.0,956264.56,-72311.5625,72311.5625,8.18047594159418
2025-11-05,16,1493282.0,877947.2,615334.8125,615334.8125,41.20687268044482
2025-11-05,96,863030.0,769873.6,93156.375,93156.375,10.794106230374378
2025-11-05,61,567805.0,561179.4,6625.625,6625.625,1.1668838773874832
2025-11-05,55,1282223.0,906663.3,375559.6875,375559.6875,29.289732558221154
2025-11-05,53,711501.0,797404.3,-85903.3125,85903.3125,12.073533628202911
2025-11-05,12,633161.0,633280.75,-119.75,119.75,0.018913041074860894
2025-11-05,8,396572.0,506176.0,-109604.0,109604.0,27.637856429601687
2025-11-05,94,1017320.0,852105.06,165214.9375,165214.9375,16.240213256399166
2025-11-05,20,531936.0,638630.5,-106694.5,106694.5,20.057770107682128
2025-11-05,60,599663.0,627228.1,-27565.125,27565.125,4.59676935211944
2025-11-05,58,872614.0,821421.44,51192.5625,51192.5625,5.866575885786843
2025-11-05,51,796624.0,872493.94,-75869.9375,75869.9375,9.523933185542992
2025-11-05,10,661091.0,553570.3,107520.6875,107520.6875,16.264128160873465
2025-11-05,69,652260.0,562104.25,90155.75,90155.75,13.822057155122192
2025-11-05,2,692041.0,922725.5,-230684.5,230684.5,33.33393541712124
2025-11-05,73,1064497.0,860744.75,203752.25,203752.25,19.140706831489425
2025-11-05,92,828951.0,560377.8,268573.1875,268573.1875,32.39916321953891
2025-11-05,19,730101.0,795451.0,-65350.0,65350.0,8.950816393896186
2025-11-05,13,658637.0,643493.2,15143.8125,15143.8125,2.299265376831244
2025-11-05,84,1017790.0,782814.8,234975.1875,234975.1875,23.08680449798092
2025-11-05,1,715820.0,612731.25,103088.75,103088.75,14.401490598195076
2025-11-05,57,740101.0,824589.1,-84488.125,84488.125,11.415756092749502
2025-11-05,63,882999.0,616893.94,266105.0625,266105.0625,30.13650779898958
2025-11-05,52,428418.0,549104.2,-120686.1875,120686.1875,28.170195346600753
2025-11-05,18,352469.0,481513.56,-129044.5625,129044.5625,36.611606268920106
2025-11-05,86,984118.0,887567.1,96550.875,96550.875,9.810904281803605
2025-11-05,14,880020.0,853092.8,26927.1875,26927.1875,3.059838128678894
2025-11-05,76,770329.0,878121.75,-107792.75,107792.75,13.99307958028323
2025-11-05,64,847587.0,890217.2,-42630.1875,42630.1875,5.029594307133073
2025-11-05,50,642116.0,501908.66,140207.34375,140207.34375,21.835204815017846
2025-11-05,98,581240.0,916541.0,-335301.0,335301.0,57.687186016103496
2025-11-05,83,950256.0,869086.25,81169.75,81169.75,8.541882398006432
2025-11-05,23,556446.0,623373.4,-66927.375,66927.375,12.027649583247971
2025-11-05,87,1050834.0,921768.5,129065.5,129065.5,12.282196807488148
2025-11-05,89,439195.0,503477.2,-64282.1875,64282.1875,14.636365965004156
2025-11-05,30,585980.0,533043.0,52937.0,52937.0,9.033926072562204
2025-11-05,26,460100.0,589683.9,-129583.875,129583.875,28.164284938056944
2025-11-05,82,570579.0,599954.9,-29375.875,29375.875,5.148432557104274
2025-11-05,65,919797.0,933933.44,-14136.4375,14136.4375,1.5369084156612818
2025-11-05,81,715905.0,776286.25,-60381.25,60381.25,8.434254544946606
2025-11-05,5,900135.0,840105.7,60029.3125,60029.3125,6.668923272620218
2025-11-05,45,509265.0,564012.6,-54747.625,54747.625,10.750321541829893
2025-11-05,39,593817.0,882177.8,-288360.8125,288360.8125,48.56055190403777
2025-11-05,66,802114.0,852809.56,-50695.5625,50695.5625,6.320244067551495
2025-11-05,25,461604.0,580876.4,-119272.375,119272.375,25.83867882427362
2025-11-05,29,658436.0,572516.2,85919.8125,85919.8125,13.049075764387124
2025-11-05,3,412757.0,493404.62,-80647.625,80647.625,19.538766150543783
2025-11-05,46,919308.0,848569.94,70738.0625,70738.0625,7.694707595278187
2025-11-05,42,945707.0,877000.75,68706.25,68706.25,7.265067298856834
2025-11-05,88,736916.0,608058.8,128857.1875,128857.1875,17.48600756395573
2025-11-05,68,868625.0,885984.25,-17359.25,17359.25,1.9984746006619658
2025-11-05,99,733824.0,612417.06,121406.9375,121406.9375,16.544421755080236
2025-11-05,24,715545.0,621680.94,93864.0625,93864.0625,13.117841994563584
2025-11-05,90,989936.0,914145.44,75790.5625,75790.5625,7.656107314008179
2025-11-05,47,723594.0,548838.1,174755.875,174755.875,24.151095089235124
2025-11-05,71,394875.0,488441.47,-93566.46875,93566.46875,23.695212092434314
2025-11-05,80,836687.0,927330.9,-90643.875,90643.875,10.833665994571447
2025-11-05,72,791787.0,814805.75,-23018.75,23018.75,2.9071896861150788
2025-11-05,48,1149416.0,818900.8,330515.1875,330515.1875,28.75505365333352
2025-11-05,31,308786.0,561360.94,-252574.9375,252574.9375,81.79611041303686
2025-11-05,44,1148221.0,977664.0,170557.0,170557.0,14.854022004474748
2025-11-05,22,886092.0,1004200.1,-118108.125,118108.125,13.329104088514509
2025-11-05,49,523581.0,558751.94,-35170.9375,35170.9375,6.717382315248262
2025-11-05,41,974166.0,898812.6,75353.375,75353.375,7.735167825606724
2025-11-05,27,466046.0,503060.62,-37014.625,37014.625,7.942268574346738
2025-11-05,43,557709.0,575676.0,-17967.0,17967.0,3.221572540518442
2025-11-05,28,491334.0,502087.34,-10753.34375,10753.34375,2.1886015928065228
2025-11-05,67,601247.0,600053.06,1193.9375,1193.9375,0.1985768743960469
2025-11-05,4,995981.0,939066.1,56914.875,56914.875,5.714453890184652
2025-11-05,6,779308.0,974455.2,-195147.1875,195147.1875,25.041086130259156
2025-11-05,40,445143.0,537539.6,-92396.625,92396.625,20.756616413152628
2025-11-06,19,714377.0,826733.2,-112356.1875,112356.1875,15.72785622997381
2025-11-06,60,815987.0,584070.3,231916.6875,231916.6875,28.42161547916817
2025-11-06,34,1139935.0,742967.5,396967.5,396967.5,34.823696087934835
2025-11-06,65,1128549.0,940577.1,187971.875,187971.875,16.65606677246624
2025-11-06,98,1193271.0,877388.25,315882.75,315882.75,26.472004263909877
2025-11-06,73,762345.0,917177.75,-154832.75,154832.75,20.31006302920594
2025-11-06,46,979440.0,881911.44,97528.5625,97528.5625,9.95758418075635
2025-11-06,86,949241.0,857217.2,92023.8125,92023.8125,9.694462470542256
2025-11-06,88,729428.0,619581.9,109846.125,109846.125,15.059214206199927
2025-11-06,94,957615.0,904430.5,53184.5,53184.5,5.553849929251317
2025-11-06,18,286362.0,496066.38,-209704.375,209704.375,73.23051766645015
2025-11-06,70,998819.0,617775.44,381043.5625,381043.5625,38.14941070404147
2025-11-06,40,546540.0,513622.16,32917.84375,32917.84375,6.022952345665459
2025-11-06,52,552674.0,550787.2,1886.8125,1886.8125,0.3413970080011001
2025-11-06,24,786124.0,601406.44,184717.5625,184717.5625,23.497255204013616
2025-11-06,76,725021.0,858372.25,-133351.25,133351.25,18.392743106751393
2025-11-06,36,720042.0,903625.75,-183583.75,183583.75,25.49625577396874
2025-11-06,72,882562.0,806664.5,75897.5,75897.5,8.59967911602811
2025-11-06,68,527468.0,850303.9,-322835.875,322835.875,61.20482664351202
2025-11-06,63,425742.0,601127.9,-175385.875,175385.875,41.19534248441544
2025-11-06,43,495442.0,564425.56,-68983.5625,68983.5625,13.923640405940555
2025-11-06,78,510125.0,571723.1,-61598.125,61598.125,12.075104141141876
2025-11-06,84,756483.0,824277.44,-67794.4375,67794.4375,8.961792598115226
2025-11-06,92,574161.0,576769.75,-2608.75,2608.75,0.4543586206656321
2025-11-06,90,655396.0,858171.2,-202775.1875,202775.1875,30.939338583085647
2025-11-06,12,401336.0,653144.7,-251808.6875,251808.6875,62.74261155241493
2025-11-06,80,597247.0,966072.75,-368825.75,368825.75,61.75430768174641
2025-11-06,71,482926.0,495992.66,-13066.65625,13066.65625,2.7057263949342136
2025-11-06,95,304481.0,528787.25,-224306.25,224306.25,73.66838981742703
2025-11-06,66,889840.0,821755.8,68084.1875,68084.1875,7.651284219634991
2025-11-06,25,544892.0,581128.44,-36236.4375,36236.4375,6.65020545355777
2025-11-06,4,854089.0,905546.44,-51457.4375,51457.4375,6.024833184832025
2025-11-06,30,623409.0,598266.0,25143.0,25143.0,4.033146778439195
2025-11-06,13,480369.0,617923.06,-137554.0625,137554.0625,28.6350831340074
2025-11-06,93,381098.0,614174.44,-233076.4375,233076.4375,61.15918674461687
2025-11-06,89,604581.0,500800.88,103780.125,103780.125,17.165627930748734
2025-11-06,44,936999.0,916758.4,20240.625,20240.625,2.1601543865041477
2025-11-06,9,803078.0,870420.8,-67342.8125,67342.8125,8.38558801262144
2025-11-06,16,801996.0,877149.6,-75153.625,75153.625,9.370822921810083
2025-11-06,15,776982.0,900141.9,-123159.875,123159.875,15.851058969191051
2025-11-06,57,539615.0,794118.4,-254503.375,254503.375,47.163880729779564
2025-11-06,100,792135.0,883397.25,-91262.25,91262.25,11.521047548713288
2025-11-06,96,223245.0,780324.7,-557079.6875,557079.6875,249.53736365876057
2025-11-06,83,780689.0,852508.4,-71819.375,71819.375,9.199485966883099
2025-11-06,1,641748.0,629722.6,12025.375,12025.375,1.8738468994059974
2025-11-06,67,493698.0,591353.06,-97655.0625,97655.0625,19.780323699913712
2025-11-06,61,749015.0,581422.94,167592.0625,167592.0625,22.37499415899548
2025-11-06,26,493250.0,563574.9,-70324.875,70324.875,14.257450582868728
2025-11-06,8,302190.0,504722.44,-202532.4375,202532.4375,67.02155514742381
2025-11-06,37,1207294.0,941808.1,265485.875,265485.875,21.990159397793743
2025-11-06,27,452461.0,497345.28,-44884.28125,44884.28125,9.92003316307925
2025-11-06,55,983229.0,949090.1,34138.875,34138.875,3.4721183976469367
2025-11-06,53,664161.0,791838.06,-127677.0625,127677.0625,19.223812072675152
2025-11-06,17,582324.0,597561.0,-15237.0,15237.0,2.6165845817792155
2025-11-06,58,605215.0,880335.9,-275120.875,275120.875,45.458370165974074
2025-11-06,62,950744.0,959487.2,-8743.1875,8743.1875,0.9196153223159966
2025-11-06,74,593521.0,487070.6,106450.40625,106450.40625,17.935406876926006
2025-11-06,45,628808.0,563923.6,64884.375,64884.375,10.318630647192784
2025-11-06,14,965612.0,859887.8,105724.1875,105724.1875,10.948930574599322
2025-11-06,10,706682.0,582986.06,123695.9375,123695.9375,17.503762300440652
2025-11-06,77,817836.0,810214.5,7621.5,7621.5,0.9319105541942395
2025-11-06,5,580592.0,830628.56,-250036.5625,250036.5625,43.06579534337366
2025-11-06,33,392116.0,484152.12,-92036.125,92036.125,23.471657621724184
2025-11-06,56,640548.0,584966.2,55581.8125,55581.8125,8.677228326370546
2025-11-06,81,670378.0,811030.75,-140652.75,140652.75,20.981110656972636
2025-11-06,28,374495.0,496895.53,-122400.53125,122400.53125,32.684156330525106
2025-11-06,54,866324.0,785963.8,80360.1875,80360.1875,9.275996913394989
2025-11-06,82,393366.0,628947.4,-235581.375,235581.375,59.8885961165937
2025-11-06,87,1017000.0,902268.1,114731.875,114731.875,11.281403638151426
2025-11-06,2,671544.0,804351.06,-132807.0625,132807.0625,19.77637541248228
2025-11-06,99,718133.0,618544.0,99589.0,99589.0,13.867765441777498
2025-11-06,32,963241.0,814513.1,148727.875,148727.875,15.440359681533488
2025-11-06,38,909382.0,973503.5,-64121.5,64121.5,7.051107235463204
2025-11-06,23,625412.0,608828.6,16583.375,16583.375,2.651592070507122
2025-11-06,51,1054630.0,874429.0,180201.0,180201.0,17.086655983615106
2025-11-06,47,486725.0,564504.7,-77779.6875,77779.6875,15.980212132107452
2025-11-06,6,1282915.0,903281.8,379633.1875,379633.1875,29.591452863206058
2025-11-06,64,639439.0,933205.7,-293766.6875,293766.6875,45.941315356116846
2025-11-06,31,379791.0,578683.44,-198892.4375,198892.4375,52.368918036499025
2025-11-06,48,1066141.0,829576.0,236565.0,236565.0,22.188903719114077
2025-11-06,22,848566.0,1035493.75,-186927.75,186927.75,22.028663651383628
2025-11-06,39,1105470.0,940293.8,165176.1875,165176.1875,14.941715966964278
2025-11-06,59,505058.0,576515.56,-71457.5625,71457.5625,14.148387412930793
2025-11-06,21,534558.0,610620.44,-76062.4375,76062.4375,14.229033612816568
2025-11-06,20,948623.0,656318.9,292304.125,292304.125,30.813518647555455
2025-11-06,3,379499.0,520023.06,-140524.0625,140524.0625,37.02883604436376
2025-11-06,11,1015883.0,792569.9,223313.125,223313.125,21.98216969867593
2025-11-06,42,587537.0,886016.94,-298479.9375,298479.9375,50.80189630610498
2025-11-06,49,657415.0,573545.8,83869.1875,83869.1875,12.757419210087997
2025-11-06,41,725415.0,1005368.5,-279953.5,279953.5,38.59218516297568
2025-11-06,85,556575.0,604825.56,-48250.5625,48250.5625,8.669193280330594
2025-11-06,97,1283517.0,841211.44,442305.5625,442305.5625,34.460436636211284
2025-11-06,79,342747.0,604204.3,-261457.3125,261457.3125,76.28288869049183
2025-11-06,75,1108133.0,778836.56,329296.4375,329296.4375,29.716328049069922
2025-11-06,7,764775.0,508117.38,256657.625,256657.625,33.55988689483836
2025-11-06,91,817860.0,874209.44,-56349.4375,56349.4375,6.889863485193065
2025-11-06,29,498242.0,553280.56,-55038.5625,55038.5625,11.046552177455935
2025-11-06,50,359803.0,515516.25,-155713.25,155713.25,43.27736289024827
2025-11-06,35,1162656.0,875317.9,287338.125,287338.125,24.71394161299645
2025-11-06,69,632545.0,574657.8,57887.1875,57887.1875,9.151473412958762
2025-11-07,62,1059227.0,825499.94,233727.0625,233727.0625,22.06581426832964
2025-11-07,44,723566.0,865813.1,-142247.125,142247.125,19.65917760093758
2025-11-07,59,514465.0,520148.3,-5683.3125,5683.3125,1.1047034297765639
2025-11-07,98,788324.0,924001.6,-135677.625,135677.625,17.210896154373074
2025-11-07,25,493190.0,536032.1,-42842.125,42842.125,8.686738376690526
2025-11-07,45,479767.0,525377.56,-45610.5625,45610.5625,9.506815287420768
2025-11-07,100,974325.0,851369.0,122956.0,122956.0,12.619608446873476
2025-11-07,97,756104.0,835746.0,-79642.0,79642.0,10.533207072043
2025-11-07,41,1090397.0,758396.06,332000.9375,332000.9375,30.447711934277148
2025-11-07,28,408056.0,448573.03,-40517.03125,40517.03125,9.92928207157841
2025-11-07,53,934543.0,723929.75,210613.25,210613.25,22.536496447996505
2025-11-07,58,796831.0,700278.5,96552.5,96552.5,12.117061208713015
2025-11-07,15,872035.0,881570.0,-9535.0,9535.0,1.0934194155051116
2025-11-07,17,466758.0,579506.6,-112748.625,112748.625,24.15569202884578
2025-11-07,6,1158019.0,818184.2,339834.8125,339834.8125,29.34622078739641
2025-11-07,60,642414.0,582142.5,60271.5,60271.5,9.382034015447982
2025-11-07,79,556775.0,583907.25,-27132.25,27132.25,4.87310852678371
2025-11-07,66,652103.0,820588.1,-168485.125,168485.125,25.83719519769116
2025-11-07,21,459373.0,585830.1,-126457.125,126457.125,27.528201483326185
2025-11-07,10,437294.0,547034.5,-109740.5,109740.5,25.09535918626828
2025-11-07,16,802410.0,800770.4,1639.625,1639.625,0.20433755810620505
2025-11-07,7,493117.0,473621.66,19495.34375,19495.34375,3.9534925281424083
2025-11-07,9,563767.0,732636.44,-168869.4375,168869.4375,29.953764143697665
2025-11-07,85,501053.0,589367.06,-88314.0625,88314.0625,17.625692790982193
2025-11-07,91,570925.0,794468.06,-223543.0625,223543.0625,39.154540876647545
2025-11-07,89,482420.0,465695.56,16724.4375,16724.4375,3.4667794660254545
2025-11-07,13,564449.0,589295.3,-24846.3125,24846.3125,4.401870230968608
2025-11-07,83,557861.0,811254.6,-253393.625,253393.625,45.42235879547056
2025-11-07,93,513018.0,569663.94,-56645.9375,56645.9375,11.041705651653547
2025-11-07,2,843798.0,761897.5,81900.5,81900.5,9.706173752485785
2025-11-07,30,645014.0,542380.3,102633.6875,102633.6875,15.911854238822723
2025-11-07,11,756906.0,793775.94,-36869.9375,36869.9375,4.8711382258827385
2025-11-07,37,697506.0,818523.6,-121017.625,121017.625,17.350047884892746
2025-11-07,61,591833.0,540616.8,51216.1875,51216.1875,8.653824220683875
2025-11-07,96,623365.0,735142.94,-111777.9375,111777.9375,17.93137848611969
2025-11-07,26,811664.0,527090.6,284573.375,284573.375,35.060489931794436
2025-11-07,32,885107.0,790713.3,94393.6875,94393.6875,10.664663989777507
2025-11-07,1,664177.0,586374.7,77802.3125,77802.3125,11.714093155890675
2025-11-07,38,861972.0,832006.2,29965.8125,29965.8125,3.4764252783153053
2025-11-07,81,1031980.0,693829.75,338150.25,338150.25,32.767132114963474
2025-11-07,23,497363.0,581414.06,-84051.0625,84051.0625,16.8993396171408
2025-11-07,82,432760.0,539381.2,-106621.1875,106621.1875,24.63748671318976
2025-11-07,33,592070.0,439429.4,152640.59375,152640.59375,25.780835669768777
2025-11-07,48,816294.0,765259.7,51034.3125,51034.3125,6.251952421554
2025-11-07,5,966351.0,765555.56,200795.4375,200795.4375,20.778727139517628
2025-11-07,55,1131758.0,901751.7,230006.3125,230006.3125,20.3229234960124
2025-11-07,77,687933.0,729709.5,-41776.5,41776.5,6.072757085355696
2025-11-07,67,439001.0,580602.25,-141601.25,141601.25,32.25533654820832
2025-11-07,54,752995.0,736215.06,16779.9375,16779.9375,2.2284261515680717
2025-11-07,27,482491.0,461682.72,20808.28125,20808.28125,4.312677593986209
2025-11-07,8,526211.0,468995.0,57216.0,57216.0,10.873204855086648
2025-11-07,68,707589.0,757676.3,-50087.3125,50087.3125,7.078588347190247
2025-11-07,63,546655.0,588840.56,-42185.5625,42185.5625,7.717035881863332
2025-11-07,74,315650.0,420761.0,-105111.0,105111.0,33.29985743703469
2025-11-07,39,1208695.0,850927.9,357767.125,357767.125,29.599454370209195
2025-11-07,94,953878.0,759727.5,194150.5,194150.5,20.353808348656745
2025-11-07,76,726273.0,781509.4,-55236.375,55236.375,7.6054562127464465
2025-11-07,47,507065.0,511736.47,-4671.46875,4671.46875,0.9212761184463532
2025-11-07,84,559051.0,759140.2,-200089.1875,200089.1875,35.790864786933575
2025-11-07,51,552531.0,816039.75,-263508.75,263508.75,47.69121551550954
2025-11-07,90,949068.0,869698.56,79369.4375,79369.4375,8.362882059030543
2025-11-07,78,702172.0,526416.2,175755.8125,175755.8125,25.030307745110886
2025-11-07,43,478116.0,523111.0,-44995.0,44995.0,9.410896100527905
2025-11-07,12,522002.0,585289.94,-63287.9375,63287.9375,12.124079505442507
2025-11-07,64,767147.0,875474.5,-108327.5,108327.5,14.12082690801111
2025-11-07,70,624247.0,588336.06,35910.9375,35910.9375,5.752680829863819
2025-11-07,80,1085798.0,851979.9,233818.125,233818.125,21.53421953254657
2025-11-07,19,814965.0,745627.6,69337.375,69337.375,8.508018749271441
2025-11-07,87,967655.0,870687.56,96967.4375,96967.4375,10.020868749709349
2025-11-07,71,313565.0,432059.78,-118494.78125,118494.78125,37.7895432366495
2025-11-07,36,1171870.0,810810.4,361059.625,361059.625,30.810552791691908
2025-11-07,92,692736.0,516925.2,175810.8125,175810.8125,25.37919387760994
2025-11-07,31,467815.0,554582.5,-86767.5,86767.5,18.547395872299948
2025-11-07,49,454023.0,526909.7,-72886.6875,72886.6875,16.053523169531058
2025-11-07,65,680663.0,860365.56,-179702.5625,179702.5625,26.4011063477815
2025-11-07,73,1038350.0,779971.3,258378.6875,258378.6875,24.883583329320558
2025-11-07,69,608418.0,555756.06,52661.9375,52661.9375,8.655552186161488
2025-11-07,40,468690.0,465507.28,3182.71875,3182.71875,0.6790669205658325
2025-11-07,75,541135.0,763590.4,-222455.375,222455.375,41.1090347140732
2025-11-07,42,692713.0,773055.5,-80342.5,80342.5,11.59823765397791
2025-11-07,99,596796.0,580858.7,15937.3125,15937.3125,2.6704791084390647
2025-11-07,57,405121.0,743358.7,-338237.6875,338237.6875,83.49053430950259
2025-11-07,86,791465.0,837215.8,-45750.8125,45750.8125,5.780522512050438
2025-11-07,46,1001319.0,830460.7,170858.3125,170858.3125,17.063324724688137
2025-11-07,4,835950.0,883965.2,-48015.1875,48015.1875,5.743787008792392
2025-11-07,50,541349.0,431645.4,109703.59375,109703.59375,20.26485571230389
2025-11-07,88,490597.0,588888.9,-98291.875,98291.875,20.035156146490905
2025-11-07,22,1122833.0,842008.44,280824.5625,280824.5625,25.01035884232116
2025-11-07,14,1017369.0,799289.0,218080.0,218080.0,21.435683611354385
2025-11-07,56,546262.0,560031.6,-13769.625,13769.625,2.520699774101072
2025-11-07,52,518469.0,518583.0,-114.0,114.0,0.021987814121962934
2025-11-07,35,548261.0,798256.1,-249995.125,249995.125,45.597831142466816
2025-11-07,18,583084.0,447972.9,135111.09375,135111.09375,23.17180607768349
2025-11-07,72,607344.0,745990.4,-138646.375,138646.375,22.828310644379464
2025-11-07,29,509378.0,518559.97,-9181.96875,9181.96875,1.8025844755760947
2025-11-07,20,593251.0,549947.44,43303.5625,43303.5625,7.299366119905402
2025-11-07,3,467181.0,463002.9,4178.09375,4178.09375,0.8943201350226143
2025-11-07,95,510512.0,443352.2,67159.8125,67159.8125,13.155383712821639
2025-11-07,34,885060.0,740154.9,144905.125,144905.125,16.372350462115563
2025-11-07,24,425020.0,588590.2,-163570.1875,163570.1875,38.48529186861795
2025-11-08,35,748448.0,789579.4,-41131.375,41131.375,5.4955554694514515
2025-11-08,36,1253553.0,819168.56,434384.4375,434384.4375,34.652259417830756
2025-11-08,30,333927.0,520841.22,-186914.21875,186914.21875,55.97457490709047
2025-11-08,48,507517.0,759556.06,-252039.0625,252039.0625,49.661205930047664
2025-11-08,49,464799.0,529256.06,-64457.0625,64457.0625,13.867728308365551
2025-11-08,6,802890.0,941700.75,-138810.75,138810.75,17.28888764338826
2025-11-08,56,611017.0,566731.6,44285.375,44285.375,7.247813890611882
2025-11-08,2,785760.0,753652.75,32107.25,32107.25,4.086139533699858
2025-11-08,79,560232.0,572974.6,-12742.625,12742.625,2.2745264461865795
2025-11-08,7,355643.0,437355.5,-81712.5,81712.5,22.975989967467374
2025-11-08,27,505674.0,452444.84,53229.15625,53229.15625,10.526377913438303
2025-11-08,83,789570.0,825704.44,-36134.4375,36134.4375,4.576470420608686
2025-11-08,64,868350.0,867295.44,1054.5625,1054.5625,0.1214444060574653
2025-11-08,32,1093412.0,807593.0,285819.0,285819.0,26.14010089517949
2025-11-08,14,994825.0,758929.7,235895.3125,235895.3125,23.712242102882417
2025-11-08,34,623473.0,762616.5,-139143.5,139143.5,22.317486081995533
2025-11-08,61,406716.0,516369.22,-109653.21875,109653.21875,26.960635615515493
2025-11-08,55,784003.0,871889.56,-87886.5625,87886.5625,11.209977831717481
2025-11-08,74,435956.0,447015.44,-11059.4375,11059.4375,2.5368242437310187
2025-11-08,94,598830.0,765660.1,-166830.125,166830.125,27.859346559123626
2025-11-08,66,790098.0,842197.1,-52099.125,52099.125,6.594007958506413
2025-11-08,76,682479.0,781712.8,-99233.8125,99233.8125,14.540200138026224
2025-11-08,11,1137841.0,821099.8,316741.1875,316741.1875,27.837034128669995
2025-11-08,96,723075.0,770284.06,-47209.0625,47209.0625,6.528930263112402
2025-11-08,43,480513.0,498882.16,-18369.15625,18369.15625,3.8228219111657746
2025-11-08,28,343186.0,464941.06,-121755.0625,121755.0625,35.47786404457058
2025-11-08,15,687163.0,855371.1,-168208.125,168208.125,24.478635345616688
2025-11-08,4,640612.0,887660.8,-247048.8125,247048.8125,38.56449965033437
2025-11-08,26,452681.0,522226.0,-69545.0,69545.0,15.362915607237767
2025-11-08,44,1236142.0,837257.9,398884.125,398884.125,32.268471178877505
2025-11-08,70,607691.0,568209.94,39481.0625,39481.0625,6.496897683197546
2025-11-08,85,691948.0,577649.44,114298.5625,114298.5625,16.51837457438998
2025-11-08,87,943455.0,876661.06,66793.9375,66793.9375,7.079716308673969
2025-11-08,22,1231221.0,863020.56,368200.4375,368200.4375,29.905308429599557
2025-11-08,16,863710.0,819213.9,44496.125,44496.125,5.151743640805363
2025-11-08,82,647932.0,533613.4,114318.625,114318.625,17.643614607705747
2025-11-08,39,1259998.0,928345.9,331652.125,331652.125,26.321639002601593
2025-11-08,97,776843.0,768400.1,8442.875,8442.875,1.0868187008185695
2025-11-08,17,656205.0,572096.4,84108.625,84108.625,12.817431290526587
2025-11-08,58,690633.0,800864.56,-110231.5625,110231.5625,15.96094633473929
2025-11-08,42,750435.0,788261.1,-37826.125,37826.125,5.0405598086443195
2025-11-08,60,588417.0,584073.25,4343.75,4343.75,0.7382094670956142
2025-11-08,53,1066302.0,729804.44,336497.5625,336497.5625,31.557435182528025
2025-11-08,25,460162.0,530024.25,-69862.25,69862.25,15.182098912991512
2025-11-08,8,503980.0,462637.3,41342.6875,41342.6875,8.203239711893328
2025-11-08,57,692571.0,785670.1,-93099.125,93099.125,13.44253874332018
2025-11-08,72,674920.0,730059.0,-55139.0,55139.0,8.16970900254845
2025-11-08,100,785276.0,829892.56,-44616.5625,44616.5625,5.681640913513211
2025-11-08,88,615840.0,558644.06,57195.9375,57195.9375,9.287467118082619
2025-11-08,99,472634.0,558360.94,-85726.9375,85726.9375,18.138123262397542
2025-11-08,80,874746.0,855773.94,18972.0625,18972.0625,2.1688653048999367
2025-11-08,29,262422.0,502555.6,-240133.59375,240133.59375,91.50665483457942
2025-11-08,40,334182.0,443815.25,-109633.25,109633.25,32.80644977886302
2025-11-08,86,736476.0,815268.5,-78792.5,78792.5,10.698583524785601
2025-11-08,46,604845.0,836733.9,-231888.875,231888.875,38.33856194562244
2025-11-08,18,348452.0,477073.47,-128621.46875,128621.46875,36.912248674135895
2025-11-08,20,595750.0,576029.9,19720.125,19720.125,3.3101342845153168
2025-11-08,51,976305.0,793121.5,183183.5,183183.5,18.76293781144212
2025-11-08,3,515971.0,470739.38,45231.625,45231.625,8.766311478745898
2025-11-08,52,470947.0,516875.44,-45928.4375,45928.4375,9.75235801480846
2025-11-08,24,646547.0,564295.4,82251.625,82251.625,12.721677619724476
2025-11-08,90,762886.0,879551.94,-116665.9375,116665.9375,15.292709199015317
2025-11-08,78,579515.0,519885.38,59629.625,59629.625,10.289574040361336
2025-11-08,84,724791.0,697596.75,27194.25,27194.25,3.75201264916369
2025-11-08,63,679351.0,583656.8,95694.1875,95694.1875,14.086118589653948
2025-11-08,95,495212.0,454252.1,40959.90625,40959.90625,8.271186128365224
2025-11-08,12,631935.0,579147.44,52787.5625,52787.5625,8.353321544146155
2025-11-08,50,451416.0,448953.0,2463.0,2463.0,0.5456164602052209
2025-11-08,68,569883.0,821554.9,-251671.875,251671.875,44.162025363100845
2025-11-08,19,651269.0,710314.94,-59045.9375,59045.9375,9.066290196524017
2025-11-08,47,434673.0,524211.78,-89538.78125,89538.78125,20.599112723817676
2025-11-08,93,626275.0,565068.6,61206.375,61206.375,9.773082910861843
2025-11-08,91,782164.0,774835.56,7328.4375,7328.4375,0.9369438506502472
2025-11-08,41,628556.0,801016.9,-172460.875,172460.875,27.437630855484635
2025-11-08,73,719573.0,759544.8,-39971.8125,39971.8125,5.554935010068472
2025-11-08,37,860147.0,858601.4,1545.625,1545.625,0.1796931222221318
2025-11-08,67,421060.0,579191.4,-158131.375,158131.375,37.55554434047404
2025-11-08,54,853116.0,745744.4,107371.625,107371.625,12.585817755147014
2025-11-08,75,750867.0,751958.75,-1091.75,1091.75,0.1453985859013647
2025-11-08,21,444700.0,580344.5,-135644.5,135644.5,30.50247357769283
2025-11-08,65,781157.0,831635.6,-50478.625,50478.625,6.462033240436941
2025-11-08,1,614277.0,582479.75,31797.25,31797.25,5.176369943852692
2025-11-08,45,454905.0,522159.22,-67254.21875,67254.21875,14.784233796067312
2025-11-08,9,794236.0,765302.44,28933.5625,28933.5625,3.6429427147598448
2025-11-08,38,912875.0,800031.7,112843.3125,112843.3125,12.361310420375188
2025-11-08,81,945670.0,769343.06,176326.9375,176326.9375,18.64571547157042
2025-11-08,33,466005.0,456385.3,9619.6875,9619.6875,2.064288473299643
2025-11-08,23,446693.0,589456.6,-142763.625,142763.625,31.96012138090366
2025-11-08,5,612376.0,780351.4,-167975.375,167975.375,27.430104217017
2025-11-08,92,457688.0,533872.75,-76184.75,76184.75,16.645564227159113
2025-11-08,77,530086.0,734307.2,-204221.1875,204221.1875,38.52604813181257
2025-11-08,59,461980.0,525831.25,-63851.25,63851.25,13.82121520412139
2025-11-08,10,499634.0,538079.94,-38445.9375,38445.9375,7.6948201083192895
2025-11-08,71,340013.0,458587.34,-118574.34375,118574.34375,34.87347358777458
2025-11-08,69,515869.0,550502.2,-34633.1875,34633.1875,6.713562454809264
2025-11-08,98,871191.0,859304.3,11886.6875,11886.6875,1.3644180782400186
2025-11-08,31,378821.0,551680.6,-172859.625,172859.625,45.63095102964197
2025-11-08,62,888876.0,808399.1,80476.875,80476.875,9.053779717305902
2025-11-08,13,397424.0,568709.9,-171285.875,171285.875,43.09902648053464
2025-11-08,89,664866.0,439195.44,225670.5625,225670.5625,33.94226242581212
2025-11-09,71,469626.0,372994.66,96631.34375,96631.34375,20.57623380093947
2025-11-09,42,581834.0,684512.4,-102678.375,102678.375,17.647365915364176
2025-11-09,35,656029.0,691860.7,-35831.6875,35831.6875,5.46190602854447
2025-11-09,75,847219.0,643487.6,203731.375,203731.375,24.047073424934993
2025-11-09,57,548629.0,649123.75,-100494.75,100494.75,18.31743309230828
2025-11-09,95,345214.0,384396.8,-39182.8125,39182.8125,11.350296482761417
2025-11-09,13,395189.0,468368.94,-73179.9375,73179.9375,18.517706084936574
2025-11-09,41,846827.0,674230.2,172596.8125,172596.8125,20.381590631852788
2025-11-09,85,621176.0,481433.78,139742.21875,139742.21875,22.49639695513027
2025-11-09,59,574277.0,437638.1,136638.90625,136638.90625,23.793205413067213
2025-11-09,30,475717.0,431526.7,44190.3125,44190.3125,9.28920187842772
2025-11-09,67,510397.0,481909.62,28487.375,28487.375,5.581415055339275
2025-11-09,82,391774.0,446745.1,-54971.09375,54971.09375,14.031327691475187
2025-11-09,10,300536.0,437984.66,-137448.65625,137448.65625,45.73450643184177
2025-11-09,29,225704.0,425991.47,-200287.46875,200287.46875,88.7389983119484
2025-11-09,28,298473.0,408791.03,-110318.03125,110318.03125,36.96080759398673
2025-11-09,88,543051.0,481338.25,61712.75,61712.75,11.364079985121103
2025-11-09,58,460531.0,606626.2,-146095.1875,146095.1875,31.723203758270348
2025-11-09,60,688914.0,480541.5,208372.5,208372.5,30.246518433360333
2025-11-09,87,669841.0,715208.0,-45367.0,45367.0,6.772801306578725
2025-11-09,3,428534.0,384086.2,44447.8125,44447.8125,10.372062076754704
2025-11-09,14,676056.0,649613.2,26442.8125,26442.8125,3.911334637958986
2025-11-09,94,658825.0,692475.3,-33650.3125,33650.3125,5.10762531780063
2025-11-09,12,488538.0,480923.4,7614.59375,7614.59375,1.558649224830003
2025-11-09,2,616773.0,644151.94,-27378.9375,27378.9375,4.439062264398733
2025-11-09,81,751436.0,621555.56,129880.4375,129880.4375,17.284297997434244
2025-11-09,36,713686.0,643522.4,70163.625,70163.625,9.831161743399758
2025-11-09,92,597293.0,448965.56,148327.4375,148327.4375,24.833279060695503
2025-11-09,19,709907.0,608885.4,101021.625,101021.625,14.230261851200227
2025-11-09,80,597317.0,729804.8,-132487.8125,132487.8125,22.180485822435994
2025-11-09,78,471674.0,421154.75,50519.25,50519.25,10.710628527330316
2025-11-09,84,638146.0,665957.25,-27811.25,27811.25,4.358132778392405
2025-11-09,68,414846.0,709336.56,-294490.5625,294490.5625,70.9879238319762
2025-11-09,100,702184.0,625097.06,77086.9375,77086.9375,10.978167759447665
2025-11-09,63,467619.0,456003.94,11615.0625,11615.0625,2.483873088989113
2025-11-09,24,434980.0,455703.12,-20723.125,20723.125,4.7641558232562415
2025-11-09,46,340820.0,705779.4,-364959.375,364959.375,107.0827342878939
2025-11-09,52,312444.0,441988.94,-129544.9375,129544.9375,41.461809956344176
2025-11-09,18,546098.0,395637.75,150460.25,150460.25,27.551877135605697
2025-11-09,86,947017.0,665886.9,281130.125,281130.125,29.6858583320046
2025-11-09,40,368050.0,387746.12,-19696.125,19696.125,5.351480777068334
2025-11-09,53,656585.0,620424.94,36160.0625,36160.0625,5.5072934197400185
2025-11-09,8,382686.0,375447.22,7238.78125,7238.78125,1.8915720068149868
2025-11-09,17,386379.0,473890.72,-87511.71875,87511.71875,22.649191273335248
2025-11-09,25,573005.0,424015.16,148989.84375,148989.84375,26.00149104283558
2025-11-09,45,626690.0,435713.6,190976.40625,190976.40625,30.473823780497533
2025-11-09,65,955125.0,738152.1,216972.875,216972.875,22.716699384897264
2025-11-09,73,517086.0,646038.7,-128952.6875,128952.6875,24.93834439532302
2025-11-09,69,421836.0,452952.8,-31116.8125,31116.8125,7.376518955233788
2025-11-09,31,488392.0,447606.88,40785.125,40785.125,8.350899482383003
2025-11-09,49,368956.0,440132.5,-71176.5,71176.5,19.291324710805625
2025-11-09,64,626147.0,737081.9,-110934.875,110934.875,17.717065641135388
2025-11-09,22,451172.0,796673.0,-345501.0,345501.0,76.57855540680715
2025-11-09,79,476044.0,481103.22,-5059.21875,5059.21875,1.0627628433506147
2025-11-09,6,590028.0,694820.56,-104792.5625,104792.5625,17.760608394855836
2025-11-09,48,696991.0,662796.56,34194.4375,34194.4375,4.906008470697612
2025-11-09,32,816874.0,661170.1,155703.875,155703.875,19.060941467105085
2025-11-09,7,330946.0,372476.22,-41530.21875,41530.21875,12.548941141455103
2025-11-09,91,684662.0,727704.8,-43042.8125,43042.8125,6.286724325287514
2025-11-09,62,811081.0,706630.94,104450.0625,104450.0625,12.877883035109933
2025-11-09,21,564255.0,476831.72,87423.28125,87423.28125,15.493576707339768
2025-11-09,23,415825.0,480987.53,-65162.53125,65162.53125,15.670662237720196
2025-11-09,97,526549.0,671106.06,-144557.0625,144557.0625,27.453677150654542
2025-11-09,39,461227.0,672757.2,-211530.1875,211530.1875,45.862490162111065
2025-11-09,90,706031.0,689825.7,16205.3125,16205.3125,2.295269258715269
2025-11-09,99,434479.0,481814.66,-47335.65625,47335.65625,10.8948087824728
2025-11-09,50,419498.0,364123.88,55374.125,55374.125,13.200092729881908
2025-11-09,20,488414.0,470422.28,17991.71875,17991.71875,3.683702504432715
2025-11-09,47,396036.0,419684.16,-23648.15625,23648.15625,5.971213791170499
2025-11-09,51,554833.0,690893.56,-136060.5625,136060.5625,24.5227955979547
2025-11-09,38,636354.0,737847.8,-101493.8125,101493.8125,15.949269196076399
2025-11-09,98,745106.0,736699.06,8406.9375,8406.9375,1.128287451718279
2025-11-09,72,473730.0,621054.56,-147324.5625,147324.5625,31.098845861566716
2025-11-09,61,482132.0,424879.12,57252.875,57252.875,11.874937776376594
2025-11-09,9,461902.0,692796.9,-230894.875,230894.875,49.987849154149586
2025-11-09,16,784202.0,712189.9,72012.125,72012.125,9.182854035057295
2025-11-09,83,607147.0,699671.44,-92524.4375,92524.4375,15.23921513241439
2025-11-09,96,541576.0,615757.94,-74181.9375,74181.9375,13.697419660398541
2025-11-09,26,269191.0,442370.06,-173179.0625,173179.0625,64.33315471171028
2025-11-09,55,596188.0,754948.06,-158760.0625,158760.0625,26.629194566143568
2025-11-09,66,513071.0,675885.94,-162814.9375,162814.9375,31.733412627102293
2025-11-09,44,667194.0,738901.8,-71707.8125,71707.8125,10.74767046766008
2025-11-09,15,740272.0,716083.1,24188.875,24188.875,3.2675658406639716
2025-11-09,27,395419.0,391971.97,3447.03125,3447.03125,0.871741431241291
2025-11-09,56,513428.0,471082.22,42345.78125,42345.78125,8.247657169067523
2025-11-09,4,628726.0,760855.9,-132129.875,132129.875,21.015494030786066
2025-11-09,34,861651.0,616737.6,244913.375,244913.375,28.42373246244709
2025-11-09,74,266850.0,350639.56,-83789.5625,83789.5625,31.399498782087313
2025-11-09,76,679643.0,672901.4,6741.625,6741.625,0.9919362076855055
2025-11-09,43,435946.0,419951.34,15994.65625,15994.65625,3.6689535515866645
2025-11-09,70,371895.0,468724.4,-96829.40625,96829.40625,26.036759367563427
2025-11-09,93,470910.0,477103.38,-6193.375,6193.375,1.3151929243379838
2025-11-09,89,303358.0,387584.06,-84226.0625,84226.0625,27.76457601250008
2025-11-09,11,602767.0,642440.4,-39673.375,39673.375,6.581875749667781
2025-11-09,5,625588.0,688138.06,-62550.0625,62550.0625,9.998603314002187
2025-11-09,77,556231.0,647233.25,-91002.25,91002.25,16.360513887215923
2025-11-09,37,926594.0,738591.5,188002.5,188002.5,20.289630625710934
2025-11-09,33,469416.0,392704.9,76711.09375,76711.09375,16.341814882747922
2025-11-09,54,590814.0,640949.9,-50135.875,50135.875,8.485898269167622
2025-11-09,1,410215.0,474587.8,-64372.8125,64372.8125,15.692457004253868
2025-11-10,97,746112.0,655474.56,90637.4375,90637.4375,12.14796672617516
2025-11-10,90,725892.0,734812.94,-8920.9375,8920.9375,1.2289620907793446
2025-11-10,23,431767.0,488195.28,-56428.28125,56428.28125,13.06915101200416
2025-11-10,27,490853.0,382727.75,108125.25,108125.25,22.02803079537051
2025-11-10,4,607275.0,750295.0,-143020.0,143020.0,23.55110946441069
2025-11-10,21,603312.0,483977.25,119334.75,119334.75,19.77993973267563
2025-11-10,29,464433.0,428378.53,36054.46875,36054.46875,7.763115185613426
2025-11-10,7,385576.0,367066.8,18509.1875,18509.1875,4.800399272776314
2025-11-10,91,518258.0,674150.5,-155892.5,155892.5,30.080095242138082
2025-11-10,18,463491.0,393643.75,69847.25,69847.25,15.069817968417942
2025-11-10,87,617705.0,720059.3,-102354.3125,102354.3125,16.570096162407623
2025-11-10,32,538344.0,587009.94,-48665.9375,48665.9375,9.039933109684513
2025-11-10,14,522972.0,725900.3,-202928.3125,202928.3125,38.80290197180729
2025-11-10,94,400696.0,677413.25,-276717.25,276717.25,69.05914957973127
2025-11-10,34,588614.0,618286.5,-29672.5,29672.5,5.041079552983789
2025-11-10,88,543187.0,502521.75,40665.25,40665.25,7.486418121199513
2025-11-10,6,658756.0,736795.8,-78039.8125,78039.8125,11.846542953688468
2025-11-10,22,702880.0,722084.6,-19204.625,19204.625,2.7322764910084225
2025-11-10,28,354944.0,373110.5,-18166.5,18166.5,5.11813131085467
2025-11-10,10,435422.0,435852.53,-430.53125,430.53125,0.09887677930834915
2025-11-10,25,491453.0,427550.53,63902.46875,63902.46875,13.00276298038673
2025-11-10,33,650549.0,380987.5,269561.5,269561.5,41.436002514799036
2025-11-10,99,370531.0,469999.94,-99468.9375,99468.9375,26.84497046131093
2025-11-10,89,426090.0,372615.22,53474.78125,53474.78125,12.550114119082822
2025-11-10,24,528499.0,483768.97,44730.03125,44730.03125,8.46359808627831
2025-11-10,3,413289.0,383013.03,30275.96875,30275.96875,7.325616880681557
2025-11-10,93,330104.0,479210.1,-149106.09375,149106.09375,45.169429558563365
2025-11-10,95,347870.0,368597.28,-20727.28125,20727.28125,5.95834111880875
2025-11-10,12,384557.0,490575.56,-106018.5625,106018.5625,27.569011225904095
2025-11-10,13,699856.0,483873.28,215982.71875,215982.71875,30.86102266037585
2025-11-10,9,593353.0,656448.75,-63095.75,63095.75,10.63376270112395
2025-11-10,16,885323.0,683129.56,202193.4375,202193.4375,22.83838073787759
2025-11-10,86,472344.0,732068.44,-259724.4375,259724.4375,54.986289124028254
2025-11-10,19,777503.0,628370.56,149132.4375,149132.4375,19.18094689023708
2025-11-10,92,590642.0,436524.3,154117.6875,154117.6875,26.09324895622052
2025-11-10,96,809478.0,610376.8,199101.1875,199101.1875,24.59624443159666
2025-11-10,98,532239.0,698387.44,-166148.4375,166148.4375,31.21688517752363
2025-11-10,11,435143.0,623058.75,-187915.75,187915.75,43.18482659723355
2025-11-10,35,828505.0,653951.06,174553.9375,174553.9375,21.06854364186094
2025-11-10,26,341049.0,433431.22,-92382.21875,92382.21875,27.087667387970644
2025-11-10,31,667599.0,422528.47,245070.53125,245070.53125,36.709241812824764
2025-11-10,30,469051.0,426544.16,42506.84375,42506.84375,9.06230745697163
2025-11-10,1,490532.0,467450.28,23081.71875,23081.71875,4.705446076912414
2025-11-10,2,693745.0,678129.75,15615.25,15615.25,2.2508630692833824
2025-11-10,20,518372.0,491189.7,27182.3125,27182.3125,5.243784868781493
2025-11-10,8,238568.0,370521.0,-131953.0,131953.0,55.31043559907448
2025-11-10,15,461368.0,709542.2,-248174.1875,248174.1875,53.79094074578211
2025-11-10,17,401052.0,462963.12,-61911.125,61911.125,15.43718146275296
2025-11-10,5,664628.0,632532.7,32095.3125,32095.3125,4.8290641531804255
2025-11-10,50,257014.0,381910.97,-124896.96875,124896.96875,48.59539509520882
2025-11-10,42,569431.0,663788.9,-94357.875,94357.875,16.57055464138763
2025-11-10,70,525909.0,490003.03,35905.96875,35905.96875,6.827410968437506
2025-11-10,85,492939.0,484116.25,8822.75,8822.75,1.789825921665764
2025-11-10,54,727662.0,607346.8,120315.1875,120315.1875,16.534488196442855
2025-11-10,77,586583.0,608136.25,-21553.25,21553.25,3.6743734475768988
2025-11-10,53,725417.0,614570.5,110846.5,110846.5,15.280383558697963
2025-11-10,52,324790.0,418315.47,-93525.46875,93525.46875,28.795673743033962
2025-11-10,55,635444.0,773300.44,-137856.4375,137856.4375,21.694506124851284
2025-11-10,67,333562.0,478241.72,-144679.71875,144679.71875,43.3741609505879
2025-11-10,51,701426.0,673908.94,27517.0625,27517.0625,3.923017182140383
2025-11-10,84,573209.0,639100.44,-65891.4375,65891.4375,11.495185438470088
2025-11-10,38,829592.0,760433.9,69158.125,69158.125,8.336402110917174
2025-11-10,100,523499.0,703424.4,-179925.375,179925.375,34.36976479420209
2025-11-10,79,562921.0,480037.03,82883.96875,82883.96875,14.723907750821164
2025-11-10,71,304052.0,385426.8,-81374.8125,81374.8125,26.76345246865668
2025-11-10,78,492219.0,409477.9,82741.09375,82741.09375,16.809813060852992
2025-11-10,56,405152.0,511685.28,-106533.28125,106533.28125,26.294645281277152
2025-11-10,76,727999.0,680994.0,47005.0,47005.0,6.4567396383786235
2025-11-10,66,826445.0,670512.9,155932.125,155932.125,18.867816370115374
2025-11-10,73,843820.0,674204.5,169615.5,169615.5,20.100910146713755
2025-11-10,63,544337.0,474522.6,69814.40625,69814.40625,12.825585299180469
2025-11-10,62,495129.0,686421.25,-191292.25,191292.25,38.63483051891527
2025-11-10,65,601932.0,713055.25,-111123.25,111123.25,18.461096934537455
2025-11-10,41,601536.0,687821.56,-86285.5625,86285.5625,14.34420591618789
2025-11-10,61,423811.0,430763.6,-6952.59375,6952.59375,1.6404939347964067
2025-11-10,74,436665.0,386214.03,50450.96875,50450.96875,11.553701063744517
2025-11-10,37,1160994.0,704064.94,456929.0625,456929.0625,39.3567117917922
2025-11-10,60,353786.0,484870.6,-131084.59375,131084.59375,37.05194489041398
2025-11-10,36,736520.0,636064.8,100455.1875,100455.1875,13.63916628197469
2025-11-10,59,461115.0,432665.9,28449.09375,28449.09375,6.169630948895612
2025-11-10,75,935324.0,616973.9,318350.125,318350.125,34.036347297834766
2025-11-10,72,584668.0,628748.5,-44080.5,44080.5,7.539406979687617
2025-11-10,58,736793.0,639409.8,97383.1875,97383.1875,13.217170562152464
2025-11-10,57,676994.0,633546.4,43447.625,43447.625,6.417726744993309
2025-11-10,68,755116.0,667740.7,87375.3125,87375.3125,11.571111259726981
2025-11-10,49,395754.0,439010.22,-43256.21875,43256.21875,10.930077459735088
2025-11-10,64,765807.0,687339.1,78467.875,78467.875,10.246429583432901
2025-11-10,39,747696.0,685009.3,62686.6875,62686.6875,8.383980588367464
2025-11-10,46,608173.0,670302.75,-62129.75,62129.75,10.215802082631093
2025-11-10,45,396011.0,436046.6,-40035.59375,40035.59375,10.109717596228387
2025-11-10,48,445773.0,631612.56,-185839.5625,185839.5625,41.68928187665023
2025-11-10,69,297160.0,438544.2,-141384.1875,141384.1875,47.5784720352672
2025-11-10,80,609982.0,754885.06,-144903.0625,144903.0625,23.755301385942538
2025-11-10,40,292621.0,388006.56,-95385.5625,95385.5625,32.59696416183391
2025-11-10,82,350678.0,448694.6,-98016.59375,98016.59375,27.95059677253777
2025-11-10,44,931041.0,713902.25,217138.75,217138.75,23.322146930156674
2025-11-10,81,442619.0,593290.0,-150671.0,150671.0,34.04078903074653
2025-11-10,43,727762.0,428931.84,298830.15625,298830.15625,41.061522345217256
2025-11-10,83,799459.0,688965.06,110493.9375,110493.9375,13.821088698732517
2025-11-10,47,390010.0,426020.53,-36010.53125,36010.53125,9.233232801723034
2025-11-11,11,384246.0,640825.1,-256579.125,256579.125,66.77470292468887
2025-11-11,31,407282.0,436707.47,-29425.46875,29425.46875,7.224838993621127
2025-11-11,59,569188.0,438043.4,131144.59375,131144.59375,23.040646280315116
2025-11-11,45,466095.0,429403.8,36691.1875,36691.1875,7.872040571128204
2025-11-11,46,844178.0,669324.94,174853.0625,174853.0625,20.712819156623365
2025-11-11,75,742295.0,618732.6,123562.375,123562.375,16.645993169831403
2025-11-11,12,665488.0,489230.2,176257.8125,176257.8125,26.48549823588104
2025-11-11,95,508955.0,389974.75,118980.25,118980.25,23.377361456317356
2025-11-11,58,851692.0,641934.5,209757.5,209757.5,24.62832808104338
2025-11-11,39,905262.0,755928.4,149333.625,149333.625,16.496177349761727
2025-11-11,13,410498.0,480113.88,-69615.875,69615.875,16.95888286910046
2025-11-11,33,399505.0,403010.62,-3505.625,3505.625,0.8774921465313326
2025-11-11,29,335342.0,421047.88,-85705.875,85705.875,25.55775148952413
2025-11-11,25,453934.0,438402.34,15531.65625,15531.65625,3.4215670670185534
2025-11-11,60,362335.0,483038.75,-120703.75,120703.75,33.31274925138339
2025-11-11,22,803546.0,728382.5,75163.5,75163.5,9.35397600137391
2025-11-11,57,302259.0,616628.44,-314369.4375,314369.4375,104.00664248210971
2025-11-11,97,396295.0,653316.44,-257021.4375,257021.4375,64.85608889842163
2025-11-11,27,410417.0,394472.62,15944.375,15944.375,3.884920702602475
2025-11-11,73,487274.0,663661.1,-176387.125,176387.125,36.1987557308619
2025-11-11,63,351137.0,474321.16,-123184.15625,123184.15625,35.08150842833424
2025-11-11,8,461983.0,393549.56,68433.4375,68433.4375,14.812977425576266
2025-11-11,34,517558.0,619423.1,-101865.125,101865.125,19.681876234161194
2025-11-11,62,437138.0,684893.3,-247755.3125,247755.3125,56.676681619991854
2025-11-11,44,735188.0,718230.1,16957.875,16957.875,2.306603889073271
2025-11-11,9,517003.0,686718.94,-169715.9375,169715.9375,32.82687672992226
2025-11-11,26,485980.0,431486.4,54493.59375,54493.59375,11.21313505699823
2025-11-11,30,339187.0,446784.97,-107597.96875,107597.96875,31.722315050399928
2025-11-11,89,337910.0,394288.66,-56378.65625,56378.65625,16.684518436861886
2025-11-11,96,610624.0,614751.7,-4127.6875,4127.6875,0.6759785891153968
2025-11-11,41,455607.0,676955.9,-221348.875,221348.875,48.58329108200708
2025-11-11,61,429682.0,433280.38,-3598.375,3598.375,0.837450719369208
2025-11-11,81,452998.0,595284.06,-142286.0625,142286.0625,31.40986549609491
2025-11-11,74,591532.0,388339.9,203192.09375,203192.09375,34.350143990519534
2025-11-11,37,888210.0,711326.75,176883.25,176883.25,19.914575381947962
2025-11-11,10,320077.0,454017.94,-133940.9375,133940.9375,41.84647366102532
2025-11-11,94,515299.0,675217.56,-159918.5625,159918.5625,31.034130184611264
2025-11-11,42,776471.0,664913.75,111557.25,111557.25,14.367213971931985
2025-11-11,78,464004.0,431266.22,32737.78125,32737.78125,7.055495480642408
2025-11-11,19,652423.0,615794.75,36628.25,36628.25,5.614187421350872
2025-11-11,92,458854.0,443164.84,15689.15625,15689.15625,3.419204420142355
2025-11-11,51,763619.0,673490.44,90128.5625,90128.5625,11.80281822479535
2025-11-11,23,542314.0,484489.66,57824.34375,57824.34375,10.662520928834587
2025-11-11,84,534550.0,619067.56,-84517.5625,84517.5625,15.810974183892995
2025-11-11,32,844271.0,631597.9,212673.125,212673.125,25.19014925302421
2025-11-11,82,324378.0,447345.12,-122967.125,122967.125,37.90858967007627
2025-11-11,38,712528.0,708438.44,4089.5625,4089.5625,0.5739511289380909
2025-11-11,50,310045.0,388821.4,-78776.40625,78776.40625,25.408055685465015
2025-11-11,21,600049.0,476327.34,123721.65625,123721.65625,20.618592189971153
2025-11-11,91,1102361.0,705582.5,396778.5,396778.5,35.99351755005847
2025-11-11,48,755516.0,631799.06,123716.9375,123716.9375,16.375157839145697
2025-11-11,79,449686.0,483305.62,-33619.625,33619.625,7.476244535075587
2025-11-11,49,324261.0,431228.78,-106967.78125,106967.78125,32.988173492957834
2025-11-11,28,413636.0,378477.88,35158.125,35158.125,8.499773955845235
2025-11-11,20,517406.0,497027.7,20378.3125,20378.3125,3.938553573016161
2025-11-11,52,373825.0,438603.25,-64778.25,64778.25,17.328495953989165
2025-11-11,88,591752.0,482315.6,109436.40625,109436.40625,18.493626764252593
2025-11-11,18,352468.0,379208.72,-26740.71875,26740.71875,7.586708225994984
2025-11-11,24,466935.0,475300.2,-8365.1875,8365.1875,1.7915100602867637
2025-11-11,100,771479.0,702079.1,69399.875,69399.875,8.995692040872143
2025-11-11,43,475892.0,442883.22,33008.78125,33008.78125,6.93619166743715
2025-11-11,76,829125.0,669363.6,159761.375,159761.375,19.26867179255239
2025-11-11,56,504869.0,491541.47,13327.53125,13327.53125,2.6397998787804364
2025-11-11,15,629386.0,710689.06,-81303.0625,81303.0625,12.917837781583957
2025-11-11,55,570175.0,734733.5,-164558.5,164558.5,28.861051431578023
2025-11-11,80,838086.0,736940.9,101145.125,101145.125,12.06858544349864
2025-11-11,16,561920.0,682956.56,-121036.5625,121036.5625,21.53982105993736
2025-11-11,86,964225.0,726433.5,237791.5,237791.5,24.661412014830564
2025-11-11,93,484392.0,498853.66,-14461.65625,14461.65625,2.985527475680853
2025-11-11,54,753635.0,646392.3,107242.6875,107242.6875,14.230056658727369
2025-11-11,47,415919.0,440521.5,-24602.5,24602.5,5.915214260468986
2025-11-11,90,828252.0,709363.44,118888.5625,118888.5625,14.354153385684551
2025-11-11,77,768638.0,630124.25,138513.75,138513.75,18.020674231562843
2025-11-11,17,384047.0,471920.1,-87873.09375,87873.09375,22.88081764731921
2025-11-11,7,313420.0,393735.78,-80315.78125,80315.78125,25.625608209431434
2025-11-11,14,641026.0,698863.06,-57837.0625,57837.0625,9.02257669735705
2025-11-11,53,725820.0,673952.56,51867.4375,51867.4375,7.146046884902593
2025-11-11,70,536658.0,461644.06,75013.9375,75013.9375,13.977978060515264
2025-11-11,3,498129.0,393875.34,104253.65625,104253.65625,20.92904774666803
2025-11-11,5,458491.0,632668.1,-174177.125,174177.125,37.98921352872793
2025-11-11,6,642051.0,729951.06,-87900.0625,87900.0625,13.69051095629475
2025-11-11,66,394739.0,702284.5,-307545.5,307545.5,77.91110075264922
2025-11-11,36,494315.0,663996.2,-169681.1875,169681.1875,34.32653014778026
2025-11-11,68,907398.0,686269.25,221128.75,221128.75,24.369543463838358
2025-11-11,71,424203.0,393557.62,30645.375,30645.375,7.224224015388858
2025-11-11,87,747173.0,740008.2,7164.8125,7164.8125,0.9589228331323536
2025-11-11,2,498079.0,635106.9,-137027.875,137027.875,27.511273312064954
2025-11-11,40,240802.0,385974.66,-145172.65625,145172.65625,60.28714722053804
2025-11-11,99,274648.0,476354.84,-201706.84375,201706.84375,73.44194887637995
2025-11-11,69,504119.0,437469.97,66649.03125,66649.03125,13.220892537277903
2025-11-11,64,749260.0,761461.6,-12201.625,12201.625,1.6284901102421054
2025-11-11,1,471166.0,487578.38,-16412.375,16412.375,3.4833530008532025
2025-11-11,85,483480.0,482416.38,1063.625,1063.625,0.2199935881525606
2025-11-11,65,655472.0,747159.56,-91687.5625,91687.5625,13.988021227451364
2025-11-11,72,773723.0,627444.5,146278.5,146278.5,18.905797035890107
2025-11-11,83,668688.0,691029.0,-22341.0,22341.0,3.341020027277295
2025-11-11,98,758101.0,760776.1,-2675.125,2675.125,0.35287184689111345
2025-11-11,4,821543.0,761889.2,59653.8125,59653.8125,7.2611917452890475
2025-11-11,67,523018.0,482496.38,40521.625,40521.625,7.747654000435931
2025-11-11,35,559207.0,683435.7,-124228.6875,124228.6875,22.21515243907891
2025-11-12,31,629345.0,432418.62,196926.375,196926.375,31.290687142981987
2025-11-12,11,701457.0,678902.44,22554.5625,22554.5625,3.215387757196806
2025-11-12,59,411927.0,452917.88,-40990.875,40990.875,9.951004668302879
2025-11-12,14,508096.0,664204.3,-156108.3125,156108.3125,30.72417663197506
2025-11-12,5,744104.0,633138.94,110965.0625,110965.0625,14.912574384763419
2025-11-12,57,705864.0,631950.2,73913.8125,73913.8125,10.471395693788038
2025-11-12,29,377208.0,434579.9,-57371.90625,57371.90625,15.209620753006298
2025-11-12,72,514512.0,648172.3,-133660.3125,133660.3125,25.97807485539696
2025-11-12,91,359411.0,679837.4,-320426.375,320426.375,89.15319091513615
2025-11-12,82,361771.0,456781.03,-95010.03125,95010.03125,26.262478543056243
2025-11-12,87,692547.0,739196.2,-46649.1875,46649.1875,6.735887600408348
2025-11-12,81,586898.0,619813.94,-32915.9375,32915.9375,5.608459647161858
2025-11-12,13,373995.0,489764.53,-115769.53125,115769.53125,30.9548339549994
2025-11-12,50,359543.0,377781.38,-18238.375,18238.375,5.072654731144814
2025-11-12,58,766922.0,626135.7,140786.3125,140786.3125,18.35731828008585
2025-11-12,88,637451.0,490417.22,147033.78125,147033.78125,23.06589545706258
2025-11-12,45,659048.0,437419.9,221628.09375,221628.09375,33.62852079818162
2025-11-12,95,298106.0,390058.12,-91952.125,91952.125,30.845445915211368
2025-11-12,20,477315.0,472732.72,4582.28125,4582.28125,0.9600119941757539
2025-11-12,21,389181.0,485879.62,-96698.625,96698.625,24.84669729508892
2025-11-12,1,345569.0,473884.1,-128315.09375,128315.09375,37.1315406619228
2025-11-12,12,332524.0,479474.72,-146950.71875,146950.71875,44.19251505154515
2025-11-12,75,570520.0,632178.1,-61658.125,61658.125,10.807355570356867
2025-11-12,98,868335.0,677840.8,190494.1875,190494.1875,21.937868161481454
2025-11-12,90,889127.0,742318.2,146808.8125,146808.8125,16.51156836987292
2025-11-12,33,355898.0,377910.03,-22012.03125,22012.03125,6.1849269313117805
2025-11-12,47,450204.0,437228.28,12975.71875,12975.71875,2.8821864643583797
2025-11-12,66,987491.0,675368.0,312123.0,312123.0,31.607680475062555
2025-11-12,2,535825.0,619522.4,-83697.375,83697.375,15.62028180842626
2025-11-12,54,746951.0,629936.8,117014.1875,117014.1875,15.665577460904398
2025-11-12,77,695082.0,616775.0,78307.0,78307.0,11.265865034629009
2025-11-12,4,459383.0,720386.25,-261003.25,261003.25,56.81604456412188
2025-11-12,17,632207.0,476806.97,155400.03125,155400.03125,24.580561627757998
2025-11-12,19,758868.0,640404.2,118463.8125,118463.8125,15.610595320925377
2025-11-12,43,545759.0,423059.6,122699.40625,122699.40625,22.482342251799786
2025-11-12,85,643870.0,477110.06,166759.9375,166759.9375,25.89962841878019
2025-11-12,92,468003.0,438937.38,29065.625,29065.625,6.210563821172086
2025-11-12,35,699199.0,669729.5,29469.5,29469.5,4.214751451303563
2025-11-12,18,280656.0,394133.94,-113477.9375,113477.9375,40.433105830625394
2025-11-12,52,296301.0,437351.78,-141050.78125,141050.78125,47.60388296023301
2025-11-12,24,530752.0,476030.25,54721.75,54721.75,10.310229636440372
2025-11-12,67,651980.0,485399.66,166580.34375,166580.34375,25.549916216755115
2025-11-12,78,575258.0,431255.78,144002.21875,144002.21875,25.03263209725028
2025-11-12,53,700142.0,633858.06,66283.9375,66283.9375,9.46721343670284
2025-11-12,93,474233.0,473028.66,1204.34375,1204.34375,0.2539561249428024
2025-11-12,86,490720.0,647178.44,-156458.4375,156458.4375,31.883444224812518
2025-11-12,51,720402.0,700948.3,19453.6875,19453.6875,2.700393322061849
2025-11-12,94,544310.0,678332.7,-134022.6875,134022.6875,24.62249223787915
2025-11-12,76,758722.0,656039.06,102682.9375,102682.9375,13.533670764786049
2025-11-12,25,421506.0,430505.38,-8999.375,8999.375,2.135052644564965
2025-11-12,42,585438.0,693667.44,-108229.4375,108229.4375,18.486917060388976
2025-11-12,38,731175.0,702072.7,29102.3125,29102.3125,3.9802116456388688
2025-11-12,56,438265.0,473493.25,-35228.25,35228.25,8.03811620823018
2025-11-12,15,630953.0,700797.06,-69844.0625,69844.0625,11.069614139246504
2025-11-12,83,592405.0,696841.75,-104436.75,104436.75,17.629282332188286
2025-11-12,40,317560.0,393711.06,-76151.0625,76151.0625,23.980054950245624
2025-11-12,46,792764.0,668554.2,124209.8125,124209.8125,15.667943107911055
2025-11-12,84,808612.0,625027.5,183584.5,183584.5,22.703657625659773
2025-11-12,55,796891.0,757415.3,39475.6875,39475.6875,4.953712301933388
2025-11-12,16,739749.0,650173.1,89575.875,89575.875,12.108955199669078
2025-11-12,80,707684.0,791391.3,-83707.3125,83707.3125,11.82834605558413
2025-11-12,39,1004958.0,731893.75,273064.25,273064.25,27.171707673355506
2025-11-12,3,351961.0,388431.2,-36470.1875,36470.1875,10.361996783734561
2025-11-12,36,496171.0,669057.75,-172886.75,172886.75,34.84418678237946
2025-11-12,64,1080673.0,733544.7,347128.3125,347128.3125,32.12149396718526
2025-11-12,69,399379.0,453661.16,-54282.15625,54282.15625,13.591640083729992
2025-11-12,89,252927.0,385268.47,-132341.46875,132341.46875,52.32397836134537
2025-11-12,73,1100975.0,670737.4,430237.625,430237.625,39.077874156997204
2025-11-12,74,301023.0,400987.03,-99964.03125,99964.03125,33.20810411496796
2025-11-12,60,445660.0,484737.78,-39077.78125,39077.78125,8.768518882107436
2025-11-12,44,546718.0,720228.6,-173510.625,173510.625,31.736768315658164
2025-11-12,100,585688.0,677324.3,-91636.3125,91636.3125,15.645926244007047
2025-11-12,61,549657.0,431552.4,118104.59375,118104.59375,21.486962551191017
2025-11-12,63,278600.0,474820.47,-196220.46875,196220.46875,70.43089330581479
2025-11-12,49,439022.0,440454.06,-1432.0625,1432.0625,0.3261937898328558
2025-11-12,26,373728.0,424912.94,-51184.9375,51184.9375,13.695772727759225
2025-11-12,48,725682.0,644715.9,80966.125,80966.125,11.157245873536894
2025-11-12,96,919374.0,626516.6,292857.375,292857.375,31.85399793772719
2025-11-12,8,389818.0,376945.16,12872.84375,12872.84375,3.3022702261055157
2025-11-12,65,899245.0,744602.7,154642.3125,154642.3125,17.19690545957998
2025-11-12,68,739286.0,688043.6,51242.375,51242.375,6.931333070016205
2025-11-12,28,420400.0,396992.22,23407.78125,23407.78125,5.567978413415794
2025-11-12,9,955984.0,660764.94,295219.0625,295219.0625,30.881171912919044
2025-11-12,6,1112560.0,760701.1,351858.875,351858.875,31.62605836988567
2025-11-12,34,481415.0,632917.2,-151502.1875,151502.1875,31.47018424851739
2025-11-12,62,843496.0,653510.25,189985.75,189985.75,22.52361007046862
2025-11-12,22,935480.0,788806.5,146673.5,146673.5,15.678956257750032
2025-11-12,32,643343.0,636816.9,6526.125,6526.125,1.0144083327245341
2025-11-12,41,473606.0,668974.44,-195368.4375,195368.4375,41.25125895786793
2025-11-12,30,723041.0,437164.0,285877.0,285877.0,39.538145139763856
2025-11-12,99,359559.0,487607.78,-128048.78125,128048.78125,35.61273149886389
2025-11-12,23,427457.0,474713.4,-47256.40625,47256.40625,11.05524210622355
2025-11-12,37,579849.0,727469.7,-147620.6875,147620.6875,25.458470653566707
2025-11-12,79,585494.0,480260.6,105233.40625,105233.40625,17.973438882379668
2025-11-12,70,520979.0,482419.62,38559.375,38559.375,7.4013299960267105
2025-11-12,71,420904.0,399328.47,21575.53125,21575.53125,5.125998149221675
2025-11-12,7,315988.0,391087.7,-75099.6875,75099.6875,23.766626422522375
2025-11-12,97,822982.0,652626.8,170355.1875,170355.1875,20.69974647076121
2025-11-12,10,414327.0,430899.4,-16572.40625,16572.40625,3.9998373868948924
2025-11-12,27,476892.0,390821.78,86070.21875,86070.21875,18.048157392030063
2025-11-13,52,320239.0,433636.44,-113397.4375,113397.4375,35.410252186648094
2025-11-13,88,681426.0,478811.62,202614.375,202614.375,29.733877926583368
2025-11-13,27,466419.0,394779.1,71639.90625,71639.90625,15.359560020067791
2025-11-13,40,441848.0,400157.2,41690.8125,41690.8125,9.43555532671869
2025-11-13,8,549773.0,374789.94,174983.0625,174983.0625,31.828238654863007
2025-11-13,46,388990.0,690686.8,-301696.8125,301696.8125,77.55901501323942
2025-11-13,84,698214.0,676970.0,21244.0,21244.0,3.0426201708931644
2025-11-13,16,611808.0,699276.5,-87468.5,87468.5,14.29672380877661
2025-11-13,64,813716.0,693544.5,120171.5,120171.5,14.768236092199244
2025-11-13,80,294510.0,729979.0,-435469.0,435469.0,147.86221180944622
2025-11-13,67,485660.0,491646.56,-5986.5625,5986.5625,1.2326653420088127
2025-11-13,99,357245.0,495758.88,-138513.875,138513.875,38.77279598034962
2025-11-13,34,700195.0,632610.56,67584.4375,67584.4375,9.652230807132298
2025-11-13,7,425892.0,386648.6,39243.40625,39243.40625,9.214403240727696
2025-11-13,15,733680.0,720057.3,13622.6875,13622.6875,1.8567614627630575
2025-11-13,30,510664.0,450875.25,59788.75,59788.75,11.70804090360785
2025-11-13,3,458414.0,377592.4,80821.59375,80821.59375,17.630699269655814
2025-11-13,78,527237.0,437861.7,89375.3125,89375.3125,16.95163892139588
2025-11-13,23,578021.0,499833.78,78187.21875,78187.21875,13.526709020952527
2025-11-13,55,426031.0,733046.4,-307015.375,307015.375,72.0640927538137
2025-11-13,39,714567.0,711900.8,2666.1875,2666.1875,0.37311931561351136
2025-11-13,51,691617.0,669147.0,22470.0,22470.0,3.2489079938752226
2025-11-13,48,673941.0,643920.56,30020.4375,30020.4375,4.454460776240056
2025-11-13,53,563371.0,625504.5,-62133.5,62133.5,11.028877950764238
2025-11-13,82,490018.0,458531.25,31486.75,31486.75,6.425631303339878
2025-11-13,70,385042.0,490466.8,-105424.8125,105424.8125,27.38008126386212
2025-11-13,17,396488.0,480876.2,-84388.1875,84388.1875,21.28391968987712
2025-11-13,32,811667.0,637017.2,174649.8125,174649.8125,21.517421861428392
2025-11-13,97,598372.0,666165.1,-67793.125,67793.125,11.329595134799089
2025-11-13,43,291038.0,434250.34,-143212.34375,143212.34375,49.20743811804644
2025-11-13,19,613179.0,612898.5,280.5,280.5,0.04574520653838439
2025-11-13,77,893278.0,608208.1,285069.875,285069.875,31.912783590326864
2025-11-13,73,577262.0,657206.8,-79944.8125,79944.8125,13.848965028011545
2025-11-13,4,771231.0,732704.94,38526.0625,38526.0625,4.995398590046302
2025-11-13,54,887582.0,621080.25,266501.75,266501.75,30.025592001640412
2025-11-13,63,455992.0,455042.97,949.03125,949.03125,0.2081245394656047
2025-11-13,93,545786.0,487634.8,58151.1875,58151.1875,10.654576610612951
2025-11-13,18,277019.0,383532.38,-106513.375,106513.375,38.44984459549706
2025-11-13,86,335099.0,725927.06,-390828.0625,390828.0625,116.6306263223704
2025-11-13,100,610084.0,701347.25,-91263.25,91263.25,14.95912857901535
2025-11-13,44,765435.0,718763.25,46671.75,46671.75,6.097415195281115
2025-11-13,92,387698.0,431171.2,-43473.1875,43473.1875,11.213157534988575
2025-11-13,69,571014.0,436438.53,134575.46875,134575.46875,23.567805474121474
2025-11-13,35,701053.0,656753.2,44299.8125,44299.8125,6.319039002757281
2025-11-13,24,604963.0,492671.5,112291.5,112291.5,18.56171369158114
2025-11-13,85,619692.0,488637.47,131054.53125,131054.53125,21.14833356732054
2025-11-13,60,320227.0,492874.9,-172647.90625,172647.90625,53.91422529955313
2025-11-13,22,962512.0,723466.1,239045.875,239045.875,24.835625425968715
2025-11-13,49,386820.0,434785.4,-47965.40625,47965.40625,12.399929230649914
2025-11-13,87,699916.0,764198.25,-64282.25,64282.25,9.184280685110785
2025-11-13,56,307892.0,487146.75,-179254.75,179254.75,58.22000896418225
2025-11-13,47,429040.0,440901.56,-11861.5625,11861.5625,2.764675205109081
2025-11-13,58,610829.0,619417.7,-8588.6875,8588.6875,1.4060706842667916
2025-11-13,28,343919.0,396827.78,-52908.78125,52908.78125,15.384082080373576
2025-11-13,29,540818.0,431825.1,108992.90625,108992.90625,20.15334294531617
2025-11-13,98,888797.0,721607.75,167189.25,167189.25,18.810735184749724
2025-11-13,74,372773.0,390114.1,-17341.09375,17341.09375,4.6519178561752055
2025-11-13,95,345427.0,394276.03,-48849.03125,48849.03125,14.14163665550174
2025-11-13,21,601230.0,494944.38,106285.625,106285.625,17.67803087004973
2025-11-13,1,507839.0,482552.22,25286.78125,25286.78125,4.979290926848864
2025-11-13,12,554400.0,492204.84,62195.15625,62195.15625,11.218462527056278
2025-11-13,13,727502.0,497648.25,229853.75,229853.75,31.594930323215607
2025-11-13,89,310278.0,395563.78,-85285.78125,85285.78125,27.48689280258349
2025-11-13,36,661686.0,686535.4,-24849.375,24849.375,3.755463316437101
2025-11-13,75,887299.0,643634.75,243664.25,243664.25,27.461346175302804
2025-11-13,37,861808.0,722254.44,139553.5625,139553.5625,16.193115229842377
2025-11-13,79,621065.0,480328.2,140736.8125,140736.8125,22.66056089137208
2025-11-13,72,662731.0,606873.94,55857.0625,55857.0625,8.428315938140814
2025-11-13,59,482123.0,439994.38,42128.625,42128.625,8.738148771164205
2025-11-13,90,452207.0,790230.9,-338023.875,338023.875,74.74981037445241
2025-11-13,81,782725.0,633129.4,149595.625,149595.625,19.112156249001885
2025-11-13,41,706945.0,672011.8,34933.1875,34933.1875,4.94142931911252
2025-11-13,91,826752.0,625117.8,201634.1875,201634.1875,24.38871481411596
2025-11-13,11,849970.0,674336.4,175633.625,175633.625,20.66350871207219
2025-11-13,71,364278.0,404140.53,-39862.53125,39862.53125,10.942887368987423
2025-11-13,31,518533.0,433055.25,85477.75,85477.75,16.484534253364778
2025-11-13,10,417521.0,437087.44,-19566.4375,19566.4375,4.686336136385954
2025-11-13,50,346393.0,395023.7,-48630.6875,48630.6875,14.03916577413516
2025-11-13,45,407566.0,444986.06,-37420.0625,37420.0625,9.181350382514735
2025-11-13,83,772985.0,669758.06,103226.9375,103226.9375,13.354326086534668
2025-11-13,25,413647.0,435887.84,-22240.84375,22240.84375,5.376769020444969
2025-11-13,9,871433.0,670428.1,201004.875,201004.875,23.06601597598438
2025-11-13,6,926137.0,734458.4,191678.625,191678.625,20.696573509102866
2025-11-13,68,597137.0,655127.5,-57990.5,57990.5,9.711423006780688
2025-11-13,66,627070.0,687653.7,-60583.6875,60583.6875,9.661391471446569
2025-11-13,14,522637.0,630528.0,-107891.0,107891.0,20.64358244823845
2025-11-13,26,308839.0,429523.84,-120684.84375,120684.84375,39.07694421688971
2025-11-13,96,641968.0,601076.94,40891.0625,40891.0625,6.36964186688433
2025-11-13,94,723968.0,685371.75,38596.25,38596.25,5.331209390470297
2025-11-13,20,666612.0,485735.25,180876.75,180876.75,27.13373746647225
2025-11-13,57,412655.0,638114.0,-225459.0,225459.0,54.63619730767832
2025-11-13,5,607143.0,632802.2,-25659.1875,25659.1875,4.226218123242795
2025-11-13,2,395210.0,641485.2,-246275.1875,246275.1875,62.31501923028263
2025-11-13,76,820099.0,640617.94,179481.0625,179481.0625,21.885292202526767
2025-11-13,38,1023007.0,693523.1,329483.875,329483.875,32.207392031530574
2025-11-13,62,831362.0,680407.5,150954.5,150954.5,18.157493366307335
2025-11-13,65,559895.0,719969.94,-160074.9375,160074.9375,28.59017092490556
2025-11-13,61,603644.0,437480.06,166163.9375,166163.9375,27.52681009005308
2025-11-13,42,1061809.0,683577.56,378231.4375,378231.4375,35.621419436075605
2025-11-13,33,297175.0,390702.34,-93527.34375,93527.34375,31.472143938756624
2025-11-14,90,877082.0,854945.94,22136.0625,22136.0625,2.523830440027272
2025-11-14,22,1059900.0,864976.6,194923.375,194923.375,18.390732616284556
2025-11-14,3,304203.0,455701.12,-151498.125,151498.125,49.801653829843886
2025-11-14,47,624397.0,529049.25,95347.75,95347.75,15.27037285573121
2025-11-14,71,476915.0,468012.47,8902.53125,8902.53125,1.86669139154776
2025-11-14,92,526218.0,531321.0,-5103.0,5103.0,0.9697501795833665
2025-11-14,91,569590.0,788595.56,-219005.5625,219005.5625,38.4496852999526
2025-11-14,79,598394.0,588144.3,10249.6875,10249.6875,1.7128660213839044
2025-11-14,50,369977.0,450779.75,-80802.75,80802.75,21.839938698892094
2025-11-14,38,708145.0,841497.94,-133352.9375,133352.9375,18.831303970232085
2025-11-14,48,565449.0,810448.5,-244999.5,244999.5,43.32831077603816
2025-11-14,84,884971.0,743571.6,141399.375,141399.375,15.97785407657426
2025-11-14,80,573835.0,881980.44,-308145.4375,308145.4375,53.699310341823
2025-11-14,67,452158.0,579359.06,-127201.0625,127201.0625,28.13199423652794
2025-11-14,28,615535.0,469198.72,146336.28125,146336.28125,23.773835971959354
2025-11-14,32,632691.0,772251.3,-139560.3125,139560.3125,22.058210485055106
2025-11-14,20,547158.0,561726.5,-14568.5,14568.5,2.662576440443163
2025-11-14,49,987904.0,526540.8,461363.1875,461363.1875,46.701216666801635
2025-11-14,19,699086.0,728642.7,-29556.6875,29556.6875,4.227904363697743
2025-11-14,99,489423.0,576653.8,-87230.8125,87230.8125,17.823194353350782
2025-11-14,2,778038.0,740689.56,37348.4375,37348.4375,4.800335909043003
2025-11-14,88,390140.0,567480.2,-177340.1875,177340.1875,45.455525580560824
2025-11-14,51,843511.0,817707.0,25804.0,25804.0,3.05911837545687
2025-11-14,68,811210.0,801379.4,9830.625,9830.625,1.2118471172692644
2025-11-14,21,435656.0,595141.8,-159485.8125,159485.8125,36.60819832620233
2025-11-14,66,544209.0,778298.25,-234089.25,234089.25,43.01458630783394
2025-11-14,35,677878.0,811517.9,-133639.875,133639.875,19.714443454426902
2025-11-14,74,356879.0,471733.2,-114854.1875,114854.1875,32.18294926291544
2025-11-14,36,534003.0,784427.4,-250424.375,250424.375,46.89568691561658
2025-11-14,37,763797.0,876250.75,-112453.75,112453.75,14.722989223576421
2025-11-14,89,406766.0,434456.16,-27690.15625,27690.15625,6.807392026373886
2025-11-14,10,619859.0,518267.12,101591.875,101591.875,16.38951358292773
2025-11-14,41,840058.0,824387.6,15670.375,15670.375,1.865392032454902
2025-11-14,60,648806.0,582377.44,66428.5625,66428.5625,10.238586341679948
2025-11-14,83,812624.0,803583.4,9040.625,9040.625,1.1125225196400796
2025-11-14,72,565424.0,757539.0,-192115.0,192115.0,33.97715696539234
2025-11-14,81,627352.0,754374.6,-127022.625,127022.625,20.2474248906515
2025-11-14,59,519934.0,530552.44,-10618.4375,10618.4375,2.0422664222766738
2025-11-14,75,872345.0,768853.44,103491.5625,103491.5625,11.863604709146038
2025-11-14,12,505279.0,588752.06,-83473.0625,83473.0625,16.520192309595295
2025-11-14,78,483387.0,525046.9,-41659.875,41659.875,8.618327551216726
2025-11-14,1,681080.0,593429.4,87650.625,87650.625,12.869358225171787
2025-11-14,95,364726.0,476336.38,-111610.375,111610.375,30.60115675877234
2025-11-14,11,884965.0,808994.6,75970.375,75970.375,8.584562666320137
2025-11-14,87,818804.0,885862.6,-67058.625,67058.625,8.189826258787207
2025-11-14,61,860535.0,518324.97,342210.03125,342210.03125,39.767125247665696
2025-11-14,65,591165.0,851234.56,-260069.5625,260069.5625,43.99271988361963
2025-11-14,7,311802.0,449693.28,-137891.28125,137891.28125,44.22398870116292
2025-11-14,27,396070.0,461519.72,-65449.71875,65449.71875,16.52478570707198
2025-11-14,97,871488.0,770694.44,100793.5625,100793.5625,11.565685643405303
2025-11-14,64,779804.0,859473.9,-79669.875,79669.875,10.216653800185687
2025-11-14,70,504188.0,598233.5,-94045.5,94045.5,18.65286361436607
2025-11-14,73,399732.0,800762.0,-401030.0,401030.0,100.3247175607657
2025-11-14,30,548711.0,532675.8,16035.1875,16035.1875,2.9223375328724956
2025-11-14,63,750379.0,593120.75,157258.25,157258.25,20.957176306906245
2025-11-14,44,1139534.0,870074.75,269459.25,269459.25,23.646442317649143
2025-11-14,8,388086.0,451757.38,-63671.375,63671.375,16.406511701014722
2025-11-14,31,360144.0,514748.62,-154604.625,154604.625,42.92855774356924
2025-11-14,34,460497.0,765510.2,-305013.1875,305013.1875,66.23565137232164
2025-11-14,6,1017149.0,882307.2,134841.8125,134841.8125,13.256839705883799
2025-11-14,62,738266.0,804957.4,-66691.375,66691.375,9.033515697594092
2025-11-14,9,750993.0,786638.25,-35645.25,35645.25,4.746415745552888
2025-11-14,26,703372.0,530951.8,172420.1875,172420.1875,24.513370947379194
2025-11-14,96,1076745.0,724181.6,352563.375,352563.375,32.743442040594566
2025-11-14,58,450765.0,734382.5,-283617.5,283617.5,62.91914855856155
2025-11-14,98,811268.0,874116.0,-62848.0,62848.0,7.746885123041953
2025-11-14,29,652167.0,516248.34,135918.65625,135918.65625,20.84108154046433
2025-11-14,45,533014.0,531306.5,1707.5,1707.5,0.32034805839996694
2025-11-14,4,647353.0,882281.1,-234928.125,234928.125,36.2905748486529
2025-11-14,13,413484.0,583108.2,-169624.1875,169624.1875,41.02315627690552
2025-11-14,39,976255.0,892766.94,83488.0625,83488.0625,8.551870412955632
2025-11-14,69,317693.0,541029.75,-223336.75,223336.75,70.2995501946848
2025-11-14,93,444204.0,584145.7,-139941.6875,139941.6875,31.503923310010716
2025-11-14,86,999755.0,880583.4,119171.625,119171.625,11.920082920315478
2025-11-14,46,676455.0,799182.44,-122727.4375,122727.4375,18.1427349195438
2025-11-14,40,398764.0,473137.66,-74373.65625,74373.65625,18.65104579400347
2025-11-14,54,763584.0,722260.75,41323.25,41323.25,5.4117490675551085
2025-11-14,77,644316.0,758042.2,-113726.1875,113726.1875,17.650684989973865
2025-11-14,17,462737.0,574414.44,-111677.4375,111677.4375,24.134105874395175
2025-11-14,82,417221.0,533019.6,-115798.625,115798.625,27.754745087136072
2025-11-14,53,829279.0,733241.44,96037.5625,96037.5625,11.580850654604784
2025-11-14,18,565152.0,464685.25,100466.75,100466.75,17.776943194043373
2025-11-14,24,665138.0,561003.7,104134.3125,104134.3125,15.656046188911175
2025-11-14,52,482399.0,518727.0,-36328.0,36328.0,7.5306955445595865
2025-11-14,85,575069.0,587657.3,-12588.3125,12588.3125,2.1890090580434696
2025-11-14,55,963234.0,846810.9,116423.125,116423.125,12.08669181112793
2025-11-14,16,777159.0,803899.7,-26740.6875,26740.6875,3.440825815566699
2025-11-14,23,518599.0,585456.44,-66857.4375,66857.4375,12.89193336277162
2025-11-14,42,721467.0,839486.94,-118019.9375,118019.9375,16.358327893029063
2025-11-14,5,825699.0,755536.7,70162.3125,70162.3125,8.497323177089957
2025-11-14,57,829469.0,725075.3,104393.6875,104393.6875,12.585604465025217
2025-11-14,43,362856.0,527105.3,-164249.3125,164249.3125,45.26570113212955
2025-11-14,25,603773.0,535250.56,68522.4375,68522.4375,11.349039705319715
2025-11-14,14,733902.0,796584.1,-62682.125,62682.125,8.540939389727784
2025-11-14,76,1025388.0,766619.5,258768.5,258768.5,25.236154509317448
2025-11-14,94,1155721.0,773590.9,382130.125,382130.125,33.06421921899836
2025-11-14,56,567085.0,591720.3,-24635.3125,24635.3125,4.344201045698616
2025-11-14,33,464874.0,451984.56,12889.4375,12889.4375,2.7726733480469976
2025-11-14,100,1049108.0,786592.8,262515.1875,262515.1875,25.02270381123774
2025-11-14,15,732756.0,855105.06,-122349.0625,122349.0625,16.697108246128316
2025-11-15,2,551007.0,737087.25,-186080.25,186080.25,33.770941204013745
2025-11-15,1,503791.0,563474.9,-59683.875,59683.875,11.8469514143762
2025-11-15,24,593869.0,562473.25,31395.75,31395.75,5.286645708060195
2025-11-15,45,768106.0,533056.25,235049.75,235049.75,30.60121259305356
2025-11-15,99,694339.0,572243.6,122095.375,122095.375,17.584404015905776
2025-11-15,43,435378.0,554587.2,-119209.1875,119209.1875,27.380618106564867
2025-11-15,46,846873.0,833755.06,13117.9375,13117.9375,1.5489852079355464
2025-11-15,69,301073.0,550175.7,-249102.6875,249102.6875,82.73830184041744
2025-11-15,47,455249.0,526930.06,-71681.0625,71681.0625,15.745462922488574
2025-11-15,25,345911.0,519734.56,-173823.5625,173823.5625,50.25094966624363
2025-11-15,80,596656.0,840995.1,-244339.125,244339.125,40.95142343326808
2025-11-15,90,1067400.0,856810.06,210589.9375,210589.9375,19.72924278620948
2025-11-15,26,647093.0,510578.75,136514.25,136514.25,21.096542537162357
2025-11-15,81,655782.0,766424.6,-110642.625,110642.625,16.87186061831523
2025-11-15,39,999456.0,911074.5,88381.5,88381.5,8.842960570550378
2025-11-15,70,484537.0,583529.25,-98992.25,98992.25,20.430276738412132
2025-11-15,100,916441.0,834523.06,81917.9375,81917.9375,8.9387028188394
2025-11-15,89,346037.0,461118.84,-115081.84375,115081.84375,33.25709208841829
2025-11-15,44,841381.0,879111.75,-37730.75,37730.75,4.484383412508721
2025-11-15,31,603578.0,541445.0,62133.0,62133.0,10.294112774156778
2025-11-15,82,729285.0,531817.25,197467.75,197467.75,27.07689723496301
2025-11-15,32,675603.0,700109.9,-24506.875,24506.875,3.6274076639683366
2025-11-15,60,583819.0,596356.6,-12537.625,12537.625,2.1475191797457773
2025-11-15,11,431491.0,789981.06,-358490.0625,358490.0625,83.08170100882754
2025-11-15,41,746250.0,829259.3,-83009.3125,83009.3125,11.12352596314908
2025-11-15,59,818641.0,532598.06,286042.9375,286042.9375,34.941193697848014
2025-11-15,75,841031.0,737024.9,104006.125,104006.125,12.366503137220864
2025-11-15,12,636521.0,594309.44,42211.5625,42211.5625,6.631605634378128
2025-11-15,29,248642.0,531620.06,-282978.0625,282978.0625,113.80943786649078
2025-11-15,95,265670.0,461916.0,-196246.0,196246.0,73.86833289419205
2025-11-15,58,726352.0,732914.94,-6562.9375,6562.9375,0.9035477977619666
2025-11-15,98,611607.0,911285.6,-299678.625,299678.625,48.9985603500287
2025-11-15,33,486847.0,460448.0,26399.0,26399.0,5.422442779764484
2025-11-15,13,697512.0,594076.2,103435.8125,103435.8125,14.829252041541938
2025-11-15,5,621752.0,741454.0,-119702.0,119702.0,19.25237072015852
2025-11-15,57,821825.0,761901.06,59923.9375,59923.9375,7.2915690688406904
2025-11-15,14,614007.0,789306.2,-175299.1875,175299.1875,28.550030781408033
2025-11-15,27,495508.0,464614.3,30893.6875,30893.6875,6.23475049847833
2025-11-15,23,710568.0,591804.06,118763.9375,118763.9375,16.713943985656545
2025-11-15,10,398780.0,523801.12,-125021.125,125021.125,31.350901499573702
2025-11-15,76,935984.0,778638.25,157345.75,157345.75,16.810730738986994
2025-11-15,37,1209281.0,808102.2,401178.8125,401178.8125,33.17498683101777
2025-11-15,74,469898.0,464894.88,5003.125,5003.125,1.0647257489923345
2025-11-15,7,544994.0,455449.06,89544.9375,89544.9375,16.43044464709703
2025-11-15,97,735340.0,803339.6,-67999.625,67999.625,9.247371963989446
2025-11-15,30,435419.0,526780.56,-91361.5625,91361.5625,20.98244736678923
2025-11-15,63,452158.0,576127.5,-123969.5,123969.5,27.417296608707574
2025-11-15,64,980278.0,855195.1,125082.875,125082.875,12.759939017299175
2025-11-15,73,902277.0,798397.9,103879.125,103879.125,11.51299711729325
2025-11-15,40,294365.0,475512.03,-181147.03125,181147.03125,61.538236967710155
2025-11-15,6,756809.0,835117.06,-78308.0625,78308.0625,10.347136794092036
2025-11-15,8,498210.0,440126.56,58083.4375,58083.4375,11.658424660283815
2025-11-15,34,830611.0,740075.06,90535.9375,90535.9375,10.899920359831498
2025-11-15,62,1112957.0,806448.44,306508.5625,306508.5625,27.540018392444633
2025-11-15,9,872372.0,792460.6,79911.375,79911.375,9.16024070006832
2025-11-15,96,818614.0,751770.5,66843.5,66843.5,8.165447940054776
2025-11-15,61,532784.0,540930.8,-8146.8125,8146.8125,1.529102319138713
2025-11-15,65,906433.0,828011.2,78421.8125,78421.8125,8.651694333723507
2025-11-15,87,600452.0,860410.9,-259958.875,259958.875,43.29386445544357
2025-11-15,72,784318.0,732222.3,52095.6875,52095.6875,6.642163956456438
2025-11-15,36,1273001.0,821404.3,451596.6875,451596.6875,35.4749672231208
2025-11-15,56,756808.0,557779.1,199028.875,199028.875,26.298463414763056
2025-11-15,94,1026419.0,782565.4,243853.625,243853.625,23.757707622325775
2025-11-15,15,1032763.0,843934.25,188828.75,188828.75,18.283841500905822
2025-11-15,66,760052.0,802275.7,-42223.6875,42223.6875,5.55536825111966
2025-11-15,51,784773.0,822536.5,-37763.5,37763.5,4.812028446442475
2025-11-15,67,561540.0,571139.0,-9599.0,9599.0,1.709406275599245
2025-11-15,84,926457.0,745036.6,181420.375,181420.375,19.582168951176364
2025-11-15,3,291506.0,449961.2,-158455.1875,158455.1875,54.35743603905237
2025-11-15,38,826203.0,839367.4,-13164.375,13164.375,1.5933584119157156
2025-11-15,20,458989.0,568501.94,-109512.9375,109512.9375,23.85959957646044
2025-11-15,50,375825.0,457145.62,-81320.625,81320.625,21.637896627419675
2025-11-15,71,472036.0,480158.4,-8122.40625,8122.40625,1.7207175406113093
2025-11-15,21,697223.0,590865.44,106357.5625,106357.5625,15.254454098616943
2025-11-15,28,638195.0,462189.62,176005.375,176005.375,27.578620170950884
2025-11-15,91,810033.0,825344.2,-15311.1875,15311.1875,1.8901930538632377
2025-11-15,79,755309.0,591554.4,163754.625,163754.625,21.68048110111226
2025-11-15,49,431236.0,536992.9,-105756.875,105756.875,24.524129478985984
2025-11-15,22,627053.0,840544.5,-213491.5,213491.5,34.046803061304225
2025-11-15,48,1060410.0,757073.06,303336.9375,303336.9375,28.605627776048888
2025-11-15,68,630265.0,798677.6,-168412.625,168412.625,26.72092294511039
2025-11-15,19,642427.0,749873.4,-107446.375,107446.375,16.72507148672145
2025-11-15,92,501193.0,527033.6,-25840.625,25840.625,5.155823205830887
2025-11-15,88,439190.0,560926.25,-121736.25,121736.25,27.718356519957194
2025-11-15,35,865876.0,808397.3,57478.6875,57478.6875,6.638212342182944
2025-11-15,54,648198.0,741432.56,-93234.5625,93234.5625,14.383654762896523
2025-11-15,4,733679.0,842448.06,-108769.0625,108769.0625,14.825156846522797
2025-11-15,55,782402.0,828745.2,-46343.1875,46343.1875,5.923193895209879
2025-11-15,78,574345.0,516838.03,57506.96875,57506.96875,10.01261763400047
2025-11-15,93,620869.0,599004.6,21864.375,21864.375,3.5215762101183983
2025-11-15,86,1133258.0,858803.7,274454.3125,274454.3125,24.218166781086037
2025-11-15,16,581479.0,815582.6,-234103.625,234103.625,40.26003088675601
2025-11-15,85,581291.0,595455.06,-14164.0625,14164.0625,2.436656081033424
2025-11-15,17,700658.0,573350.8,127307.1875,127307.1875,18.169661589534407
2025-11-15,53,716324.0,751960.56,-35636.5625,35636.5625,4.9749223116913575
2025-11-15,18,736747.0,453260.0,283487.0,283487.0,38.478202150806176
2025-11-15,42,619403.0,777627.9,-158224.875,158224.875,25.544738239885827
2025-11-15,52,497185.0,515990.34,-18805.34375,18805.34375,3.7823634562587367
2025-11-15,77,991955.0,721185.1,270769.875,270769.875,27.296588554924366
2025-11-15,83,934729.0,806329.9,128399.125,128399.125,13.7365081216053
2025-11-16,30,470889.0,422276.47,48612.53125,48612.53125,10.3235648422452
2025-11-16,40,450558.0,389482.8,61075.1875,61075.1875,13.555455124534465
2025-11-16,82,396227.0,447874.47,-51647.46875,51647.46875,13.034818109316124
2025-11-16,87,725534.0,739510.25,-13976.25,13976.25,1.9263397718094533
2025-11-16,28,336679.0,397917.88,-61238.875,61238.875,18.189098518173097
2025-11-16,88,772209.0,472646.16,299562.84375,299562.84375,38.79297492647716
2025-11-16,29,400117.0,448121.38,-48004.375,48004.375,11.99758445654646
2025-11-16,41,853559.0,693249.4,160309.625,160309.625,18.781317401609027
2025-11-16,42,555901.0,668581.2,-112680.1875,112680.1875,20.269829969724825
2025-11-16,43,326116.0,421418.53,-95302.53125,95302.53125,29.223506742999422
2025-11-16,16,901241.0,659695.7,241545.3125,241545.3125,26.801411886498727
2025-11-16,100,596056.0,699674.25,-103618.25,103618.25,17.383979022105304
2025-11-16,63,514173.0,476948.2,37224.8125,37224.8125,7.2397446968238315
2025-11-16,73,650941.0,739963.4,-89022.375,89022.375,13.67595143031396
2025-11-16,8,322295.0,366802.28,-44507.28125,44507.28125,13.809485486898648
2025-11-16,62,910069.0,643337.25,266731.75,266731.75,29.308958991021562
2025-11-16,9,597884.0,643362.06,-45478.0625,45478.0625,7.606502682794655
2025-11-16,96,483756.0,661707.9,-177951.875,177951.875,36.78546105888093
2025-11-16,61,573357.0,443144.47,130212.53125,130212.53125,22.7105505383208
2025-11-16,74,243672.0,385196.78,-141524.78125,141524.78125,58.08003432893397
2025-11-16,10,319304.0,421741.0,-102437.0,102437.0,32.081339413223766
2025-11-16,60,539475.0,495458.28,44016.71875,44016.71875,8.159176745910376
2025-11-16,11,714543.0,692366.9,22176.125,22176.125,3.1035396050342667
2025-11-16,59,399748.0,448344.7,-48596.6875,48596.6875,12.156830678327346
2025-11-16,75,751602.0,630775.44,120826.5625,120826.5625,16.075870274427157
2025-11-16,12,529970.0,509583.8,20386.1875,20386.1875,3.8466682076343948
2025-11-16,95,528435.0,384454.47,143980.53125,143980.53125,27.246592532667215
2025-11-16,97,618456.0,678960.7,-60504.6875,60504.6875,9.783183848163816
2025-11-16,58,506956.0,639967.5,-133011.5,133011.5,26.23728686513228
2025-11-16,7,357114.0,386143.88,-29029.875,29029.875,8.129021824963457
2025-11-16,6,731002.0,685750.0,45252.0,45252.0,6.190407139788947
2025-11-16,70,564053.0,490837.12,73215.875,73215.875,12.980318338879501
2025-11-16,1,535161.0,493660.78,41500.21875,41500.21875,7.7547165712748125
2025-11-16,69,483108.0,441445.66,41662.34375,41662.34375,8.62381574099373
2025-11-16,2,697187.0,644969.8,52217.1875,52217.1875,7.489696093013783
2025-11-16,99,293243.0,480450.88,-187207.875,187207.875,63.84052645757955
2025-11-16,68,670480.0,676001.06,-5521.0625,5521.0625,0.823449245316788
2025-11-16,71,396563.0,400150.75,-3587.75,3587.75,0.9047112312545548
2025-11-16,3,283180.0,382897.53,-99717.53125,99717.53125,35.21347950067095
2025-11-16,67,411172.0,481337.12,-70165.125,70165.125,17.064665152296364
2025-11-16,4,844004.0,726423.7,117580.3125,117580.3125,13.931250622034966
2025-11-16,66,732033.0,655152.06,76880.9375,76880.9375,10.502386845948202
2025-11-16,5,382027.0,627661.2,-245634.1875,245634.1875,64.2975987299327
2025-11-16,98,584058.0,740537.7,-156479.6875,156479.6875,26.79180620760267
2025-11-16,72,603763.0,639856.4,-36093.375,36093.375,5.9780700374153435
2025-11-16,65,732269.0,730910.06,1358.9375,1358.9375,0.18557900170565736
2025-11-16,64,669907.0,715026.94,-45119.9375,45119.9375,6.735253923305773
2025-11-16,13,637406.0,476601.5,160804.5,160804.5,25.227955180842354
2025-11-16,57,758696.0,623759.9,134936.125,134936.125,17.785269066925355
2025-11-16,14,513817.0,674254.25,-160437.25,160437.25,31.2245896885467
2025-11-16,49,337189.0,492305.84,-155116.84375,155116.84375,46.002937150974674
2025-11-16,22,518985.0,723660.56,-204675.5625,204675.5625,39.43766438336368
2025-11-16,48,511818.0,652910.2,-141092.1875,141092.1875,27.566867030858628
2025-11-16,23,558858.0,490936.9,67921.09375,67921.09375,12.153551304624788
2025-11-16,47,368398.0,442063.88,-73665.875,73665.875,19.996274409741638
2025-11-16,90,495931.0,692172.0,-196241.0,196241.0,39.570222470464635
2025-11-16,80,661854.0,651553.7,10300.3125,10300.3125,1.556281672393005
2025-11-16,24,561120.0,477402.06,83717.9375,83717.9375,14.919792112204163
2025-11-16,46,733103.0,650817.2,82285.8125,82285.8125,11.224318069902866
2025-11-16,25,232875.0,431646.38,-198771.375,198771.375,85.35539452495973
2025-11-16,45,514066.0,440671.62,73394.375,73394.375,14.277228021304659
2025-11-16,81,257996.0,619302.1,-361306.125,361306.125,140.04330493496022
2025-11-16,89,391688.0,389404.78,2283.21875,2283.21875,0.5829177176732502
2025-11-16,26,516574.0,442147.06,74426.9375,74426.9375,14.407797817931216
2025-11-16,44,710876.0,684286.9,26589.125,26589.125,3.7403323505083867
2025-11-16,79,403376.0,485383.03,-82007.03125,82007.03125,20.330171167843403
2025-11-16,91,403487.0,688574.9,-285087.875,285087.875,70.65602485334101
2025-11-16,21,510547.0,467574.2,42972.8125,42972.8125,8.41701400654592
2025-11-16,50,479301.0,383576.97,95724.03125,95724.03125,19.97159013855594
2025-11-16,94,467934.0,673407.2,-205473.1875,205473.1875,43.910719780994754
2025-11-16,76,551759.0,682328.56,-130569.5625,130569.5625,23.664237919091487
2025-11-16,56,445630.0,444631.12,998.875,998.875,0.2241489576554541
2025-11-16,15,819148.0,694666.6,124481.375,124481.375,15.196444964768272
2025-11-16,55,778704.0,666137.06,112566.9375,112566.9375,14.455677317697097
2025-11-16,54,536923.0,601911.2,-64988.1875,64988.1875,12.103818890231931
2025-11-16,93,452453.0,478461.38,-26008.375,26008.375,5.7483042437557055
2025-11-16,27,516481.0,387127.8,129353.1875,129353.1875,25.04510088464048
2025-11-16,77,839716.0,618785.3,220930.6875,220930.6875,26.310167663829198
2025-11-16,53,498831.0,637167.06,-138336.0625,138336.0625,27.732050032977103
2025-11-16,52,447070.0,438319.47,8750.53125,8750.53125,1.9573067416735634
2025-11-16,78,537883.0,436852.62,101030.375,101030.375,18.782964882697538
2025-11-16,92,319698.0,441863.03,-122165.03125,122165.03125,38.212635440321804
2025-11-16,19,556519.0,634355.25,-77836.25,77836.25,13.986270010547708
2025-11-16,51,666587.0,662140.7,4446.3125,4446.3125,0.6670265846768689
2025-11-16,20,349502.0,488387.53,-138885.53125,138885.53125,39.738122027914
2025-11-16,17,551722.0,468761.7,82960.3125,82960.3125,15.036614907507767
2025-11-16,83,525488.0,651367.44,-125879.4375,125879.4375,23.954769185975703
2025-11-16,18,403642.0,387587.22,16054.78125,16054.78125,3.9774803538779415
2025-11-16,86,697783.0,714890.44,-17107.4375,17107.4375,2.451684477839099
2025-11-16,39,598814.0,696167.1,-97353.125,97353.125,16.257656801611184
2025-11-16,84,578767.0,617608.7,-38841.6875,38841.6875,6.711109565680144
2025-11-16,38,664049.0,712210.06,-48161.0625,48161.0625,7.252636853605683
2025-11-16,35,524614.0,681744.75,-157130.75,157130.75,29.951688288913374
2025-11-16,36,537189.0,704300.06,-167111.0625,167111.0625,31.108429714681424
2025-11-16,31,500330.0,416558.75,83771.25,83771.25,16.743199488337698
2025-11-16,85,335774.0,490113.06,-154339.0625,154339.0625,45.96516183504381
2025-11-16,37,872705.0,735822.06,136882.9375,136882.9375,15.684903547017607
2025-11-16,34,740655.0,626354.06,114300.9375,114300.9375,15.432412864289041
2025-11-16,32,537548.0,632363.5,-94815.5,94815.5,17.638517862590874
2025-11-16,33,510418.0,384585.78,125832.21875,125832.21875,24.65277845804811
2025-11-17,7,199584.0,370447.84,-170863.84375,170863.84375,85.60999065556358
2025-11-17,90,571024.0,717369.06,-146345.0625,146345.0625,25.62853093740368
2025-11-17,93,427921.0,491429.7,-63508.6875,63508.6875,14.841217771504553
2025-11-17,80,754108.0,692445.8,61662.1875,61662.1875,8.176837734117658
2025-11-17,3,284077.0,387576.6,-103499.59375,103499.59375,36.43364079105313
2025-11-17,64,616767.0,750970.2,-134203.1875,134203.1875,21.75913878336552
2025-11-17,74,354804.0,384079.22,-29275.21875,29275.21875,8.251096027665978
2025-11-17,65,557447.0,713625.4,-156178.375,156178.375,28.01672176906504
2025-11-17,51,1004352.0,659895.06,344456.9375,344456.9375,34.296435661998984
2025-11-17,75,521455.0,666050.4,-144595.375,144595.375,27.7292144096806
2025-11-17,61,560998.0,449175.88,111822.125,111822.125,19.93271366386333
2025-11-17,40,508433.0,424829.44,83603.5625,83603.5625,16.443378478580264
2025-11-17,96,992299.0,628362.75,363936.25,363936.25,36.676067395008964
2025-11-17,33,274800.0,382535.25,-107735.25,107735.25,39.2049672489083
2025-11-17,66,543808.0,643691.44,-99883.4375,99883.4375,18.36740862583853
2025-11-17,71,409927.0,399193.16,10733.84375,10733.84375,2.618476887348235
2025-11-17,68,484538.0,681940.6,-197402.625,197402.625,40.740380527430254
2025-11-17,5,862505.0,613442.75,249062.25,249062.25,28.87661520802778
2025-11-17,44,708381.0,736642.3,-28261.3125,28261.3125,3.9895638787601584
2025-11-17,13,292915.0,490385.78,-197470.78125,197470.78125,67.41572853899595
2025-11-17,58,829012.0,616304.44,212707.5625,212707.5625,25.657959414339
2025-11-17,54,449831.0,605050.4,-155219.375,155219.375,34.50615342206295
2025-11-17,21,421119.0,482789.34,-61670.34375,61670.34375,14.64439831734023
2025-11-17,47,444006.0,430008.0,13998.0,13998.0,3.152660099187849
2025-11-17,91,519885.0,668365.94,-148480.9375,148480.9375,28.56034267193706
2025-11-17,32,751887.0,623735.5,128151.5,128151.5,17.043984002915334
2025-11-17,27,346484.0,405310.22,-58826.21875,58826.21875,16.97804768762771
2025-11-17,6,672389.0,726981.06,-54592.0625,54592.0625,8.119118917769327
2025-11-17,4,516382.0,698429.0,-182047.0,182047.0,35.25432722286989
2025-11-17,85,559577.0,495828.94,63748.0625,63748.0625,11.392187759682761
2025-11-17,30,427461.0,435300.4,-7839.40625,7839.40625,1.8339465471703853
2025-11-17,35,1069090.0,616124.3,452965.6875,452965.6875,42.36927550533631
2025-11-17,10,544335.0,424237.78,120097.21875,120097.21875,22.06310796660145
2025-11-17,48,650673.0,628898.1,21774.875,21774.875,3.346515838216739
2025-11-17,95,289937.0,392685.78,-102748.78125,102748.78125,35.43831289211104
2025-11-17,23,581936.0,479523.56,102412.4375,102412.4375,17.598573984080723
2025-11-17,37,855608.0,683233.75,172374.25,172374.25,20.146404661947994
2025-11-17,67,397053.0,482763.47,-85710.46875,85710.46875,21.586656882078714
2025-11-17,52,493490.0,434144.28,59345.71875,59345.71875,12.02571860625342
2025-11-17,78,335977.0,451597.12,-115620.125,115620.125,34.413107147215435
2025-11-17,12,538122.0,501301.8,36820.1875,36820.1875,6.842349411471749
2025-11-17,41,806867.0,688483.4,118383.625,118383.625,14.672012239935453
2025-11-17,77,815789.0,622528.8,193260.1875,193260.1875,23.68997222320968
2025-11-17,60,563843.0,489846.38,73996.625,73996.625,13.123622178514232
2025-11-17,50,368063.0,400740.34,-32677.34375,32677.34375,8.878193067491164
2025-11-17,86,595028.0,707594.44,-112566.4375,112566.4375,18.9178387403618
2025-11-17,24,566148.0,485597.72,80550.28125,80550.28125,14.22777811632294
2025-11-17,59,412076.0,441643.9,-29567.90625,29567.90625,7.1753526655277176
2025-11-17,97,842082.0,663531.44,178550.5625,178550.5625,21.203465042596804
2025-11-17,49,501715.0,447447.56,54267.4375,54267.4375,10.816387291589846
2025-11-17,98,817458.0,704435.1,113022.875,113022.875,13.826138468276044
2025-11-17,38,741938.0,724147.7,17790.3125,17790.3125,2.3978165965350207
2025-11-17,87,506416.0,696782.5,-190366.5,190366.5,37.59093314587217
2025-11-17,45,428164.0,446237.72,-18073.71875,18073.71875,4.221214009118002
2025-11-17,43,234696.0,427032.62,-192336.625,192336.625,81.95138604833487
2025-11-17,31,442769.0,415296.94,27472.0625,27472.0625,6.204603867931134
2025-11-17,84,518928.0,602510.2,-83582.1875,83582.1875,16.10670218219098
2025-11-17,1,502947.0,506773.2,-3826.1875,3826.1875,0.7607536181744796
2025-11-17,22,776668.0,725307.0,51361.0,51361.0,6.612992939067916
2025-11-17,9,704363.0,665728.8,38634.1875,38634.1875,5.484982530314625
2025-11-17,79,325902.0,465371.94,-139469.9375,139469.9375,42.795054188068804
2025-11-17,94,838954.0,648478.9,190475.125,190475.125,22.703881857646547
2025-11-17,76,889779.0,629063.94,260715.0625,260715.0625,29.301103139094092
2025-11-17,62,735071.0,683346.7,51724.3125,51724.3125,7.03664169855701
2025-11-17,70,351508.0,492322.94,-140814.9375,140814.9375,40.06023689361266
2025-11-17,25,332623.0,428362.6,-95739.59375,95739.59375,28.7832151564985
2025-11-17,34,655069.0,595653.2,59415.8125,59415.8125,9.070160929611996
2025-11-17,83,444981.0,683031.3,-238050.3125,238050.3125,53.496736377508256
2025-11-17,36,664126.0,698734.44,-34608.4375,34608.4375,5.2111252232257135
2025-11-17,8,338822.0,365116.53,-26294.53125,26294.53125,7.760573767346866
2025-11-17,72,830746.0,620835.56,209910.4375,209910.4375,25.267703666343262
2025-11-17,15,784799.0,715639.25,69159.75,69159.75,8.812415663118838
2025-11-17,56,439473.0,484549.8,-45076.8125,45076.8125,10.257015220502739
2025-11-17,100,531981.0,719097.3,-187116.3125,187116.3125,35.17349538799318
2025-11-17,39,985579.0,724922.25,260656.75,260656.75,26.447068170080733
2025-11-17,88,565394.0,499931.53,65462.46875,65462.46875,11.578203650905387
2025-11-17,46,597968.0,669636.8,-71668.8125,71668.8125,11.985392612982634
2025-11-17,99,508701.0,483927.0,24774.0,24774.0,4.870051366126664
2025-11-17,20,658798.0,485601.22,173196.78125,173196.78125,26.289815884383376
2025-11-17,18,310648.0,405048.28,-94400.28125,94400.28125,30.388182524915656
2025-11-17,26,429301.0,429051.72,249.28125,249.28125,0.058066775991670184
2025-11-17,82,470870.0,449013.6,21856.40625,21856.40625,4.641707105995286
2025-11-17,16,516641.0,685921.94,-169280.9375,169280.9375,32.76568013378729
2025-11-17,92,309315.0,443359.6,-134044.59375,134044.59375,43.33595000242471
2025-11-17,53,471704.0,600835.5,-129131.5,129131.5,27.375536353306313
2025-11-17,57,452161.0,623795.44,-171634.4375,171634.4375,37.95869999845188
2025-11-17,11,552356.0,668652.8,-116296.8125,116296.8125,21.054684388329267
2025-11-17,81,662196.0,603324.1,58871.875,58871.875,8.890400274239047
2025-11-17,28,372270.0,383230.2,-10960.1875,10960.1875,2.9441500792435598
2025-11-17,29,407147.0,426670.34,-19523.34375,19523.34375,4.795158444001798
2025-11-17,14,865250.0,646591.56,218658.4375,218658.4375,25.271128286622364
2025-11-17,42,645322.0,672778.25,-27456.25,27456.25,4.254658914464407
2025-11-17,2,628653.0,621219.3,7433.6875,7433.6875,1.1824786487935315
2025-11-17,69,409305.0,434276.25,-24971.25,24971.25,6.100890533953898
2025-11-17,19,640043.0,617509.1,22533.875,22533.875,3.5206814229668946
2025-11-17,89,353901.0,432180.5,-78279.5,78279.5,22.119038940268606
2025-11-17,63,465658.0,491191.84,-25533.84375,25533.84375,5.483389902031104
2025-11-17,73,455231.0,649279.9,-194048.875,194048.875,42.62646326809905
2025-11-17,17,430573.0,503043.25,-72470.25,72470.25,16.83111806824859
2025-11-17,55,1005165.0,669430.2,335734.8125,335734.8125,33.40096526440933
2025-11-18,60,728585.0,493556.75,235028.25,235028.25,32.25817852412553
2025-11-18,65,767811.0,708508.3,59302.6875,59302.6875,7.723604832439233
2025-11-18,11,602269.0,668209.56,-65940.5625,65940.5625,10.948689456040407
2025-11-18,18,321828.0,391754.06,-69926.0625,69926.0625,21.727774618740444
2025-11-18,41,536426.0,678053.6,-141627.625,141627.625,26.40208062249033
2025-11-18,49,528592.0,452328.4,76263.59375,76263.59375,14.427685956276296
2025-11-18,36,637449.0,678288.1,-40839.125,40839.125,6.406649786884912
2025-11-18,50,323698.0,409216.44,-85518.4375,85518.4375,26.419204783471013
2025-11-18,79,216819.0,483208.75,-266389.75,266389.75,122.86273343203318
2025-11-18,8,400481.0,380230.3,20250.6875,20250.6875,5.05659132393297
2025-11-18,62,821925.0,690666.75,131258.25,131258.25,15.969614015877362
2025-11-18,34,581563.0,619741.5,-38178.5,38178.5,6.564808971684926
2025-11-18,84,566305.0,642641.2,-76336.1875,76336.1875,13.479695128949947
2025-11-18,38,676740.0,678129.56,-1389.5625,1389.5625,0.20533181133079176
2025-11-18,100,925615.0,709317.9,216297.125,216297.125,23.36793645306094
2025-11-18,9,684948.0,676755.3,8192.6875,8192.6875,1.1961035728259664
2025-11-18,73,733700.0,687300.9,46399.125,46399.125,6.323991413384217
2025-11-18,63,448200.0,491564.84,-43364.84375,43364.84375,9.675333277554662
2025-11-18,19,356970.0,612870.0,-255900.0,255900.0,71.68669636103874
2025-11-18,29,396000.0,436211.94,-40211.9375,40211.9375,10.154529671717171
2025-11-18,42,718540.0,680690.44,37849.5625,37849.5625,5.26756513207337
2025-11-18,26,415224.0,427479.0,-12255.0,12255.0,2.951418993121785
2025-11-18,92,502715.0,442675.66,60039.34375,60039.34375,11.943018161383687
2025-11-18,97,415878.0,667679.1,-251801.125,251801.125,60.546873121444264
2025-11-18,44,569896.0,737631.2,-167735.1875,167735.1875,29.432596035066048
2025-11-18,20,325932.0,478911.22,-152979.21875,152979.21875,46.93593103776248
2025-11-18,96,492811.0,624970.8,-132159.8125,132159.8125,26.817545164373357
2025-11-18,61,354061.0,452011.84,-97950.84375,97950.84375,27.664962746532378
2025-11-18,22,778540.0,736681.75,41858.25,41858.25,5.376506024096385
2025-11-18,74,292498.0,379355.03,-86857.03125,86857.03125,29.69491458061252
2025-11-18,7,459719.0,386398.62,73320.375,73320.375,15.948954687537388
2025-11-18,64,864262.0,695210.06,169051.9375,169051.9375,19.56026500065952
2025-11-18,21,620624.0,481721.78,138902.21875,138902.21875,22.381058217213642
2025-11-18,78,309413.0,444926.62,-135513.625,135513.625,43.79700432754926
2025-11-18,37,698677.0,709240.56,-10563.5625,10563.5625,1.5119379198113005
2025-11-18,6,670041.0,755813.75,-85772.75,85772.75,12.801119632977684
2025-11-18,10,513801.0,437599.88,76201.125,76201.125,14.83086350552062
2025-11-18,91,673195.0,680862.25,-7667.25,7667.25,1.1389344840647955
2025-11-18,52,449318.0,436897.88,12420.125,12420.125,2.7642171023640274
2025-11-18,53,700357.0,620192.06,80164.9375,80164.9375,11.44629631744953
2025-11-18,56,343447.0,495617.03,-152170.03125,152170.03125,44.306699796475144
2025-11-18,31,320103.0,416356.56,-96253.5625,96253.5625,30.069559641740312
2025-11-18,81,628389.0,621378.1,7010.875,7010.875,1.115690281020196
2025-11-18,43,448186.0,427325.2,20860.8125,20860.8125,4.654498913397562
2025-11-18,77,506334.0,626186.56,-119852.5625,119852.5625,23.670652671951718
2025-11-18,12,552976.0,507976.34,44999.65625,44999.65625,8.137723201368594
2025-11-18,87,904602.0,681813.8,222788.1875,222788.1875,24.628310295577503
2025-11-18,86,665257.0,705825.6,-40568.625,40568.625,6.098188369306899
2025-11-18,39,943598.0,679146.5,264451.5,264451.5,28.025864828030585
2025-11-18,47,448585.0,426944.03,21640.96875,21640.96875,4.824273827702665
2025-11-18,3,515633.0,388840.97,126792.03125,126792.03125,24.5895881857833
2025-11-18,58,602395.0,642615.75,-40220.75,40220.75,6.676806746403938
2025-11-18,90,623254.0,722579.2,-99325.1875,99325.1875,15.936550347049517
2025-11-18,80,745687.0,710108.9,35578.125,35578.125,4.77118750896824
2025-11-18,93,656110.0,472995.66,183114.34375,183114.34375,27.909092034872202
2025-11-18,23,600926.0,500708.16,100217.84375,100217.84375,16.67723542499409
2025-11-18,40,390303.0,420435.03,-30132.03125,30132.03125,7.72016388549409
2025-11-18,33,457537.0,391334.22,66202.78125,66202.78125,14.469383077215614
2025-11-18,71,317641.0,409139.53,-91498.53125,91498.53125,28.80564261225723
2025-11-18,28,400862.0,385442.9,15419.09375,15419.09375,3.8464842639112713
2025-11-18,68,540374.0,678282.3,-137908.3125,137908.3125,25.520900802037104
2025-11-18,54,767232.0,618491.3,148740.6875,148740.6875,19.386663681911077
2025-11-18,13,472945.0,479500.6,-6555.59375,6555.59375,1.386121800632209
2025-11-18,24,296086.0,480163.9,-184077.90625,184077.90625,62.170418814128325
2025-11-18,99,350119.0,479265.94,-129146.9375,129146.9375,36.886583561589056
2025-11-18,55,817751.0,726842.6,90908.375,90908.375,11.116877264595212
2025-11-18,69,384542.0,446650.03,-62108.03125,62108.03125,16.15116976819177
2025-11-18,2,746440.0,639396.1,107043.875,107043.875,14.340586651304859
2025-11-18,16,1015506.0,648991.0,366515.0,366515.0,36.091859624660025
2025-11-18,14,680423.0,671426.8,8996.1875,8996.1875,1.3221462972298115
2025-11-18,46,821733.0,655689.44,166043.5625,166043.5625,20.20651020465285
2025-11-18,95,343450.0,393489.12,-50039.125,50039.125,14.569551608676665
2025-11-18,67,492582.0,465918.78,26663.21875,26663.21875,5.4129502803594125
2025-11-18,85,568551.0,490425.2,78125.8125,78125.8125,13.741214508460983
2025-11-18,72,665626.0,623366.8,42259.1875,42259.1875,6.348788583979593
2025-11-18,17,621661.0,495489.97,126171.03125,126171.03125,20.295793245836556
2025-11-18,98,644291.0,718165.7,-73874.6875,73874.6875,11.466043682125003
2025-11-18,89,484931.0,414643.28,70287.71875,70287.71875,14.494375230702925
2025-11-18,15,870246.0,694033.4,176212.625,176212.625,20.2485992466498
2025-11-18,82,315329.0,450618.16,-135289.15625,135289.15625,42.9041275144373
2025-11-18,59,222477.0,433367.56,-210890.5625,210890.5625,94.79207401214508
2025-11-18,5,567377.0,626690.75,-59313.75,59313.75,10.454027921470205
2025-11-18,66,869939.0,660430.5,209508.5,209508.5,24.083125368560324
2025-11-18,75,603075.0,617699.06,-14624.0625,14624.0625,2.424916055217013
2025-11-18,83,538501.0,668866.1,-130365.125,130365.125,24.208891905493214
2025-11-18,35,951747.0,682753.7,268993.3125,268993.3125,28.26311115243862
2025-11-18,25,745398.0,427409.1,317988.90625,317988.90625,42.660284338031495
2025-11-18,51,680605.0,640503.3,40101.6875,40101.6875,5.892064780599614
2025-11-18,57,700850.0,613123.94,87726.0625,87726.0625,12.517095312834414
2025-11-18,48,765275.0,633654.1,131620.875,131620.875,17.199160432524256
2025-11-18,30,414987.0,432506.5,-17519.5,17519.5,4.221698511037695
2025-11-18,70,402321.0,497059.2,-94738.1875,94738.1875,23.547910126491036
2025-11-18,88,437726.0,490573.4,-52847.40625,52847.40625,12.073170487930806
2025-11-18,4,831616.0,711539.1,120076.875,120076.875,14.438980851739263
2025-11-18,45,395397.0,446854.72,-51457.71875,51457.71875,13.014190484500388
2025-11-18,94,741213.0,684710.4,56502.625,56502.625,7.622994334961746
2025-11-18,1,259435.0,488147.25,-228712.25,228712.25,88.15782373234143
2025-11-18,76,809414.0,674866.7,134547.3125,134547.3125,16.622805202282144
2025-11-18,27,407999.0,392379.03,15619.96875,15619.96875,3.8284330966497464
2025-11-18,32,696773.0,614814.8,81958.1875,81958.1875,11.762537799254563
2025-11-19,51,620003.0,674374.1,-54371.125,54371.125,8.769493857287786
2025-11-19,62,433120.0,635036.4,-201916.375,201916.375,46.61903744920576
2025-11-19,55,836682.0,716078.06,120603.9375,120603.9375,14.41454907599303
2025-11-19,94,556088.0,674963.3,-118875.3125,118875.3125,21.37706846758067
2025-11-19,43,548302.0,427898.97,120403.03125,120403.03125,21.95925443459991
2025-11-19,15,747632.0,704957.9,42674.125,42674.125,5.707905092344897
2025-11-19,14,558255.0,643606.7,-85351.6875,85351.6875,15.289014428890024
2025-11-19,76,774183.0,663690.2,110492.8125,110492.8125,14.272182739739828
2025-11-19,9,695807.0,675370.06,20436.9375,20436.9375,2.9371560648283217
2025-11-19,28,345270.0,384404.25,-39134.25,39134.25,11.334390477017987
2025-11-19,19,694532.0,611482.7,83049.3125,83049.3125,11.957593386625815
2025-11-19,17,432753.0,485927.22,-53174.21875,53174.21875,12.28742926103343
2025-11-19,57,616932.0,628837.8,-11905.8125,11905.8125,1.92984194368261
2025-11-19,11,548059.0,670997.1,-122938.125,122938.125,22.431549340490715
2025-11-19,59,578805.0,439683.4,139121.59375,139121.59375,24.03600413783571
2025-11-19,82,413594.0,452476.1,-38882.09375,38882.09375,9.401029451587789
2025-11-19,37,836251.0,700533.44,135717.5625,135717.5625,16.229285525518055
2025-11-19,60,474550.0,497833.0,-23283.0,23283.0,4.906332314824571
2025-11-19,75,718602.0,632486.56,86115.4375,86115.4375,11.983745870454019
2025-11-19,31,583451.0,422462.25,160988.75,160988.75,27.592505626008013
2025-11-19,18,370285.0,400016.1,-29731.09375,29731.09375,8.029246053715381
2025-11-19,52,564149.0,422926.0,141223.0,141223.0,25.03292569870726
2025-11-19,10,476152.0,432475.88,43676.125,43676.125,9.172727406374435
2025-11-19,88,560379.0,494958.78,65420.21875,65420.21875,11.674280933082787
2025-11-19,27,324375.0,389852.3,-65477.3125,65477.3125,20.18568400770713
2025-11-19,95,310732.0,390473.53,-79741.53125,79741.53125,25.662478035734974
2025-11-19,77,638460.0,638559.1,-99.125,99.125,0.015525639820818844
2025-11-19,12,433094.0,493238.62,-60144.625,60144.625,13.88719885290491
2025-11-19,86,760630.0,699788.06,60841.9375,60841.9375,7.998887435415379
2025-11-19,78,480609.0,452223.25,28385.75,28385.75,5.9062044198090335
2025-11-19,74,389569.0,387525.9,2043.09375,2043.09375,0.5244497765479286
2025-11-19,58,719830.0,639284.44,80545.5625,80545.5625,11.18952565189003
2025-11-19,53,581852.0,635279.1,-53427.125,53427.125,9.182253390896653
2025-11-19,61,437723.0,447605.2,-9882.1875,9882.1875,2.257634965491875
2025-11-19,96,544513.0,618858.25,-74345.25,74345.25,13.653530769696959
2025-11-19,13,640478.0,499608.62,140869.375,140869.375,21.99441276671486
2025-11-19,44,840386.0,723615.7,116770.3125,116770.3125,13.894842667536109
2025-11-19,92,305306.0,449810.7,-144504.6875,144504.6875,47.3310997818582
2025-11-19,54,568220.0,636957.75,-68737.75,68737.75,12.097031079511456
2025-11-19,16,770119.0,683933.7,86185.3125,86185.3125,11.191168183098977
2025-11-19,42,414533.0,662618.1,-248085.125,248085.125,59.84689397466547
2025-11-19,93,497994.0,502577.03,-4583.03125,4583.03125,0.9202984875319783
2025-11-19,33,341957.0,389495.8,-47538.8125,47538.8125,13.901985483554949
2025-11-19,63,556679.0,489313.5,67365.5,67365.5,12.10131871329797
2025-11-19,40,439764.0,397341.22,42422.78125,42422.78125,9.646715340500814
2025-11-19,71,356471.0,408171.97,-51700.96875,51700.96875,14.503555338302416
2025-11-19,85,270609.0,486658.7,-216049.6875,216049.6875,79.83832300477812
2025-11-19,41,657061.0,659183.9,-2122.875,2122.875,0.3230864409849314
2025-11-19,68,673838.0,660936.9,12901.125,12901.125,1.9145736809144036
2025-11-19,79,371972.0,503161.0,-131189.0,131189.0,35.2685148344499
2025-11-19,91,770175.0,694544.1,75630.875,75630.875,9.819959749407602
2025-11-19,6,589677.0,725437.7,-135760.6875,135760.6875,23.022890073718326
2025-11-19,24,423816.0,475895.78,-52079.78125,52079.78125,12.288299934405497
2025-11-19,30,382639.0,425682.0,-43043.0,43043.0,11.248984029333132
2025-11-19,99,545606.0,474122.5,71483.5,71483.5,13.101670436175555
2025-11-19,21,471883.0,482378.0,-10495.0,10495.0,2.224068254207081
2025-11-19,64,601123.0,699547.06,-98424.0625,98424.0625,16.373364935296102
2025-11-19,7,248058.0,391878.7,-143820.6875,143820.6875,57.97865317788582
2025-11-19,50,417454.0,395487.62,21966.375,21966.375,5.2619869494603
2025-11-19,36,465144.0,681930.44,-216786.4375,216786.4375,46.60630632664293
2025-11-19,81,820779.0,647806.6,172972.375,172972.375,21.0741716101411
2025-11-19,65,608983.0,707122.5,-98139.5,98139.5,16.115310279597296
2025-11-19,80,313296.0,693515.25,-380219.25,380219.25,121.36102918645626
2025-11-19,32,623754.0,631185.25,-7431.25,7431.25,1.1913751254500973
2025-11-19,66,998320.0,677662.25,320657.75,320657.75,32.11973615674333
2025-11-19,5,673857.0,617723.25,56133.75,56133.75,8.330216945138211
2025-11-19,89,417486.0,411173.6,6312.40625,6312.40625,1.512004294754794
2025-11-19,4,397820.0,704061.56,-306241.5625,306241.5625,76.97993125031421
2025-11-19,35,765732.0,660531.56,105200.4375,105200.4375,13.738545274325741
2025-11-19,98,528648.0,727817.8,-199169.8125,199169.8125,37.67531750805829
2025-11-19,67,453147.0,492259.62,-39112.625,39112.625,8.631332658055776
2025-11-19,72,866540.0,613284.56,253255.4375,253255.4375,29.226052750017313
2025-11-19,23,692115.0,484694.53,207420.46875,207420.46875,29.96907576775536
2025-11-19,47,368974.0,434587.88,-65613.875,65613.875,17.782790928358096
2025-11-19,22,1256833.0,731012.1,525820.875,525820.875,41.8369723742136
2025-11-19,49,371438.0,457983.47,-86545.46875,86545.46875,23.300111660627078
2025-11-19,3,438717.0,393306.06,45410.9375,45410.9375,10.350849750522546
2025-11-19,90,589934.0,723424.75,-133490.75,133490.75,22.62808212444104
2025-11-19,100,580376.0,636985.56,-56609.5625,56609.5625,9.7539461487036
2025-11-19,2,515127.0,629033.3,-113906.3125,113906.3125,22.112277651918845
2025-11-19,48,695323.0,624733.9,70589.125,70589.125,10.15199051376123
2025-11-19,56,496774.0,498039.97,-1265.96875,1265.96875,0.2548379645472589
2025-11-19,1,574561.0,484417.0,90144.0,90144.0,15.68919575119091
2025-11-19,26,558069.0,432294.5,125774.5,125774.5,22.537446086415837
2025-11-19,38,650466.0,684997.3,-34531.3125,34531.3125,5.308703683205579
2025-11-19,34,614281.0,603778.6,10502.375,10502.375,1.7097020744577807
2025-11-19,29,465760.0,428991.75,36768.25,36768.25,7.8942481106149085
2025-11-19,39,738794.0,739974.5,-1180.5,1180.5,0.1597874373641367
2025-11-19,87,892732.0,717547.5,175184.5,175184.5,19.623414417764796
2025-11-19,8,378383.0,389947.6,-11564.59375,11564.59375,3.056319588882164
2025-11-19,83,939725.0,684702.1,255022.875,255022.875,27.138032403096652
2025-11-19,84,636735.0,624646.6,12088.375,12088.375,1.898493878929225
2025-11-19,46,794258.0,693848.8,100409.1875,100409.1875,12.641885571187197
2025-11-19,25,533066.0,457486.34,75579.65625,75579.65625,14.178292415948492
2025-11-19,69,286450.0,426650.72,-140200.71875,140200.71875,48.9442201954966
2025-11-19,97,757378.0,662583.0,94795.0,94795.0,12.51620723073551
2025-11-19,73,509564.0,668207.25,-158643.25,158643.25,31.133135386330274
2025-11-19,20,527028.0,474013.34,53014.65625,53014.65625,10.059172615117223
2025-11-19,70,769957.0,490462.97,279494.03125,279494.03125,36.299953276611554
2025-11-19,45,482020.0,443285.1,38734.90625,38734.90625,8.035954161653043
2025-11-20,56,437889.0,497827.28,-59938.28125,59938.28125,13.68800797690739
2025-11-20,67,556773.0,477030.28,79742.71875,79742.71875,14.32230347915578
2025-11-20,23,370669.0,488077.4,-117408.40625,117408.40625,31.674730352416848
2025-11-20,12,427799.0,466284.8,-38485.8125,38485.8125,8.99623713472916
2025-11-20,86,720020.0,716418.6,3601.375,3601.375,0.5001770784144884
2025-11-20,47,447457.0,432796.88,14660.125,14660.125,3.2763204062066302
2025-11-20,35,931814.0,652940.1,278873.875,278873.875,29.928062360084738
2025-11-20,15,564862.0,736230.06,-171368.0625,171368.0625,30.33804053025341
2025-11-20,76,631332.0,654956.56,-23624.5625,23624.5625,3.742018858540356
2025-11-20,95,577326.0,410096.3,167229.6875,167229.6875,28.966249138268502
2025-11-20,27,268292.0,397970.47,-129678.46875,129678.46875,48.334825022736425
2025-11-20,4,740019.0,711500.6,28518.375,28518.375,3.853735512196309
2025-11-20,83,619566.0,670260.25,-50694.25,50694.25,8.18221948912626
2025-11-20,25,384982.0,421119.1,-36137.09375,36137.09375,9.386696975443009
2025-11-20,88,491317.0,494604.34,-3287.34375,3287.34375,0.6690881345444998
2025-11-20,32,704882.0,617822.2,87059.8125,87059.8125,12.35097683016448
2025-11-20,30,445648.0,433032.25,12615.75,12615.75,2.8308777330987684
2025-11-20,77,560875.0,618727.7,-57852.6875,57852.6875,10.314720303097838
2025-11-20,3,258332.0,378942.44,-120610.4375,120610.4375,46.68815226143103
2025-11-20,2,602629.0,601818.3,810.6875,810.6875,0.13452513901587876
2025-11-20,39,885181.0,716042.3,169138.6875,169138.6875,19.10780817708469
2025-11-20,69,417875.0,424203.38,-6328.375,6328.375,1.5144181872569547
2025-11-20,81,877010.0,630844.25,246165.75,246165.75,28.068750641383794
2025-11-20,28,324111.0,391492.34,-67381.34375,67381.34375,20.78958867486756
2025-11-20,57,643977.0,640063.7,3913.3125,3913.3125,0.6076789233155843
2025-11-20,24,522187.0,483391.12,38795.875,38795.875,7.429498436383901
2025-11-20,99,456324.0,476494.38,-20170.375,20170.375,4.4201871915568764
2025-11-20,46,609076.0,685757.1,-76681.125,76681.125,12.589746599767517
2025-11-20,16,810590.0,649490.4,161099.625,161099.625,19.874366202395784
2025-11-20,54,835345.0,628964.94,206380.0625,206380.0625,24.70596729494999
2025-11-20,87,583754.0,740494.25,-156740.25,156740.25,26.850394172887892
2025-11-20,14,587423.0,645216.56,-57793.5625,57793.5625,9.838491598047744
2025-11-20,70,344169.0,498350.72,-154181.71875,154181.71875,44.79825863166061
2025-11-20,43,219633.0,436131.5,-216498.5,216498.5,98.57284652124225
2025-11-20,1,253635.0,491217.25,-237582.25,237582.25,93.67092475407574
2025-11-20,71,423393.0,403965.7,19427.3125,19427.3125,4.588482213924179
2025-11-20,33,310114.0,384214.72,-74100.71875,74100.71875,23.894670588880217
2025-11-20,93,520090.0,491256.34,28833.65625,28833.65625,5.543974360206887
2025-11-20,55,586490.0,737254.1,-150764.125,150764.125,25.70617146072397
2025-11-20,40,358844.0,401508.66,-42664.65625,42664.65625,11.889471817837277
2025-11-20,94,551319.0,661956.2,-110637.1875,110637.1875,20.067726216582415
2025-11-20,80,848870.0,720108.3,128761.6875,128761.6875,15.168599137677147
2025-11-20,90,543660.0,710073.56,-166413.5625,166413.5625,30.609859562962143
2025-11-20,58,451225.0,634828.44,-183603.4375,183603.4375,40.6899966757161
2025-11-20,45,280830.0,451083.12,-170253.125,170253.125,60.62497774454296
2025-11-20,68,528580.0,688068.8,-159488.8125,159488.8125,30.173069828597377
2025-11-20,13,415234.0,492963.44,-77729.4375,77729.4375,18.71942988772596
2025-11-20,84,599739.0,630888.06,-31149.0625,31149.0625,5.19376970648899
2025-11-20,31,470245.0,428140.28,42104.71875,42104.71875,8.953783400142479
2025-11-20,60,433246.0,486336.12,-53090.125,53090.125,12.254036967450363
2025-11-20,19,575448.0,609120.7,-33672.6875,33672.6875,5.85156043639043
2025-11-20,36,446510.0,675184.6,-228674.625,228674.625,51.21377460751159
2025-11-20,18,473080.0,396331.38,76748.625,76748.625,16.223181068741017
2025-11-20,100,572583.0,652223.1,-79640.125,79640.125,13.908922374572768
2025-11-20,63,489566.0,497611.25,-8045.25,8045.25,1.6433432877283143
2025-11-20,52,308246.0,430394.25,-122148.25,122148.25,39.626872692589686
2025-11-20,41,839284.0,666616.3,172667.6875,172667.6875,20.573213298478226
2025-11-20,10,372561.0,428364.0,-55803.0,55803.0,14.978218332031535
2025-11-20,29,450795.0,429539.38,21255.625,21255.625,4.715142137778813
2025-11-20,6,811411.0,729214.75,82196.25,82196.25,10.13003890753268
2025-11-20,91,781864.0,687546.25,94317.75,94317.75,12.0631912966961
2025-11-20,79,593721.0,491185.38,102535.625,102535.625,17.270001397963018
2025-11-20,42,723507.0,667332.56,56174.4375,56174.4375,7.764187146772596
2025-11-20,48,517200.0,624493.94,-107293.9375,107293.9375,20.745154195668984
2025-11-20,92,363252.0,434683.16,-71431.15625,71431.15625,19.664353190071907
2025-11-20,21,682098.0,477803.0,204295.0,204295.0,29.950974786614243
2025-11-20,64,743469.0,707600.2,35868.8125,35868.8125,4.824520255720144
2025-11-20,78,568366.0,444072.44,124293.5625,124293.5625,21.868578081729027
2025-11-20,74,459370.0,405485.38,53884.625,53884.625,11.730114069268781
2025-11-20,7,450827.0,385444.12,65382.875,65382.875,14.502874716909147
2025-11-20,50,428736.0,393372.38,35363.625,35363.625,8.24834513546798
2025-11-20,61,320524.0,449805.0,-129281.0,129281.0,40.33426514083189
2025-11-20,20,338643.0,501318.5,-162675.5,162675.5,48.03746127928231
2025-11-20,96,815078.0,634402.9,180675.125,180675.125,22.166605527323764
2025-11-20,97,808524.0,670095.44,138428.5625,138428.5625,17.121144517664284
2025-11-20,38,659913.0,708457.44,-48544.4375,48544.4375,7.356187482289332
2025-11-20,37,744190.0,720672.6,23517.375,23517.375,3.1601304774318386
2025-11-20,65,526826.0,670468.5,-143642.5,143642.5,27.26564368501175
2025-11-20,85,718982.0,492264.06,226717.9375,226717.9375,31.533186853078384
2025-11-20,75,454077.0,625890.6,-171813.625,171813.625,37.83799333593201
2025-11-20,8,340948.0,381694.47,-40746.46875,40746.46875,11.950933500123186
2025-11-20,66,821086.0,678341.6,142744.375,142744.375,17.384826315392054
2025-11-20,5,721258.0,616809.25,104448.75,104448.75,14.481468489777583
2025-11-20,51,712928.0,676951.9,35976.125,35976.125,5.046249410880201
2025-11-20,89,407997.0,400588.53,7408.46875,7408.46875,1.8158145157930083
2025-11-20,82,373759.0,461353.6,-87594.59375,87594.59375,23.436116254056756
2025-11-20,62,955864.0,661518.56,294345.4375,294345.4375,30.79365239197208
2025-11-20,59,538806.0,442750.78,96055.21875,96055.21875,17.827421882829814
2025-11-20,17,342802.0,480421.78,-137619.78125,137619.78125,40.145559608753736
2025-11-20,34,453367.0,636553.8,-183186.8125,183186.8125,40.40585496959417
2025-11-20,98,928454.0,722673.94,205780.0625,205780.0625,22.16373266742348
2025-11-20,26,463233.0,433971.9,29261.09375,29261.09375,6.316711838318945
2025-11-20,9,463628.0,668982.75,-205354.75,205354.75,44.2929999913724
2025-11-20,49,233580.0,443316.28,-209736.28125,209736.28125,89.79205464937067
2025-11-20,11,873908.0,670286.1,203621.875,203621.875,23.300150015791136
2025-11-20,72,655807.0,624951.56,30855.4375,30855.4375,4.7049570224166555
2025-11-20,22,852685.0,707263.5,145421.5,145421.5,17.054539484100225
2025-11-20,73,640112.0,663887.8,-23775.8125,23775.8125,3.714320697003024
2025-11-20,53,643171.0,634268.75,8902.25,8902.25,1.3841186869432858
2025-11-20,44,617016.0,711281.2,-94265.1875,94265.1875,15.277592072166687
2025-11-21,19,662960.0,765936.5,-102976.5,102976.5,15.532837576927719
2025-11-21,51,1237465.0,796533.9,440931.125,440931.125,35.63180574804136
2025-11-21,45,676828.0,538172.7,138655.3125,138655.3125,20.486048523406243
2025-11-21,92,357585.0,537884.2,-180299.1875,180299.1875,50.42135086762588
2025-11-21,26,274640.0,527371.6,-252731.625,252731.625,92.02287540052431
2025-11-21,78,694924.0,520821.78,174102.21875,174102.21875,25.05341861124382
2025-11-21,39,905689.0,864147.0,41542.0,41542.0,4.586784205174182
2025-11-21,43,447921.0,537529.4,-89608.375,89608.375,20.005397157087966
2025-11-21,44,1246897.0,867754.94,379142.0625,379142.0625,30.406846956885776
2025-11-21,55,810669.0,938192.94,-127523.9375,127523.9375,15.73070359172486
2025-11-21,100,792078.0,783568.0,8510.0,8510.0,1.074389138443436
2025-11-21,15,657775.0,844868.8,-187093.8125,187093.8125,28.443436205389382
2025-11-21,25,549704.0,531763.6,17940.375,17940.375,3.263642796850669
2025-11-21,54,859878.0,747738.8,112139.1875,112139.1875,13.041290450505768
2025-11-21,20,621864.0,588249.8,33614.1875,33614.1875,5.405392095377767
2025-11-21,32,757590.0,724752.06,32837.9375,32837.9375,4.334526260906295
2025-11-21,84,487461.0,739262.4,-251801.375,251801.375,51.65569655828877
2025-11-21,89,288815.0,489213.38,-200398.375,200398.375,69.386415179267
2025-11-21,31,408083.0,524549.6,-116466.625,116466.625,28.539935503316727
2025-11-21,77,896273.0,724489.5,171783.5,171783.5,19.16642585462242
2025-11-21,27,367713.0,466835.7,-99122.6875,99122.6875,26.956536075689463
2025-11-21,22,821764.0,870862.4,-49098.375,49098.375,5.974753700575834
2025-11-21,17,354833.0,570773.06,-215940.0625,215940.0625,60.856815036932865
2025-11-21,23,395270.0,587123.0,-191853.0,191853.0,48.537202418599946
2025-11-21,53,904993.0,755450.94,149542.0625,149542.0625,16.52411261744566
2025-11-21,47,596287.0,524198.0,72089.0,72089.0,12.08964810569407
2025-11-21,86,976985.0,812502.5,164482.5,164482.5,16.83572419228545
2025-11-21,38,989731.0,881737.5,107993.5,107993.5,10.911399157953019
2025-11-21,90,795787.0,877365.0,-81578.0,81578.0,10.251235569316915
2025-11-21,79,734079.0,586652.75,147426.25,147426.25,20.083158624616697
2025-11-21,93,724058.0,584396.06,139661.9375,139661.9375,19.288777625549333
2025-11-21,18,437816.0,462471.0,-24655.0,24655.0,5.6313611197397995
2025-11-21,52,499731.0,518739.47,-19008.46875,19008.46875,3.8037401622072675
2025-11-21,80,1089816.0,984986.2,104829.8125,104829.8125,9.619037754997175
2025-11-21,91,565424.0,805583.8,-240159.8125,240159.8125,42.47428699524605
2025-11-21,21,496239.0,573774.7,-77535.6875,77535.6875,15.624666239453166
2025-11-21,16,766962.0,776214.2,-9252.1875,9252.1875,1.2063423611600055
2025-11-21,24,838206.0,581362.56,256843.4375,256843.4375,30.64204234997125
2025-11-21,81,874218.0,764254.8,109963.1875,109963.1875,12.578462980629546
2025-11-21,46,654414.0,791112.6,-136698.625,136698.625,20.88870730149416
2025-11-21,50,320644.0,458000.03,-137356.03125,137356.03125,42.8375491978643
2025-11-21,49,599849.0,555496.56,44352.4375,44352.4375,7.393933723320369
2025-11-21,48,1010621.0,740081.94,270539.0625,270539.0625,26.769586472080036
2025-11-21,85,819082.0,581196.8,237885.1875,237885.1875,29.042902603158172
2025-11-21,73,803574.0,828393.0,-24819.0,24819.0,3.0885767832209603
2025-11-21,95,348323.0,474219.25,-125896.25,125896.25,36.14353631543137
2025-11-21,88,765377.0,587102.06,178274.9375,178274.9375,23.292434643319567
2025-11-21,65,1012108.0,820748.7,191359.3125,191359.3125,18.90700523066708
2025-11-21,75,819878.0,725971.8,93906.1875,93906.1875,11.453678169191026
2025-11-21,72,579464.0,725435.06,-145971.0625,145971.0625,25.190704254276362
2025-11-21,12,1004021.0,584383.1,419637.875,419637.875,41.795726882206644
2025-11-21,96,855949.0,740576.9,115372.125,115372.125,13.478855048606869
2025-11-21,98,698277.0,836752.9,-138475.875,138475.875,19.831080645646352
2025-11-21,5,880692.0,735409.5,145282.5,145282.5,16.496402828684715
2025-11-21,66,749288.0,802426.7,-53138.6875,53138.6875,7.09189090176274
2025-11-21,58,887703.0,746516.7,141186.3125,141186.3125,15.904678986102333
2025-11-21,30,292065.0,535131.06,-243066.0625,243066.0625,83.22327649667027
2025-11-21,33,445782.0,466056.34,-20274.34375,20274.34375,4.548040017317882
2025-11-21,4,1203124.0,821038.7,382085.3125,382085.3125,31.75776665580605
2025-11-21,35,804998.0,830639.75,-25641.75,25641.75,3.1853184728409265
2025-11-21,41,826091.0,785637.1,40453.875,40453.875,4.8970240566717225
2025-11-21,36,728802.0,802113.25,-73311.25,73311.25,10.059145007834775
2025-11-21,82,424948.0,541583.44,-116635.4375,116635.4375,27.446990572964218
2025-11-21,6,753960.0,843471.8,-89511.8125,89511.8125,11.872222995914901
2025-11-21,74,525492.0,466637.44,58854.5625,58854.5625,11.199896953711951
2025-11-21,10,622218.0,527444.06,94773.9375,94773.9375,15.23162902712554
2025-11-21,42,789765.0,802310.94,-12545.9375,12545.9375,1.5885659025153054
2025-11-21,9,597414.0,795680.8,-198266.8125,198266.8125,33.18750690475951
2025-11-21,62,732311.0,820379.4,-88068.375,88068.375,12.02608932543687
2025-11-21,8,691247.0,469908.66,221338.34375,221338.34375,32.0201525286909
2025-11-21,34,700142.0,717045.44,-16903.4375,16903.4375,2.414287030345273
2025-11-21,67,423119.0,575803.9,-152684.875,152684.875,36.08556339942191
2025-11-21,60,446084.0,575052.25,-128968.25,128968.25,28.91120282278674
2025-11-21,11,738224.0,789255.7,-51031.6875,51031.6875,6.912764621578274
2025-11-21,29,465269.0,523487.22,-58218.21875,58218.21875,12.512808450595248
2025-11-21,63,583025.0,573226.6,9798.375,9798.375,1.680609750868316
2025-11-21,97,1021103.0,780044.7,241058.3125,241058.3125,23.607639239136503
2025-11-21,7,395586.0,450307.84,-54721.84375,54721.84375,13.833109298610163
2025-11-21,64,820964.0,865872.56,-44908.5625,44908.5625,5.470223115751726
2025-11-21,59,392930.0,531626.1,-138696.125,138696.125,35.29792202173415
2025-11-21,37,890599.0,852750.0,37849.0,37849.0,4.249836346099648
2025-11-21,13,681055.0,573784.44,107270.5625,107270.5625,15.750646056485893
2025-11-21,61,512731.0,540448.75,-27717.75,27717.75,5.405904850691688
2025-11-21,94,1017211.0,777065.9,240145.125,240145.125,23.608191909053282
2025-11-21,99,626606.0,560012.56,66593.4375,66593.4375,10.62764121313872
2025-11-21,57,986914.0,770386.25,216527.75,216527.75,21.939880273255827
2025-11-21,14,777437.0,786098.7,-8661.6875,8661.6875,1.1141336854304593
2025-11-21,1,566591.0,600689.5,-34098.5,34098.5,6.018185957772008
2025-11-21,83,864702.0,815605.3,49096.6875,49096.6875,5.677873706779908
2025-11-21,68,714252.0,806730.06,-92478.0625,92478.0625,12.947539873882047
2025-11-21,70,754685.0,581042.3,173642.6875,173642.6875,23.008631084492208
2025-11-21,2,414575.0,758281.44,-343706.4375,343706.4375,82.90573177350299
2025-11-21,40,394094.0,474280.2,-80186.1875,80186.1875,20.3469698853573
2025-11-21,56,681865.0,586495.9,95369.125,95369.125,13.986511259560178
2025-11-21,69,463499.0,534195.8,-70696.8125,70696.8125,15.252851138837409
2025-11-21,71,447927.0,464133.12,-16206.125,16206.125,3.618028160838708
2025-11-21,87,832564.0,859964.6,-27400.625,27400.625,3.2911133558501207
2025-11-21,3,570455.0,453557.28,116897.71875,116897.71875,20.492014050188008
2025-11-21,76,961219.0,806352.8,154866.1875,154866.1875,16.11143636361745
2025-11-21,28,494368.0,455857.03,38510.96875,38510.96875,7.789939629992232
2025-11-22,1,475881.0,588024.9,-112143.875,112143.875,23.56552898728884
2025-11-22,63,580969.0,567907.44,13061.5625,13061.5625,2.2482374274703125
2025-11-22,29,507850.0,518334.72,-10484.71875,10484.71875,2.0645306192773454
2025-11-22,97,998558.0,784595.44,213962.5625,213962.5625,21.42715420636558
2025-11-22,73,719078.0,787610.0,-68532.0,68532.0,9.530537716353441
2025-11-22,20,618026.0,579539.3,38486.6875,38486.6875,6.227357344189403
2025-11-22,50,425179.0,458616.25,-33437.25,33437.25,7.864275987290059
2025-11-22,70,403596.0,598161.44,-194565.4375,194565.4375,48.20796972715289
2025-11-22,26,340234.0,528583.0,-188349.0,188349.0,55.35866491884997
2025-11-22,34,776648.0,741493.94,35154.0625,35154.0625,4.526382930233516
2025-11-22,23,488565.0,578239.0,-89674.0,89674.0,18.354568992866866
2025-11-22,39,783510.0,825216.5,-41706.5,41706.5,5.323033528608442
2025-11-22,25,472614.0,530682.2,-58068.1875,58068.1875,12.286599106247381
2025-11-22,44,691157.0,793750.4,-102593.375,102593.375,14.843714959119275
2025-11-22,61,595060.0,521426.94,73633.0625,73633.0625,12.374056817799886
2025-11-22,78,597751.0,540592.7,57158.3125,57158.3125,9.562227833997769
2025-11-22,92,498787.0,519509.5,-20722.5,20722.5,4.154579008675046
2025-11-22,83,567966.0,803993.75,-236027.75,236027.75,41.556668885109325
2025-11-22,45,313289.0,555442.94,-242153.9375,242153.9375,77.29410783653432
2025-11-22,42,591248.0,816097.06,-224849.0625,224849.0625,38.02956838754634
2025-11-22,19,566824.0,747117.5,-180293.5,180293.5,31.807668694338982
2025-11-22,51,722725.0,825189.6,-102464.625,102464.625,14.177539866477568
2025-11-22,62,1035022.0,827948.8,207073.1875,207073.1875,20.006645993998195
2025-11-22,84,665404.0,746320.1,-80916.125,80916.125,12.160450643518825
2025-11-22,7,466387.0,450678.16,15708.84375,15708.84375,3.3681993173051565
2025-11-22,85,386946.0,622272.75,-235326.75,235326.75,60.816431750166686
2025-11-22,9,535143.0,792044.9,-256901.875,256901.875,48.006210489532705
2025-11-22,8,491317.0,451795.22,39521.78125,39521.78125,8.04404920855578
2025-11-22,21,649258.0,575990.1,73267.875,73267.875,11.284862874234895
2025-11-22,69,664001.0,530980.44,133020.5625,133020.5625,20.033187073513446
2025-11-22,68,869622.0,824860.5,44761.5,44761.5,5.147236385464029
2025-11-22,98,792350.0,841362.3,-49012.3125,49012.3125,6.18568972045182
2025-11-22,80,871663.0,843381.8,28281.1875,28281.1875,3.2445093459284147
2025-11-22,89,465079.0,469805.22,-4726.21875,4726.21875,1.0162184811612651
2025-11-22,66,545164.0,825921.25,-280757.25,280757.25,51.49959461739954
2025-11-22,32,670152.0,739274.1,-69122.125,69122.125,10.314395092456637
2025-11-22,48,862656.0,758352.9,104303.125,104303.125,12.090929060946658
2025-11-22,40,362387.0,467230.4,-104843.40625,104843.40625,28.931337561777877
2025-11-22,4,786715.0,829660.1,-42945.125,42945.125,5.458790667522546
2025-11-22,71,616115.0,458875.56,157239.4375,157239.4375,25.521118216566713
2025-11-22,90,968000.0,846124.6,121875.375,121875.375,12.590431301652893
2025-11-22,35,727468.0,813563.4,-86095.375,86095.375,11.83493638208141
2025-11-22,67,398285.0,583084.9,-184799.875,184799.875,46.398904051119175
2025-11-22,3,347328.0,457503.12,-110175.125,110175.125,31.720772583840056
2025-11-22,30,536829.0,556763.2,-19934.1875,19934.1875,3.7133216536364464
2025-11-22,87,961286.0,870995.94,90290.0625,90290.0625,9.392632629623234
2025-11-22,99,557808.0,589040.5,-31232.5,31232.5,5.599148811060436
2025-11-22,5,906509.0,743926.3,162582.6875,162582.6875,17.935032911973295
2025-11-22,38,692116.0,853561.25,-161445.25,161445.25,23.326328245554215
2025-11-22,64,1094989.0,844786.56,250202.4375,250202.4375,22.849767212273363
2025-11-22,47,456429.0,526189.8,-69760.8125,69760.8125,15.284044725466611
2025-11-22,91,935281.0,816571.8,118709.1875,118709.1875,12.69235529215284
2025-11-22,6,1097593.0,852268.9,245324.125,245324.125,22.35110145563975
2025-11-22,36,958056.0,819063.2,138992.8125,138992.8125,14.507796256168742
2025-11-22,72,682286.0,710668.0,-28382.0,28382.0,4.159839129045591
2025-11-22,46,1043950.0,805033.5,238916.5,238916.5,22.885818286316393
2025-11-22,2,959780.0,746573.7,213206.3125,213206.3125,22.214081612452855
2025-11-22,81,746268.0,761042.94,-14774.9375,14774.9375,1.9798433672621634
2025-11-22,24,570128.0,591034.44,-20906.4375,20906.4375,3.6669725921196648
2025-11-22,65,668123.0,841072.94,-172949.9375,172949.9375,25.885942782990558
2025-11-22,79,918079.0,615181.44,302897.5625,302897.5625,32.99253795152705
2025-11-22,49,692649.0,484180.38,208468.625,208468.625,30.09729675492205
2025-11-22,41,1036131.0,776159.9,259971.125,259971.125,25.090565285663686
2025-11-22,22,652155.0,818718.75,-166563.75,166563.75,25.540515674954573
2025-11-22,100,1071065.0,755584.7,315480.3125,315480.3125,29.45482417033513
2025-11-22,12,665727.0,568381.4,97345.625,97345.625,14.622454099052614
2025-11-22,18,485239.0,460842.16,24396.84375,24396.84375,5.02779944522184
2025-11-22,57,971300.0,761340.94,209959.0625,209959.0625,21.616293884484712
2025-11-22,60,702553.0,572114.56,130438.4375,130438.4375,18.566348375140382
2025-11-22,37,754783.0,864111.3,-109328.3125,109328.3125,14.484734354112375
2025-11-22,86,676242.0,877169.2,-200927.1875,200927.1875,29.712320071808612
2025-11-22,11,804541.0,779923.7,24617.3125,24617.3125,3.059795896045074
2025-11-22,55,972518.0,834200.8,138317.1875,138317.1875,14.222583797934846
2025-11-22,28,336815.0,460484.94,-123669.9375,123669.9375,36.717467304009624
2025-11-22,53,808719.0,757553.75,51165.25,51165.25,6.326703094647214
2025-11-22,58,785816.0,767058.4,18757.625,18757.625,2.387025079662415
2025-11-22,94,726866.0,838342.44,-111476.4375,111476.4375,15.336587142609503
2025-11-22,43,392285.0,530464.75,-138179.75,138179.75,35.22432670125037
2025-11-22,17,664656.0,579382.06,85273.9375,85273.9375,12.829785257336127
2025-11-22,27,450401.0,465992.53,-15591.53125,15591.53125,3.4616999629219296
2025-11-22,88,723393.0,593737.06,129655.9375,129655.9375,17.923305519959413
2025-11-22,59,534687.0,531951.06,2735.9375,2735.9375,0.511689549212904
2025-11-22,95,424599.0,452550.9,-27951.90625,27951.90625,6.583130494890472
2025-11-22,31,469224.0,512469.56,-43245.5625,43245.5625,9.21640037593985
2025-11-22,82,717602.0,520154.06,197447.9375,197447.9375,27.51496477155861
2025-11-22,77,771651.0,746175.56,25475.4375,25475.4375,3.301419618454457
2025-11-22,75,682504.0,778435.44,-95931.4375,95931.4375,14.055805900038681
2025-11-22,33,559476.0,447681.4,111794.59375,111794.59375,19.982017771986644
2025-11-22,14,582344.0,774308.06,-191964.0625,191964.0625,32.964031998269064
2025-11-22,15,1317917.0,840614.8,477302.1875,477302.1875,36.216407216842946
2025-11-22,96,756586.0,756495.75,90.25,90.25,0.01192858445702141
2025-11-22,74,586370.0,466413.47,119956.53125,119956.53125,20.457480984702492
2025-11-22,52,348188.0,532666.06,-184478.0625,184478.0625,52.98231487012763
2025-11-22,93,559964.0,584776.9,-24812.875,24812.875,4.4311553957040095
2025-11-22,56,458715.0,597953.9,-139238.875,139238.875,30.35411421034847
2025-11-22,13,500432.0,585236.06,-84804.0625,84804.0625,16.94617100824887
2025-11-22,76,1026108.0,818782.06,207325.9375,207325.9375,20.20507953353838
2025-11-22,10,626856.0,528509.3,98346.6875,98346.6875,15.688880301057978
2025-11-22,54,713490.0,748533.7,-35043.6875,35043.6875,4.911587758763263
2025-11-22,16,774205.0,803763.8,-29558.8125,29558.8125,3.8179568073055585
2025-11-23,49,534422.0,433662.06,100759.9375,100759.9375,18.854002548547776
2025-11-23,27,391508.0,379407.8,12100.1875,12100.1875,3.090661621218468
2025-11-23,4,564776.0,714752.6,-149976.625,149976.625,26.555063423374932
2025-11-23,99,419956.0,500403.28,-80447.28125,80447.28125,19.15612141510063
2025-11-23,5,653562.0,608057.4,45504.625,45504.625,6.962556727594321
2025-11-23,65,945387.0,739913.56,205473.4375,205473.4375,21.73432017787425
2025-11-23,47,535268.0,433290.75,101977.25,101977.25,19.051624606739054
2025-11-23,13,648336.0,474971.53,173364.46875,173364.46875,26.73991090268009
2025-11-23,16,663474.0,643446.4,20027.625,20027.625,3.018599824559817
2025-11-23,88,436419.0,491933.47,-55514.46875,55514.46875,12.720451847880135
2025-11-23,71,367370.0,386506.22,-19136.21875,19136.21875,5.208976985055938
2025-11-23,3,333832.0,382602.4,-48770.40625,48770.40625,14.609266412446981
2025-11-23,95,345988.0,381375.97,-35387.96875,35387.96875,10.228091364440385
2025-11-23,41,661870.0,621444.56,40425.4375,40425.4375,6.107760965144212
2025-11-23,2,536784.0,620959.6,-84175.625,84175.625,15.68147057289338
2025-11-23,54,730809.0,641717.6,89091.375,89091.375,12.19078788028062
2025-11-23,36,1113920.0,708476.8,405443.1875,405443.1875,36.39787305192473
2025-11-23,31,340894.0,426471.06,-85577.0625,85577.0625,25.103716257839682
2025-11-23,79,827015.0,495074.0,331941.0,331941.0,40.137240557910076
2025-11-23,81,802593.0,621802.2,180790.8125,180790.8125,22.525839684622216
2025-11-23,96,739427.0,628904.6,110522.375,110522.375,14.947029929932231
2025-11-23,24,308173.0,492515.97,-184342.96875,184342.96875,59.81801415114237
2025-11-23,30,325599.0,433414.75,-107815.75,107815.75,33.11304703024272
2025-11-23,33,521368.0,371044.47,150323.53125,150323.53125,28.83251968858848
2025-11-23,32,809387.0,606166.1,203220.875,203220.875,25.10799839878822
2025-11-23,57,557044.0,626895.1,-69851.125,69851.125,12.539606386569105
2025-11-23,66,553189.0,659302.3,-106113.3125,106113.3125,19.182108194486876
2025-11-23,58,621815.0,625149.7,-3334.6875,3334.6875,0.536282897646406
2025-11-23,80,605683.0,735894.6,-130211.625,130211.625,21.49831264869577
2025-11-23,89,319355.0,398892.53,-79537.53125,79537.53125,24.90567902490958
2025-11-23,93,527041.0,496548.25,30492.75,30492.75,5.785650452241856
2025-11-23,12,360259.0,492117.78,-131858.78125,131858.78125,36.60110677318263
2025-11-23,23,502655.0,471218.84,31436.15625,31436.15625,6.254022391103242
2025-11-23,98,601375.0,723172.8,-121797.8125,121797.8125,20.25322178341301
2025-11-23,40,451087.0,410145.8,40941.1875,40941.1875,9.076117799892259
2025-11-23,91,377329.0,684452.1,-307123.125,307123.125,81.39398906524545
2025-11-23,86,783135.0,701315.44,81819.5625,81819.5625,10.447695799574785
2025-11-23,48,495149.0,671579.3,-176430.3125,176430.3125,35.63176185350268
2025-11-23,68,787267.0,683879.1,103387.875,103387.875,13.13250460136142
2025-11-23,22,776235.0,726083.44,50151.5625,50151.5625,6.46087364007034
2025-11-23,67,505126.0,482043.66,23082.34375,23082.34375,4.569620995553585
2025-11-23,28,339807.0,390632.84,-50825.84375,50825.84375,14.957268022730549
2025-11-23,43,435028.0,424455.12,10572.875,10572.875,2.430389538144671
2025-11-23,72,685942.0,624883.06,61058.9375,61058.9375,8.901472354805508
2025-11-23,25,454557.0,413864.03,40692.96875,40692.96875,8.952225738466243
2025-11-23,75,634836.0,635848.1,-1012.125,1012.125,0.1594309396442546
2025-11-23,6,652197.0,720369.9,-68172.875,68172.875,10.452804137400202
2025-11-23,21,455175.0,453199.25,1975.75,1975.75,0.4340638216070742
2025-11-23,73,584890.0,668298.44,-83408.4375,83408.4375,14.260534032040212
2025-11-23,55,518800.0,634234.5,-115434.5,115434.5,22.250289128758673
2025-11-23,70,629700.0,480964.16,148735.84375,148735.84375,23.62011175956805
2025-11-23,60,463913.0,482442.66,-18529.65625,18529.65625,3.994209312953075
2025-11-23,8,599958.0,381156.1,218801.90625,218801.90625,36.46953724260698
2025-11-23,56,322605.0,494980.22,-172375.21875,172375.21875,53.43228367508252
2025-11-23,45,444867.0,470628.47,-25761.46875,25761.46875,5.790824842031438
2025-11-23,62,500439.0,660256.44,-159817.4375,159817.4375,31.93544817650103
2025-11-23,18,402083.0,392862.4,9220.59375,9220.59375,2.293206564316323
2025-11-23,51,536330.0,586237.25,-49907.25,49907.25,9.305325079708389
2025-11-23,15,593782.0,675323.44,-81541.4375,81541.4375,13.732554624424454
2025-11-23,19,614045.0,640943.56,-26898.5625,26898.5625,4.380552321083959
2025-11-23,39,792659.0,712624.56,80034.4375,80034.4375,10.09695688814484
2025-11-23,52,376250.0,430829.38,-54579.375,54579.375,14.506146179401993
2025-11-23,9,671526.0,664622.56,6903.4375,6903.4375,1.0280223699454674
2025-11-23,85,467045.0,507462.78,-40417.78125,40417.78125,8.65393725444015
2025-11-23,84,679255.0,639712.2,39542.8125,39542.8125,5.8214974494114875
2025-11-23,10,524491.0,440091.06,84399.9375,84399.9375,16.09177993521338
2025-11-23,42,805176.0,670925.3,134250.6875,134250.6875,16.673458659969995
2025-11-23,61,412448.0,445810.4,-33362.40625,33362.40625,8.088875749185352
2025-11-23,100,891138.0,688929.44,202208.5625,202208.5625,22.69104925387538
2025-11-23,92,476614.0,424860.06,51753.9375,51753.9375,10.858669174636079
2025-11-23,83,361502.0,648012.06,-286510.0625,286510.0625,79.25545709290681
2025-11-23,78,551026.0,458164.66,92861.34375,92861.34375,16.852443215020706
2025-11-23,76,822221.0,662919.1,159301.875,159301.875,19.37458116491795
2025-11-23,74,437927.0,382398.56,55528.4375,55528.4375,12.67983876308152
2025-11-23,44,619747.0,758702.8,-138955.8125,138955.8125,22.421377191015043
2025-11-23,26,401070.0,416109.03,-15039.03125,15039.03125,3.7497272919939166
2025-11-23,37,971463.0,704106.75,267356.25,267356.25,27.520991535447052
2025-11-23,34,411668.0,629417.44,-217749.4375,217749.4375,52.894428884440856
2025-11-23,50,233844.0,390519.0,-156675.0,156675.0,66.99979473495151
2025-11-23,77,672106.0,634548.75,37557.25,37557.25,5.587995048400104
2025-11-23,90,395247.0,747898.2,-352651.1875,352651.1875,89.22298904229507
2025-11-23,46,705485.0,665716.2,39768.8125,39768.8125,5.637088315130725
2025-11-23,64,710461.0,717626.1,-7165.125,7165.125,1.0085177089242054
2025-11-23,14,735399.0,656955.2,78443.8125,78443.8125,10.666836982372836
2025-11-23,38,596614.0,724561.6,-127947.625,127947.625,21.445628999654716
2025-11-23,82,519728.0,447761.03,71966.96875,71966.96875,13.847044752255025
2025-11-23,59,373868.0,430482.1,-56614.09375,56614.09375,15.142802740539441
2025-11-23,7,620981.0,381816.38,239164.625,239164.625,38.51400042835449
2025-11-23,94,605645.0,667593.0,-61948.0,61948.0,10.228434148717483
2025-11-23,11,749617.0,653372.25,96244.75,96244.75,12.839189879631865
2025-11-23,69,456198.0,428695.22,27502.78125,27502.78125,6.02869395525627
2025-11-23,20,475323.0,486545.47,-11222.46875,11222.46875,2.36101950673542
2025-11-23,35,472018.0,662461.25,-190443.25,190443.25,40.34660754462753
2025-11-23,1,336043.0,476230.9,-140187.90625,140187.90625,41.7172523308029
2025-11-23,29,370598.0,388326.72,-17728.71875,17728.71875,4.78381393045834
2025-11-23,97,1012965.0,680303.25,332661.75,332661.75,32.840399224060064
2025-11-23,53,604112.0,666080.7,-61968.6875,61968.6875,10.257814362237466
2025-11-23,87,861062.0,730142.5,130919.5,130919.5,15.204421981227833
2025-11-23,17,628038.0,470401.53,157636.46875,157636.46875,25.099829747563046
2025-11-23,63,604142.0,482482.9,121659.09375,121659.09375,20.137499751714
2025-11-24,57,581384.0,598355.94,-16971.9375,16971.9375,2.9192302333741553
2025-11-24,35,274105.0,676888.94,-402783.9375,402783.9375,146.94512595538208
2025-11-24,46,632188.0,684370.9,-52182.875,52182.875,8.254328617436585
2025-11-24,71,220956.0,397848.9,-176892.90625,176892.90625,80.05797817212476
2025-11-24,70,487269.0,487899.72,-630.71875,630.71875,0.12943953955617943
2025-11-24,24,573597.0,486865.47,86731.53125,86731.53125,15.12063892419242
2025-11-24,16,709390.0,664553.25,44836.75,44836.75,6.320465470333667
2025-11-24,2,597464.0,624282.44,-26818.4375,26818.4375,4.4887118721797465
2025-11-24,56,409668.0,483099.03,-73431.03125,73431.03125,17.92452211302811
2025-11-24,55,566130.0,726105.94,-159975.9375,159975.9375,28.257809602034868
2025-11-24,94,510168.0,685825.44,-175657.4375,175657.4375,34.43129273102194
2025-11-24,80,1067937.0,692582.44,375354.5625,375354.5625,35.147631601864155
2025-11-24,39,691086.0,756160.06,-65074.0625,65074.0625,9.41620326558489
2025-11-24,99,457523.0,474643.78,-17120.78125,17120.78125,3.7420591423819127
2025-11-24,1,271740.0,476890.9,-205150.90625,205150.90625,75.49529191506588
2025-11-24,85,419937.0,498315.53,-78378.53125,78378.53125,18.66435471273072
2025-11-24,13,695359.0,477652.16,217706.84375,217706.84375,31.308553387530758
2025-11-24,69,425933.0,420145.6,5787.40625,5787.40625,1.3587597697290419
2025-11-24,15,603275.0,727181.6,-123906.625,123906.625,20.538995482988685
2025-11-24,14,593986.0,677571.6,-83585.625,83585.625,14.071985703366746
2025-11-24,68,428431.0,689200.56,-260769.5625,260769.5625,60.86617506669686
2025-11-24,96,553676.0,603702.1,-50026.125,50026.125,9.035270627587254
2025-11-24,90,657306.0,715690.0,-58384.0,58384.0,8.882316607485707
2025-11-24,7,343413.0,380776.2,-37363.1875,37363.1875,10.879957223518039
2025-11-24,50,331063.0,392791.28,-61728.28125,61728.28125,18.645478730634352
2025-11-24,20,296514.0,480172.88,-183658.875,183658.875,61.939360367469995
2025-11-24,97,857695.0,668144.56,189550.4375,189550.4375,22.099981636828943
2025-11-24,17,563113.0,489926.88,73186.125,73186.125,12.996703148391175
2025-11-24,53,539055.0,605662.9,-66607.875,66607.875,12.356415393605475
2025-11-24,63,617709.0,487340.9,130368.09375,130368.09375,21.10509863867938
2025-11-24,11,678514.0,669786.1,8727.875,8727.875,1.2863220213584392
2025-11-24,76,527437.0,675588.5,-148151.5,148151.5,28.088947115958874
2025-11-24,73,359356.0,682089.2,-322733.1875,322733.1875,89.80876554169124
2025-11-24,34,577358.0,625546.7,-48188.6875,48188.6875,8.346413750220833
2025-11-24,36,810228.0,693404.1,116823.875,116823.875,14.418642036562549
2025-11-24,59,410756.0,421353.1,-10597.09375,10597.09375,2.579899928424661
2025-11-24,60,430089.0,480131.66,-50042.65625,50042.65625,11.63541877378868
2025-11-24,62,729078.0,668358.3,60719.6875,60719.6875,8.328284147923815
2025-11-24,18,298741.0,396483.5,-97742.5,97742.5,32.71814046280892
2025-11-24,51,746015.0,659494.94,86520.0625,86520.0625,11.597630409576215
2025-11-24,19,637636.0,625802.7,11833.3125,11833.3125,1.8558099762246798
2025-11-24,52,408967.0,425261.3,-16294.3125,16294.3125,3.9842609550403822
2025-11-24,10,458851.0,437787.1,21063.90625,21063.90625,4.590576516123971
2025-11-24,9,647169.0,671861.2,-24692.1875,24692.1875,3.8154156796756338
2025-11-24,84,667289.0,632663.06,34625.9375,34625.9375,5.18904664995227
2025-11-24,61,357877.0,445678.4,-87801.40625,87801.40625,24.533961738250852
2025-11-24,92,461993.0,428546.06,33446.9375,33446.9375,7.239706553995406
2025-11-24,78,481674.0,444708.34,36965.65625,36965.65625,7.6744138670553115
2025-11-24,74,374743.0,404559.06,-29816.0625,29816.0625,7.956402788044073
2025-11-24,8,563448.0,371141.84,192306.15625,192306.15625,34.13024027949341
2025-11-24,38,800410.0,732578.94,67831.0625,67831.0625,8.474539610949389
2025-11-24,77,509202.0,625807.5,-116605.5,116605.5,22.899654753909058
2025-11-24,64,624034.0,750972.2,-126938.1875,126938.1875,20.341549899524704
2025-11-24,3,362503.0,378632.0,-16129.0,16129.0,4.449342488200098
2025-11-24,67,555142.0,480458.22,74683.78125,74683.78125,13.453095108999138
2025-11-24,47,435497.0,430604.38,4892.625,4892.625,1.1234577964945798
2025-11-24,23,515553.0,488126.2,27426.8125,27426.8125,5.319882242950773
2025-11-24,37,635758.0,728253.06,-92495.0625,92495.0625,14.548784679076002
2025-11-24,93,441933.0,487092.84,-45159.84375,45159.84375,10.218708209162926
2025-11-24,33,273549.0,394231.8,-120682.8125,120682.8125,44.11743874040848
2025-11-24,4,743346.0,727606.0,15740.0,15740.0,2.117452707083915
2025-11-24,66,435624.0,670659.56,-235035.5625,235035.5625,53.95376804308303
2025-11-24,58,687993.0,630780.1,57212.875,57212.875,8.31590946419513
2025-11-24,12,480934.0,486626.12,-5692.125,5692.125,1.1835563715603388
2025-11-24,98,718254.0,732347.25,-14093.25,14093.25,1.9621540569213676
2025-11-24,48,677384.0,622061.75,55322.25,55322.25,8.167044099063455
2025-11-24,22,723911.0,713165.06,10745.9375,10745.9375,1.4844279890760053
2025-11-24,86,634097.0,722427.7,-88330.6875,88330.6875,13.930153825045693
2025-11-24,100,539307.0,700426.0,-161119.0,161119.0,29.875191681176027
2025-11-24,75,685928.0,610498.94,75429.0625,75429.0625,10.996644327101386
2025-11-24,72,710999.0,622460.0,88539.0,88539.0,12.452760130464318
2025-11-24,32,595444.0,647645.94,-52201.9375,52201.9375,8.766892856423105
2025-11-24,5,471560.0,637488.9,-165928.875,165928.875,35.18722431928069
2025-11-24,65,649082.0,689956.8,-40874.8125,40874.8125,6.297326454900921
2025-11-24,79,631028.0,491241.56,139786.4375,139786.4375,22.152176686296013
2025-11-24,49,308777.0,430385.3,-121608.3125,121608.3125,39.38386359735343
2025-11-24,95,426128.0,384999.56,41128.4375,41128.4375,9.651662763301168
2025-11-24,91,348585.0,653570.9,-304985.875,304985.875,87.49254127400778
2025-11-24,21,403737.0,483500.28,-79763.28125,79763.28125,19.756247569581188
2025-11-24,6,657027.0,721959.06,-64932.0625,64932.0625,9.882708397067395
2025-11-24,54,889949.0,627541.5,262407.5,262407.5,29.48567839280678
2025-11-24,25,502820.0,434215.0,68605.0,68605.0,13.644047571695635
2025-11-24,83,678713.0,681061.25,-2348.25,2348.25,0.34598571119162297
2025-11-24,81,688832.0,590335.06,98496.9375,98496.9375,14.299123371155812
2025-11-24,43,240179.0,409539.1,-169360.09375,169360.09375,70.51411395251041
2025-11-24,26,626709.0,442061.9,184647.09375,184647.09375,29.462971450864757
2025-11-24,40,422988.0,402635.06,20352.9375,20352.9375,4.811705651224148
2025-11-24,27,365577.0,397580.34,-32003.34375,32003.34375,8.75420055145701
2025-11-24,42,587838.0,693041.2,-105203.1875,105203.1875,17.896629258401127
2025-11-24,28,369257.0,393288.2,-24031.1875,24031.1875,6.507984276533688
2025-11-24,30,600937.0,422973.16,177963.84375,177963.84375,29.61439281488742
2025-11-24,88,521355.0,486118.8,35236.1875,35236.1875,6.7585786076665615
2025-11-24,89,262230.0,402797.34,-140567.34375,140567.34375,53.60460044617321
2025-11-24,29,487646.0,427463.97,60182.03125,60182.03125,12.341335979378483
2025-11-24,82,410737.0,431231.88,-20494.875,20494.875,4.989780565179178
2025-11-24,41,723998.0,663107.5,60890.5,60890.5,8.410313288158253
2025-11-24,44,849128.0,727534.44,121593.5625,121593.5625,14.319815445963387
2025-11-24,45,428354.0,428016.1,337.90625,337.90625,0.07888481256157291
2025-11-24,31,300189.0,431004.6,-130815.59375,130815.59375,43.57774393798574
2025-11-24,87,692983.0,713464.5,-20481.5,20481.5,2.955555908297895
2025-11-25,95,365680.0,400081.03,-34401.03125,34401.03125,9.407413927477576
2025-11-25,80,967072.0,708704.6,258367.375,258367.375,26.71645699596307
2025-11-25,32,437986.0,606898.5,-168912.5,168912.5,38.56573041147434
2025-11-25,75,399207.0,626735.5,-227528.5,227528.5,56.995117821080285
2025-11-25,88,626922.0,492581.25,134340.75,134340.75,21.428622699474577
2025-11-25,77,714316.0,605204.5,109111.5,109111.5,15.274962341596716
2025-11-25,69,310890.0,434830.4,-123940.40625,123940.40625,39.86632128727203
2025-11-25,90,794173.0,716294.8,77878.1875,77878.1875,9.80619934195698
2025-11-25,86,533224.0,748643.2,-215419.1875,215419.1875,40.39937952905346
2025-11-25,93,533742.0,483132.62,50609.375,50609.375,9.481992235949203
2025-11-25,12,366662.0,469361.75,-102699.75,102699.75,28.009379210280862
2025-11-25,3,518946.0,381750.94,137195.0625,137195.0625,26.43725214184135
2025-11-25,50,350121.0,408955.0,-58834.0,58834.0,16.803904935722223
2025-11-25,72,730247.0,617171.6,113075.375,113075.375,15.484538108338686
2025-11-25,98,648207.0,729891.7,-81684.6875,81684.6875,12.601636128582383
2025-11-25,34,409932.0,626941.75,-217009.75,217009.75,52.93798727593845
2025-11-25,1,448404.0,480780.56,-32376.5625,32376.5625,7.220400018733107
2025-11-25,51,750017.0,682074.0,67943.0,67943.0,9.058861332476464
2025-11-25,60,391669.0,484500.28,-92831.28125,92831.28125,23.70146252320199
2025-11-25,36,820266.0,691850.6,128415.375,128415.375,15.655333148027593
2025-11-25,62,846315.0,704682.0,141633.0,141633.0,16.735258148561705
2025-11-25,24,518641.0,489169.38,29471.625,29471.625,5.682471112002329
2025-11-25,81,435703.0,631384.8,-195681.8125,195681.8125,44.911743205807625
2025-11-25,17,482350.0,483989.6,-1639.59375,1639.59375,0.3399178501088421
2025-11-25,18,378846.0,402977.25,-24131.25,24131.25,6.369672637430512
2025-11-25,11,657294.0,665897.44,-8603.4375,8603.4375,1.3089176989292464
2025-11-25,53,488801.0,633026.6,-144225.625,144225.625,29.506000396889533
2025-11-25,20,558128.0,479407.2,78720.8125,78720.8125,14.104437064616002
2025-11-25,59,453973.0,423743.44,30229.5625,30229.5625,6.6588899560106
2025-11-25,82,394825.0,444924.9,-50099.90625,50099.90625,12.689142341543722
2025-11-25,35,640957.0,614524.9,26432.125,26432.125,4.123853082188041
2025-11-25,8,351321.0,386364.97,-35043.96875,35043.96875,9.974914323368088
2025-11-25,26,343259.0,425769.8,-82510.8125,82510.8125,24.037479716482306
2025-11-25,87,1161977.0,736949.94,425027.0625,425027.0625,36.577923874568945
2025-11-25,54,599362.0,631476.1,-32114.125,32114.125,5.358051561493721
2025-11-25,73,675127.0,675509.56,-382.5625,382.5625,0.0566652644613532
2025-11-25,43,691103.0,433200.3,257902.6875,257902.6875,37.3175470950061
2025-11-25,89,273112.0,403874.22,-130762.21875,130762.21875,47.878606121298226
2025-11-25,39,688227.0,781377.2,-93150.1875,93150.1875,13.53480573996661
2025-11-25,48,437718.0,626046.6,-188328.625,188328.625,43.02510406243289
2025-11-25,79,347076.0,475629.3,-128553.3125,128553.3125,37.03895184340029
2025-11-25,97,610419.0,648051.3,-37632.3125,37632.3125,6.164996911957197
2025-11-25,55,571164.0,725212.75,-154048.75,154048.75,26.971018831719086
2025-11-25,28,663961.0,391737.78,272223.21875,272223.21875,40.999880828843864
2025-11-25,49,593980.0,428884.75,165095.25,165095.25,27.79474898144719
2025-11-25,14,588512.0,681185.56,-92673.5625,92673.5625,15.74709819001142
2025-11-25,15,594735.0,692866.8,-98131.8125,98131.8125,16.500090376386122
2025-11-25,22,787669.0,679837.0,107832.0,107832.0,13.690014460388818
2025-11-25,64,666027.0,734580.25,-68553.25,68553.25,10.292863502530677
2025-11-25,7,480233.0,374884.97,105348.03125,105348.03125,21.93685799393211
2025-11-25,68,940979.0,664936.6,276042.375,276042.375,29.335657331353836
2025-11-25,94,681997.0,678068.3,3928.6875,3928.6875,0.5760564196030188
2025-11-25,76,1103100.0,651309.7,451790.3125,451790.3125,40.95642394161907
2025-11-25,56,488092.0,500025.72,-11933.71875,11933.71875,2.444973232505347
2025-11-25,99,582166.0,484474.28,97691.71875,97691.71875,16.780732428551307
2025-11-25,57,565162.0,624813.1,-59651.125,59651.125,10.554694937026905
2025-11-25,6,957350.0,747369.7,209980.3125,209980.3125,21.933494803363452
2025-11-25,100,478156.0,710524.56,-232368.5625,232368.5625,48.596809932323346
2025-11-25,21,264780.0,472963.94,-208183.9375,208183.9375,78.62525020771962
2025-11-25,47,342791.0,428446.25,-85655.25,85655.25,24.987601774842396
2025-11-25,52,309013.0,420661.7,-111648.6875,111648.6875,36.13074126331255
2025-11-25,58,548700.0,631002.44,-82302.4375,82302.4375,14.999532987060324
2025-11-25,2,670304.0,622379.3,47924.6875,47924.6875,7.149694392395093
2025-11-25,33,331853.0,394316.84,-62463.84375,62463.84375,18.82274493525748
2025-11-25,29,421033.0,428775.2,-7742.1875,7742.1875,1.8388552678768648
2025-11-25,63,439131.0,490021.0,-50890.0,50890.0,11.588796964914797
2025-11-25,16,889218.0,669451.8,219766.1875,219766.1875,24.714545533266307
2025-11-25,23,364162.0,485883.4,-121721.40625,121721.40625,33.425070778939045
2025-11-25,83,549769.0,675047.56,-125278.5625,125278.5625,22.78749120084981
2025-11-25,65,847001.0,684657.8,162343.1875,162343.1875,19.16682359288832
2025-11-25,37,701324.0,738240.5,-36916.5,36916.5,5.263829556667104
2025-11-25,13,476385.0,491094.34,-14709.34375,14709.34375,3.0877008616979964
2025-11-25,38,868308.0,716484.2,151823.8125,151823.8125,17.485018276924777
2025-11-25,91,719927.0,671439.4,48487.625,48487.625,6.735075222904545
2025-11-25,71,276969.0,399738.62,-122769.625,122769.625,44.326124945391
2025-11-25,40,465104.0,396610.1,68493.90625,68493.90625,14.726578625425713
2025-11-25,41,920515.0,674536.25,245978.75,245978.75,26.721862218432076
2025-11-25,5,589404.0,622667.94,-33263.9375,33263.9375,5.643656558150267
2025-11-25,67,472837.0,484601.5,-11764.5,11764.5,2.488066712207378
2025-11-25,27,430615.0,391801.84,38813.15625,38813.15625,9.013424114348084
2025-11-25,96,618387.0,648111.7,-29724.6875,29724.6875,4.806809894127787
2025-11-25,78,510535.0,444410.62,66124.375,66124.375,12.951976847816507
2025-11-25,45,524694.0,437876.25,86817.75,86817.75,16.54635844892452
2025-11-25,4,981361.0,710321.06,271039.9375,271039.9375,27.618780194036653
2025-11-25,42,853860.0,693568.94,160291.0625,160291.0625,18.772522720352285
2025-11-25,70,471945.0,475943.06,-3998.0625,3998.0625,0.8471458538600896
2025-11-25,61,589049.0,445076.3,143972.6875,143972.6875,24.441546883196473
2025-11-25,44,620240.0,727549.2,-107309.1875,107309.1875,17.301236215013542
2025-11-25,84,771703.0,622133.9,149569.125,149569.125,19.38169541909258
2025-11-25,92,305292.0,436340.22,-131048.21875,131048.21875,42.925533178072136
2025-11-25,46,905502.0,682096.1,223405.875,223405.875,24.672046555391375
2025-11-25,85,450171.0,494489.22,-44318.21875,44318.21875,9.844752049776641
2025-11-25,10,501677.0,438106.75,63570.25,63570.25,12.671549622565914
2025-11-25,9,976135.0,656555.6,319579.375,319579.375,32.73925993843065
2025-11-25,31,458341.0,418362.16,39978.84375,39978.84375,8.722510914362887
2025-11-25,66,666103.0,679110.8,-13007.8125,13007.8125,1.9528229868353693
2025-11-25,19,517097.0,627970.5,-110873.5,110873.5,21.44152837862142
2025-11-25,74,380293.0,390329.22,-10036.21875,10036.21875,2.6390753313892183
2025-11-25,25,518433.0,426416.56,92016.4375,92016.4375,17.748954541859796
2025-11-25,30,285813.0,444254.4,-158441.40625,158441.40625,55.435339277779526
2025-11-26,50,491653.0,406207.28,85445.71875,85445.71875,17.379273339123323
2025-11-26,44,658328.0,738342.6,-80014.625,80014.625,12.154218717721257
2025-11-26,37,669737.0,747743.25,-78006.25,78006.25,11.647295878830048
2025-11-26,28,383398.0,406571.53,-23173.53125,23173.53125,6.044249383147539
2025-11-26,80,714195.0,720489.2,-6294.1875,6294.1875,0.8812981748682083
2025-11-26,38,848695.0,707695.06,140999.9375,140999.9375,16.613734910656948
2025-11-26,6,458777.0,720166.25,-261389.25,261389.25,56.975229795739544
2025-11-26,91,467891.0,680234.75,-212343.75,212343.75,45.38316616476914
2025-11-26,17,428908.0,487749.84,-58841.84375,58841.84375,13.718989561864085
2025-11-26,74,493544.0,396186.9,97357.09375,97357.09375,19.726122442983808
2025-11-26,10,430693.0,434978.03,-4285.03125,4285.03125,0.9949154618254766
2025-11-26,95,436210.0,384293.2,51916.8125,51916.8125,11.90179328763669
2025-11-26,71,307725.0,395921.84,-88196.84375,88196.84375,28.660928995044276
2025-11-26,57,443269.0,608809.3,-165540.3125,165540.3125,37.345339398875176
2025-11-26,72,571324.0,637564.0,-66240.0,66240.0,11.594121724275542
2025-11-26,13,405024.0,478838.12,-73814.125,73814.125,18.224629898475154
2025-11-26,85,477581.0,496019.78,-18438.78125,18438.78125,3.8608699361993044
2025-11-26,8,341930.0,370724.06,-28794.0625,28794.0625,8.42104012517182
2025-11-26,49,638835.0,426062.34,212772.65625,212772.65625,33.30635551433469
2025-11-26,88,441633.0,492797.9,-51164.90625,51164.90625,11.585390188233216
2025-11-26,21,534107.0,476902.75,57204.25,57204.25,10.710260303647022
2025-11-26,65,515391.0,714051.44,-198660.4375,198660.4375,38.545577532397736
2025-11-26,87,716318.0,718994.25,-2676.25,2676.25,0.3736119991400467
2025-11-26,19,507865.0,627506.56,-119641.5625,119641.5625,23.557749106553906
2025-11-26,5,448498.0,640974.25,-192476.25,192476.25,42.91574321401656
2025-11-26,3,372540.0,377976.06,-5436.0625,5436.0625,1.459188946153433
2025-11-26,73,841185.0,688624.56,152560.4375,152560.4375,18.13637160672147
2025-11-26,12,589782.0,485982.94,103799.0625,103799.0625,17.599564330549253
2025-11-26,42,516828.0,676958.4,-160130.375,160130.375,30.983301020842525
2025-11-26,93,487734.0,490317.5,-2583.5,2583.5,0.5296944646057072
2025-11-26,41,650320.0,682565.75,-32245.75,32245.75,4.95844353549022
2025-11-26,34,625341.0,641013.3,-15672.3125,15672.3125,2.5062026158527906
2025-11-26,86,927804.0,719831.25,207972.75,207972.75,22.415591008445748
2025-11-26,47,276945.0,431439.3,-154494.3125,154494.3125,55.78519651916446
2025-11-26,54,703170.0,609850.75,93319.25,93319.25,13.271221752918924
2025-11-26,90,814163.0,727822.4,86340.625,86340.625,10.604832816033154
2025-11-26,92,366180.0,437120.28,-70940.28125,70940.28125,19.373062769676118
2025-11-26,58,563374.0,630617.1,-67243.125,67243.125,11.935787771533652
2025-11-26,69,518928.0,429297.9,89630.09375,89630.09375,17.272163720207814
2025-11-26,33,477021.0,395813.06,81207.9375,81207.9375,17.023975359575363
2025-11-26,84,608664.0,627298.2,-18634.1875,18634.1875,3.0614900010514834
2025-11-26,2,453039.0,617558.94,-164519.9375,164519.9375,36.314740563174475
2025-11-26,27,594016.0,394841.9,199174.09375,199174.09375,33.53008904642299
2025-11-26,29,284347.0,427947.47,-143600.46875,143600.46875,50.501840620790794
2025-11-26,63,553983.0,482471.66,71511.34375,71511.34375,12.908580904107167
2025-11-26,75,592559.0,619488.75,-26929.75,26929.75,4.544652937513395
2025-11-26,70,400974.0,476794.66,-75820.65625,75820.65625,18.909120354436944
2025-11-26,16,637677.0,684998.25,-47321.25,47321.25,7.420880790745158
2025-11-26,23,737372.0,488985.38,248386.625,248386.625,33.68538878612152
2025-11-26,45,343422.0,432005.16,-88583.15625,88583.15625,25.794257866415084
2025-11-26,82,511789.0,433599.25,78189.75,78189.75,15.277731643313944
2025-11-26,77,531127.0,622610.7,-91483.6875,91483.6875,17.224446789562574
2025-11-26,78,641319.0,440511.94,200807.0625,200807.0625,31.31157232204254
2025-11-26,43,487058.0,436067.3,50990.6875,50990.6875,10.469120207449627
2025-11-26,25,472972.0,425188.3,47783.6875,47783.6875,10.102857568735569
2025-11-26,22,713189.0,709426.4,3762.625,3762.625,0.5275775425588448
2025-11-26,14,928336.0,689253.25,239082.75,239082.75,25.753902681787626
2025-11-26,67,542070.0,470678.94,71391.0625,71391.0625,13.170081816001625
2025-11-26,4,621979.0,700132.8,-78153.8125,78153.8125,12.56534585572825
2025-11-26,99,567445.0,459129.9,108315.09375,108315.09375,19.08821009084581
2025-11-26,15,851547.0,709091.56,142455.4375,142455.4375,16.72901642539989
2025-11-26,59,428117.0,448094.62,-19977.625,19977.625,4.666393766190083
2025-11-26,81,490037.0,607679.0,-117642.0,117642.0,24.00675867332467
2025-11-26,96,502115.0,609907.6,-107792.625,107792.625,21.46771655895562
2025-11-26,64,680151.0,715939.2,-35788.1875,35788.1875,5.261800320811115
2025-11-26,31,527836.0,433163.94,94672.0625,94672.0625,17.935885862275402
2025-11-26,24,481571.0,494938.56,-13367.5625,13367.5625,2.7758238141416323
2025-11-26,32,663814.0,611263.94,52550.0625,52550.0625,7.916383580340276
2025-11-26,7,429735.0,368315.03,61419.96875,61419.96875,14.292521844857879
2025-11-26,62,605847.0,657744.3,-51897.3125,51897.3125,8.56607567587196
2025-11-26,100,446676.0,682872.75,-236196.75,236196.75,52.878764473578165
2025-11-26,36,634814.0,674658.9,-39844.875,39844.875,6.276621971160057
2025-11-26,94,860073.0,660169.44,199903.5625,199903.5625,23.242627370002314
2025-11-26,68,570327.0,698319.56,-127992.5625,127992.5625,22.44196092767833
2025-11-26,52,673817.0,430229.78,243587.21875,243587.21875,36.150352209873006
2025-11-26,46,677534.0,680307.2,-2773.1875,2773.1875,0.40930602744659306
2025-11-26,60,321454.0,478854.97,-157400.96875,157400.96875,48.96531657717745
2025-11-26,76,823784.0,692323.06,131460.9375,131460.9375,15.958180481776777
2025-11-26,1,403604.0,483349.0,-79745.0,79745.0,19.758228362454286
2025-11-26,40,465473.0,399030.94,66442.0625,66442.0625,14.274095919634435
2025-11-26,51,784336.0,667639.8,116696.1875,116696.1875,14.878341361355337
2025-11-26,83,514956.0,686837.94,-171881.9375,171881.9375,33.377985206503084
2025-11-26,56,603777.0,477836.34,125940.65625,125940.65625,20.858803208800598
2025-11-26,55,485556.0,728669.1,-243113.125,243113.125,50.06901881554342
2025-11-26,18,398271.0,401022.4,-2751.40625,2751.40625,0.6908377084949695
2025-11-26,35,510937.0,667279.4,-156342.375,156342.375,30.599149210176595
2025-11-26,97,587283.0,677941.1,-90658.125,90658.125,15.436872002084174
2025-11-26,9,676709.0,670243.3,6465.6875,6465.6875,0.9554605450791995
2025-11-26,61,439794.0,442068.2,-2274.1875,2274.1875,0.5171028936274711
2025-11-26,89,281987.0,400241.84,-118254.84375,118254.84375,41.93627498785405
2025-11-26,53,585226.0,626909.0,-41683.0,41683.0,7.122547528647052
2025-11-26,79,343501.0,485091.38,-141590.375,141590.375,41.21978538635987
2025-11-26,48,754351.0,607576.44,146774.5625,146774.5625,19.457064748373103
2025-11-26,20,652611.0,483652.72,168958.28125,168958.28125,25.889585258293224
2025-11-26,30,465485.0,423199.22,42285.78125,42285.78125,9.084241436351332
2025-11-26,98,393370.0,720139.44,-326769.4375,326769.4375,83.06923189363702
2025-11-26,39,1159182.0,742204.2,416977.8125,416977.8125,35.9717294178136
2025-11-26,66,569242.0,653132.3,-83890.3125,83890.3125,14.737196570175778
2025-11-26,11,703395.0,668707.75,34687.25,34687.25,4.9314041185962365
2025-11-26,26,483626.0,431540.78,52085.21875,52085.21875,10.769730897429005
2025-11-27,35,628594.0,658245.75,-29651.75,29651.75,4.717154474907492
2025-11-27,54,629090.0,629276.3,-186.3125,186.3125,0.029616191641895436
2025-11-27,58,492962.0,617904.56,-124942.5625,124942.5625,25.34527255650537
2025-11-27,48,775275.0,635927.06,139347.9375,139347.9375,17.974001160878398
2025-11-27,47,609014.0,430359.34,178654.65625,178654.65625,29.335065573205217
2025-11-27,34,528263.0,620974.06,-92711.0625,92711.0625,17.55017150548117
2025-11-27,91,583950.0,665428.8,-81478.8125,81478.8125,13.953046065587808
2025-11-27,28,251911.0,376772.4,-124861.40625,124861.40625,49.56568242355435
2025-11-27,41,638928.0,675739.7,-36811.6875,36811.6875,5.7614766452558035
2025-11-27,68,912926.0,648909.2,264016.8125,264016.8125,28.919848103789352
2025-11-27,21,423478.0,505509.16,-82031.15625,82031.15625,19.370818850093745
2025-11-27,76,819546.0,661195.4,158350.625,158350.625,19.32174948081011
2025-11-27,5,673462.0,623011.25,50450.75,50450.75,7.49125414648488
2025-11-27,78,565657.0,452065.28,113591.71875,113591.71875,20.081377716531396
2025-11-27,30,261707.0,449547.94,-187840.9375,187840.9375,71.77528209027653
2025-11-27,73,800827.0,688450.9,112376.125,112376.125,14.03250951828547
2025-11-27,37,725785.0,755327.56,-29542.5625,29542.5625,4.07042891489904
2025-11-27,83,532215.0,666692.1,-134477.125,134477.125,25.267443608316185
2025-11-27,25,374526.0,435424.97,-60898.96875,60898.96875,16.260277991381106
2025-11-27,6,739047.0,745425.1,-6378.125,6378.125,0.8630202138700246
2025-11-27,94,1038617.0,699375.2,339241.8125,339241.8125,32.66284034441955
2025-11-27,32,468846.0,647581.2,-178735.1875,178735.1875,38.12236587280258
2025-11-27,7,399136.0,375151.5,23984.5,23984.5,6.009104666078731
2025-11-27,74,349525.0,400632.56,-51107.5625,51107.5625,14.622004863743651
2025-11-27,38,984405.0,728888.5,255516.5,255516.5,25.956440692601113
2025-11-27,55,627563.0,705606.44,-78043.4375,78043.4375,12.435952645391778
2025-11-27,13,556155.0,482138.3,74016.6875,74016.6875,13.308643723422428
2025-11-27,14,601996.0,729927.06,-127931.0625,127931.0625,21.25114826344361
2025-11-27,15,789911.0,736396.5,53514.5,53514.5,6.7747505731658375
2025-11-27,97,612176.0,681548.4,-69372.375,69372.375,11.332096488591516
2025-11-27,71,373859.0,397701.1,-23842.09375,23842.09375,6.377295651569175
2025-11-27,45,380933.0,444500.47,-63567.46875,63567.46875,16.687309513746513
2025-11-27,99,666027.0,496165.94,169861.0625,169861.0625,25.50363010808871
2025-11-27,65,659663.0,716165.8,-56502.8125,56502.8125,8.565405745054672
2025-11-27,22,713685.0,711365.7,2319.3125,2319.3125,0.32497705570384694
2025-11-27,4,635605.0,718999.75,-83394.75,83394.75,13.120530832828564
2025-11-27,57,741440.0,629674.4,111765.625,111765.625,15.074129396849372
2025-11-27,61,328731.0,434574.4,-105843.40625,105843.40625,32.19757377612699
2025-11-27,16,775889.0,654571.5,121317.5,121317.5,15.63593503709938
2025-11-27,63,510541.0,490309.7,20231.3125,20231.3125,3.9627204279382067
2025-11-27,64,771577.0,715383.0,56194.0,56194.0,7.283006103084981
2025-11-27,39,595673.0,742678.5,-147005.5,147005.5,24.67889261390058
2025-11-27,92,596813.0,451376.22,145436.78125,145436.78125,24.368903031602866
2025-11-27,29,448279.0,439255.6,9023.40625,9023.40625,2.0128996116257953
2025-11-27,79,419415.0,507882.94,-88467.9375,88467.9375,21.09317442151568
2025-11-27,96,509722.0,603019.9,-93297.875,93297.875,18.303678279532765
2025-11-27,49,544344.0,432844.7,111499.3125,111499.3125,20.48324451082404
2025-11-27,84,554678.0,640132.5,-85454.5,85454.5,15.406145547506842
2025-11-27,2,632788.0,635377.06,-2589.0625,2589.0625,0.4091516432043591
2025-11-27,23,354315.0,478464.53,-124149.53125,124149.53125,35.03931000663252
2025-11-27,89,533156.0,416130.53,117025.46875,117025.46875,21.94957362385493
2025-11-27,40,274137.0,397557.12,-123420.125,123420.125,45.02133057558812
2025-11-27,8,455454.0,368091.88,87362.125,87362.125,19.181327861869697
2025-11-27,27,276301.0,404487.7,-128186.6875,128186.6875,46.393855794948266
2025-11-27,1,574698.0,485225.25,89472.75,89472.75,15.568655189334224
2025-11-27,26,501266.0,442030.62,59235.375,59235.375,11.817153966157688
2025-11-27,67,467765.0,478030.34,-10265.34375,10265.34375,2.194551484185435
2025-11-27,56,343676.0,494568.03,-150892.03125,150892.03125,43.90531525331999
2025-11-27,43,477352.0,438231.72,39120.28125,39120.28125,8.195269161960146
2025-11-27,17,692453.0,490656.53,201796.46875,201796.46875,29.14226218241527
2025-11-27,100,922483.0,732301.56,190181.4375,190181.4375,20.61625390386598
2025-11-27,18,421384.0,388908.12,32475.875,32475.875,7.706954938963036
2025-11-27,70,428483.0,481089.16,-52606.15625,52606.15625,12.277303008520759
2025-11-27,33,327732.0,393625.22,-65893.21875,65893.21875,20.105823889641535
2025-11-27,98,554705.0,726776.56,-172071.5625,172071.5625,31.020373441739302
2025-11-27,9,723012.0,665744.8,57267.1875,57267.1875,7.920641358649649
2025-11-27,81,551073.0,625545.6,-74472.625,74472.625,13.51411246785816
2025-11-27,77,736958.0,620564.56,116393.4375,116393.4375,15.793768098046293
2025-11-27,31,253771.0,429349.97,-175578.96875,175578.96875,69.18795636617266
2025-11-27,11,623568.0,669981.94,-46413.9375,46413.9375,7.443284052420907
2025-11-27,80,1058156.0,767930.4,290225.625,290225.625,27.427489424999717
2025-11-27,53,642235.0,629624.44,12610.5625,12610.5625,1.9635433291552158
2025-11-27,50,461232.0,389674.44,71557.5625,71557.5625,15.514440129912929
2025-11-27,44,815412.0,744259.8,71152.1875,71152.1875,8.725918615374804
2025-11-27,59,335976.0,445310.56,-109334.5625,109334.5625,32.54237281829654
2025-11-27,95,410260.0,390923.53,19336.46875,19336.46875,4.7132230171111
2025-11-27,66,626186.0,677288.7,-51102.6875,51102.6875,8.160943793058292
2025-11-27,20,455955.0,493751.7,-37796.6875,37796.6875,8.289565307979954
2025-11-27,82,218266.0,430479.78,-212213.78125,212213.78125,97.22713626950602
2025-11-27,72,625581.0,615374.2,10206.8125,10206.8125,1.6315732894701087
2025-11-27,10,591191.0,434941.8,156249.1875,156249.1875,26.429561258544194
2025-11-27,88,529133.0,495151.78,33981.21875,33981.21875,6.422056222159646
2025-11-27,85,602738.0,510114.53,92623.46875,92623.46875,15.367119503001303
2025-11-27,75,567802.0,659184.25,-91382.25,91382.25,16.09403454020944
2025-11-27,36,733834.0,673722.94,60111.0625,60111.0625,8.191370596074862
2025-11-27,12,297138.0,497619.8,-200481.8125,200481.8125,67.47094363561712
2025-11-27,46,601696.0,690558.06,-88862.0625,88862.0625,14.76859784675318
2025-11-27,51,561530.0,677360.4,-115830.375,115830.375,20.627637882214664
2025-11-27,52,511553.0,429254.4,82298.59375,82298.59375,16.087989660895353
2025-11-27,19,764277.0,630560.8,133716.1875,133716.1875,17.4957754191216
2025-11-27,86,629068.0,736553.56,-107485.5625,107485.5625,17.086477535020062
2025-11-27,62,934257.0,689661.25,244595.75,244595.75,26.180777880176443
2025-11-27,3,423708.0,390834.9,32873.09375,32873.09375,7.758431219141484
2025-11-27,42,761758.0,686514.56,75243.4375,75243.4375,9.877603845315704
2025-11-27,87,623538.0,727349.06,-103811.0625,103811.0625,16.648714673363934
2025-11-27,60,398798.0,485963.7,-87165.6875,87165.6875,21.857102467916086
2025-11-27,90,600910.0,743193.7,-142283.6875,142283.6875,23.678036228386947
2025-11-27,69,416884.0,443005.53,-26121.53125,26121.53125,6.265899206973642
2025-11-27,93,553896.0,505017.88,48878.125,48878.125,8.824422815835465
2025-11-27,24,579299.0,491964.28,87334.71875,87334.71875,15.075931211688609
2025-11-28,68,774660.0,841080.0,-66420.0,66420.0,8.574084114321122
2025-11-28,48,820473.0,810939.0,9534.0,9534.0,1.1620126439261256
2025-11-28,53,683921.0,763695.2,-79774.1875,79774.1875,11.66424009498173
2025-11-28,44,780273.0,888587.75,-108314.75,108314.75,13.881647833514679
2025-11-28,37,1157208.0,928099.7,229108.3125,229108.3125,19.798369221436424
2025-11-28,60,559003.0,597675.2,-38672.1875,38672.1875,6.9180643932143475
2025-11-28,30,560270.0,534866.6,25403.375,25403.375,4.534130865475574
2025-11-28,76,452149.0,865993.8,-413844.8125,413844.8125,91.52841485881866
2025-11-28,11,646886.0,804339.4,-157453.375,157453.375,24.340204456426633
2025-11-28,89,384384.0,477902.78,-93518.78125,93518.78125,24.329519764090076
2025-11-28,25,445421.0,555621.0,-110200.0,110200.0,24.740638631766352
2025-11-28,82,469899.0,536988.0,-67089.0,67089.0,14.277323424821079
2025-11-28,66,603786.0,826880.06,-223094.0625,223094.0625,36.94919433375401
2025-11-28,10,594543.0,535348.5,59194.5,59194.5,9.956302571891353
2025-11-28,20,681199.0,590513.2,90685.8125,90685.8125,13.312675517726833
2025-11-28,28,467627.0,470702.94,-3075.9375,3075.9375,0.6577758555429862
2025-11-28,6,603192.0,889306.44,-286114.4375,286114.4375,47.43339392763829
2025-11-28,51,617264.0,804082.7,-186818.6875,186818.6875,30.26560555937168
2025-11-28,59,249063.0,557416.5,-308353.5,308353.5,123.80542272437094
2025-11-28,29,458759.0,530042.06,-71283.0625,71283.0625,15.538237396977497
2025-11-28,64,1135410.0,882332.0,253078.0,253078.0,22.289569406646056
2025-11-28,79,484255.0,594584.44,-110329.4375,110329.4375,22.783334710018483
2025-11-28,99,382537.0,597017.06,-214480.0625,214480.0625,56.067795402797636
2025-11-28,85,729250.0,587848.44,141401.5625,141401.5625,19.38999828591018
2025-11-28,81,796517.0,775069.75,21447.25,21447.25,2.6926292847484734
2025-11-28,62,540992.0,871354.7,-330362.6875,330362.6875,61.06609478513545
2025-11-28,22,983047.0,908594.5,74452.5,74452.5,7.57364602099391
2025-11-28,26,491879.0,528961.6,-37082.625,37082.625,7.538972999457183
2025-11-28,1,859661.0,558430.25,301230.75,301230.75,35.04064392824613
2025-11-28,96,962943.0,759299.56,203643.4375,203643.4375,21.148026155234525
2025-11-28,15,476592.0,906687.4,-430095.375,430095.375,90.24393506395407
2025-11-28,94,576006.0,820559.5,-244553.5,244553.5,42.456762603167334
2025-11-28,4,958839.0,873155.3,85683.6875,85683.6875,8.936191320962122
2025-11-28,55,819499.0,836043.1,-16544.125,16544.125,2.0188096629770143
2025-11-28,24,498825.0,587517.7,-88692.6875,88692.6875,17.78032125494913
2025-11-28,14,688470.0,822952.06,-134482.0625,134482.0625,19.533467326099903
2025-11-28,67,444300.0,584393.44,-140093.4375,140093.4375,31.5312711006077
2025-11-28,46,834687.0,839082.8,-4395.8125,4395.8125,0.5266420226983288
2025-11-28,32,751638.0,754713.56,-3075.5625,3075.5625,0.40918134793610755
2025-11-28,18,227262.0,471678.25,-244416.25,244416.25,107.54822627628025
2025-11-28,98,1108758.0,860987.6,247770.375,247770.375,22.34665950550075
2025-11-28,97,954612.0,835722.3,118889.6875,118889.6875,12.454241880470809
2025-11-28,52,531836.0,520062.94,11773.0625,11773.0625,2.213664080656443
2025-11-28,7,461776.0,457291.3,4484.6875,4484.6875,0.9711824564290912
2025-11-28,9,795898.0,822785.1,-26887.125,26887.125,3.378212409127803
2025-11-28,39,863095.0,878313.5,-15218.5,15218.5,1.7632473829647954
2025-11-28,83,1023595.0,817023.3,206571.6875,206571.6875,20.180998099834408
2025-11-28,36,722782.0,810253.9,-87471.875,87471.875,12.102110318187227
2025-11-28,17,579547.0,588128.9,-8581.875,8581.875,1.4807901688732752
2025-11-28,35,593250.0,838172.56,-244922.5625,244922.5625,41.2848820058997
2025-11-28,87,622384.0,916209.94,-293825.9375,293825.9375,47.209751134347925
2025-11-28,33,277714.0,463937.16,-186223.15625,186223.15625,67.05573224612371
2025-11-28,88,561506.0,597751.44,-36245.4375,36245.4375,6.45504010642807
2025-11-28,23,579590.0,604636.6,-25046.625,25046.625,4.321438430614745
2025-11-28,45,529687.0,539746.6,-10059.625,10059.625,1.899164034609118
2025-11-28,63,441793.0,595976.4,-154183.375,154183.375,34.89946083346725
2025-11-28,8,586865.0,445859.38,141005.625,141005.625,24.026926976391504
2025-11-28,75,1304351.0,758624.25,545726.75,545726.75,41.83894902522404
2025-11-28,92,457046.0,528610.8,-71564.8125,71564.8125,15.658120298613268
2025-11-28,16,902280.0,801573.4,100706.625,100706.625,11.16134958106131
2025-11-28,54,938194.0,805044.6,133149.375,133149.375,14.192094065832867
2025-11-28,3,397386.0,463960.5,-66574.5,66574.5,16.75310655131283
2025-11-28,69,613958.0,548727.0,65231.0,65231.0,10.624668136908388
2025-11-28,34,431420.0,774752.44,-343332.4375,343332.4375,79.58194740623986
2025-11-28,58,787990.0,749914.7,38075.3125,38075.3125,4.831953768448837
2025-11-28,90,775731.0,876020.0,-100289.0,100289.0,12.928321802274242
2025-11-28,5,546023.0,787483.25,-241460.25,241460.25,44.22162619523353
2025-11-28,47,502916.0,527109.2,-24193.1875,24193.1875,4.810582184698836
2025-11-28,86,709174.0,861905.8,-152731.8125,152731.8125,21.536578117641085
2025-11-28,78,457300.0,551155.2,-93855.1875,93855.1875,20.523767220642906
2025-11-28,42,1016638.0,826089.06,190548.9375,190548.9375,18.743046935093908
2025-11-28,27,639279.0,458140.78,181138.21875,181138.21875,28.334767566273882
2025-11-28,41,1019589.0,854133.6,165455.375,165455.375,16.227653986066933
2025-11-28,21,634917.0,597991.1,36925.875,36925.875,5.815858608290533
2025-11-28,40,358723.0,474908.16,-116185.15625,116185.15625,32.38854387647293
2025-11-28,61,611489.0,553032.4,58456.625,58456.625,9.559718163368434
2025-11-28,12,704361.0,602842.9,101518.125,101518.125,14.412797556934583
2025-11-28,93,590435.0,600179.0,-9744.0,9744.0,1.6503086707258208
2025-11-28,19,745661.0,761089.6,-15428.625,15428.625,2.069120552100754
2025-11-28,73,730194.0,861785.9,-131591.875,131591.875,18.021494972568934
2025-11-28,65,933503.0,845330.7,88172.3125,88172.3125,9.445316458543786
2025-11-28,77,971984.0,773886.0,198098.0,198098.0,20.380788161121995
2025-11-28,43,254661.0,533682.2,-279021.1875,279021.1875,109.56573150187896
2025-11-28,56,477416.0,589593.06,-112177.0625,112177.0625,23.49671198703018
2025-11-28,100,618481.0,912555.7,-294074.6875,294074.6875,47.54789354887215
2025-11-28,72,706363.0,788430.1,-82067.125,82067.125,11.618264971409884
2025-11-28,13,459440.0,585219.8,-125779.8125,125779.8125,27.37676573654884
2025-11-28,84,737234.0,769576.75,-32342.75,32342.75,4.387039935759881
2025-11-28,71,546828.0,485865.62,60962.375,60962.375,11.148363836526293
2025-11-28,2,553411.0,776310.06,-222899.0625,222899.0625,40.277309720984945
2025-11-28,31,486034.0,539092.5,-53058.5,53058.5,10.916623116901286
2025-11-28,50,419239.0,454832.84,-35593.84375,35593.84375,8.490107969439865
2025-11-28,91,462197.0,814640.1,-352443.125,352443.125,76.25387551195702
2025-11-28,57,1078333.0,795267.5,283065.5,283065.5,26.25028632157228
2025-11-28,95,288181.0,471768.5,-183587.5,183587.5,63.70562250807652
2025-11-28,80,768756.0,854313.0,-85557.0,85557.0,11.12927899099324
2025-11-28,49,429934.0,517349.3,-87415.3125,87415.3125,20.3322632078412
2025-11-28,38,634237.0,896369.25,-262132.25,262132.25,41.33033077540414
2025-11-28,70,363727.0,590167.7,-226440.6875,226440.6875,62.2556718362948
2025-11-28,74,577266.0,468559.4,108706.59375,108706.59375,18.831282935423186
2025-11-29,78,602650.0,549591.06,53058.9375,53058.9375,8.804270720982329
2025-11-29,5,603907.0,765463.5,-161556.5,161556.5,26.75188398213632
2025-11-29,51,666706.0,809175.2,-142469.1875,142469.1875,21.36911734707652
2025-11-29,100,973819.0,853817.5,120001.5,120001.5,12.322772507005922
2025-11-29,40,471438.0,468325.66,3112.34375,3112.34375,0.6601809251693753
2025-11-29,84,777936.0,753063.5,24872.5,24872.5,3.1972424466794185
2025-11-29,52,555809.0,513627.9,42181.09375,42181.09375,7.589134711744502
2025-11-29,68,806765.0,820796.6,-14031.625,14031.625,1.7392456291485128
2025-11-29,66,549149.0,811461.1,-262312.125,262312.125,47.76702224714968
2025-11-29,7,445038.0,453993.5,-8955.5,8955.5,2.012300073252172
2025-11-29,30,584861.0,524012.97,60848.03125,60848.03125,10.403844887930637
2025-11-29,27,427948.0,469123.4,-41175.40625,41175.40625,9.621590999373755
2025-11-29,35,689282.0,821709.3,-132427.3125,132427.3125,19.21235611839566
2025-11-29,21,504997.0,586201.8,-81204.8125,81204.8125,16.080256417364854
2025-11-29,17,866929.0,582374.8,284554.1875,284554.1875,32.82324013846578
2025-11-29,20,703879.0,586865.0,117014.0,117014.0,16.624164096385886
2025-11-29,76,812553.0,806613.0,5940.0,5940.0,0.7310292374774322
2025-11-29,93,506275.0,570986.1,-64711.125,64711.125,12.78181324379043
2025-11-29,6,658008.0,866945.5,-208937.5,208937.5,31.753033397770242
2025-11-29,77,790139.0,740195.94,49943.0625,49943.0625,6.320794505776832
2025-11-29,71,541458.0,473214.6,68243.40625,68243.40625,12.603638001470104
2025-11-29,79,613125.0,570897.56,42227.4375,42227.4375,6.887247706422019
2025-11-29,91,862126.0,810173.9,51952.125,51952.125,6.026047816676448
2025-11-29,39,670881.0,871053.94,-200172.9375,200172.9375,29.83732398145126
2025-11-29,98,893812.0,793486.6,100325.375,100325.375,11.224438136878897
2025-11-29,65,757511.0,875677.06,-118166.0625,118166.0625,15.599253674204071
2025-11-29,18,472450.0,473611.94,-1161.9375,1161.9375,0.2459387236744629
2025-11-29,67,616427.0,589102.75,27324.25,27324.25,4.432682215412368
2025-11-29,43,708900.0,530180.06,178719.9375,178719.9375,25.210881294964025
2025-11-29,53,1081219.0,783431.5,297787.5,297787.5,27.54183010102486
2025-11-29,55,1321876.0,859400.56,462475.4375,462475.4375,34.98629504582881
2025-11-29,15,1190285.0,849700.4,340584.625,340584.625,28.61370386084005
2025-11-29,50,341884.0,470588.7,-128704.6875,128704.6875,37.64571828456435
2025-11-29,92,482312.0,522708.3,-40396.3125,40396.3125,8.37555617525585
2025-11-29,72,659475.0,769376.75,-109901.75,109901.75,16.665036582129726
2025-11-29,16,925330.0,798599.56,126730.4375,126730.4375,13.695701803680848
2025-11-29,49,386959.0,533099.0,-146140.0,146140.0,37.76627498003665
2025-11-29,54,818864.0,793424.06,25439.9375,25439.9375,3.1067353675335587
2025-11-29,26,373777.0,527831.6,-154054.625,154054.625,41.21565131080832
2025-11-29,44,682096.0,855880.4,-173784.375,173784.375,25.477993566887946
2025-11-29,86,893350.0,877029.5,16320.5,16320.5,1.8268875580679462
2025-11-29,3,598015.0,470659.03,127355.96875,127355.96875,21.296450548899276
2025-11-29,31,577054.0,511334.47,65719.53125,65719.53125,11.388800918111649
2025-11-29,99,488162.0,605719.75,-117557.75,117557.75,24.08170853118432
2025-11-29,19,677274.0,747454.4,-70180.375,70180.375,10.36218354757454
2025-11-29,64,929092.0,828137.3,100954.6875,100954.6875,10.865951649567535
2025-11-29,4,748001.0,883838.25,-135837.25,135837.25,18.16003588230497
2025-11-29,56,579765.0,583206.94,-3441.9375,3441.9375,0.593678041965279
2025-11-29,38,983378.0,838872.5,144505.5,144505.5,14.694807083339265
2025-11-29,97,880733.0,825555.0,55178.0,55178.0,6.265008805165698
2025-11-29,95,435817.0,458499.84,-22682.84375,22682.84375,5.20467162822928
2025-11-29,73,791667.0,823828.7,-32161.6875,32161.6875,4.062527236830637
2025-11-29,36,600744.0,773842.94,-173098.9375,173098.9375,28.814093440800075
2025-11-29,60,606740.0,595392.3,11347.6875,11347.6875,1.8702718627418662
2025-11-29,61,783627.0,549913.3,233713.6875,233713.6875,29.82460883813345
2025-11-29,41,1092422.0,822885.2,269536.8125,269536.8125,24.673323358555578
2025-11-29,8,274528.0,461637.03,-187109.03125,187109.03125,68.15662928735865
2025-11-29,89,622512.0,468516.66,153995.34375,153995.34375,24.737730959403194
2025-11-29,37,635358.0,881356.5,-245998.5,245998.5,38.718092791780386
2025-11-29,22,889967.0,921485.6,-31518.625,31518.625,3.541549855219351
2025-11-29,94,541171.0,802665.5,-261494.5,261494.5,48.32012432299587
2025-11-29,62,795997.0,839543.7,-43546.6875,43546.6875,5.470710002675889
2025-11-29,1,445221.0,592032.9,-146811.875,146811.875,32.9750562080405
2025-11-29,58,854650.0,765427.0,89223.0,89223.0,10.43971216287369
2025-11-29,34,483946.0,738546.6,-254600.625,254600.625,52.609304550507694
2025-11-29,29,391302.0,516828.84,-125526.84375,125526.84375,32.07927476731527
2025-11-29,63,424714.0,592413.06,-167699.0625,167699.0625,39.48517414071587
2025-11-29,23,724853.0,585683.94,139169.0625,139169.0625,19.199625648234882
2025-11-29,82,418804.0,517709.4,-98905.40625,98905.40625,23.616156065844642
2025-11-29,59,378157.0,555205.06,-177048.0625,177048.0625,46.81866592447052
2025-11-29,9,623946.0,805522.0,-181576.0,181576.0,29.10123632493838
2025-11-29,10,400793.0,539150.5,-138357.5,138357.5,34.5209372419179
2025-11-29,14,847972.0,805649.25,42322.75,42322.75,4.991055129178794
2025-11-29,85,443909.0,618691.94,-174782.9375,174782.9375,39.373596277615455
2025-11-29,70,514860.0,596767.7,-81907.6875,81907.6875,15.908730043118519
2025-11-29,32,805445.0,768590.4,36854.625,36854.625,4.575684869854553
2025-11-29,11,562040.0,825912.8,-263872.8125,263872.8125,46.94911616610917
2025-11-29,47,454740.0,538946.9,-84206.875,84206.875,18.51758697277565
2025-11-29,90,842081.0,871835.0,-29754.0,29754.0,3.5333893057793726
2025-11-29,46,834306.0,838874.4,-4568.375,4568.375,0.5475658811035758
2025-11-29,75,365398.0,811997.94,-446599.9375,446599.9375,122.22287409892773
2025-11-29,81,568990.0,758019.5,-189029.5,189029.5,33.221937116645286
2025-11-29,69,439549.0,537159.4,-97610.375,97610.375,22.206938248067907
2025-11-29,2,901361.0,761989.4,139371.625,139371.625,15.462353596394784
2025-11-29,48,777432.0,767893.7,9538.3125,9538.3125,1.2268999089309418
2025-11-29,88,605494.0,590403.75,15090.25,15090.25,2.4922212276257074
2025-11-29,33,704138.0,462216.94,241921.0625,241921.0625,34.35705252379505
2025-11-29,13,564484.0,583919.3,-19435.3125,19435.3125,3.443022742894396
2025-11-29,83,556401.0,820982.9,-264581.875,264581.875,47.55237229983411
2025-11-29,25,618371.0,530610.6,87760.375,87760.375,14.192188023047652
2025-11-29,57,1148105.0,740579.94,407525.0625,407525.0625,35.495452288771496
2025-11-29,42,711391.0,820190.25,-108799.25,108799.25,15.293874957653387
2025-11-29,12,654848.0,588431.2,66416.8125,66416.8125,10.142325012827405
2025-11-29,45,475316.0,522296.56,-46980.5625,46980.5625,9.884069229733484
2025-11-29,28,300686.0,441030.03,-140344.03125,140344.03125,46.67461446492354
2025-11-29,24,635052.0,614742.6,20309.375,20309.375,3.1980648828757325
2025-11-29,80,961773.0,858812.4,102960.625,102960.625,10.705293764744903
2025-11-29,96,634810.0,777855.75,-143045.75,143045.75,22.533632110395235
2025-11-29,87,620240.0,886500.0,-266260.0,266260.0,42.928543789500836
2025-11-29,74,278312.0,469728.28,-191416.28125,191416.28125,68.7775881923884
2025-11-30,65,984894.0,754790.2,230103.8125,230103.8125,23.36330737114857
2025-11-30,23,562856.0,510614.2,52241.8125,52241.8125,9.281559137683528
2025-11-30,82,521927.0,434700.16,87226.84375,87226.84375,16.71246050692913
2025-11-30,98,1192571.0,761737.3,430833.6875,430833.6875,36.126460185599015
2025-11-30,62,838090.0,735499.2,102590.8125,102590.8125,12.241025725160783
2025-11-30,67,839710.0,492355.1,347354.90625,347354.90625,41.36605569184599
2025-11-30,63,553387.0,522873.78,30513.21875,30513.21875,5.513902341399418
2025-11-30,13,617576.0,522851.16,94724.84375,94724.84375,15.338167893506224
2025-11-30,71,634917.0,412311.94,222605.0625,222605.0625,35.06049806510143
2025-11-30,38,958374.0,762881.56,195492.4375,195492.4375,20.398345270218098
2025-11-30,47,632437.0,442770.75,189666.25,189666.25,29.989746014227503
2025-11-30,46,1240144.0,699677.7,540466.3125,540466.3125,43.58093193209821
2025-11-30,91,854243.0,712524.4,141718.625,141718.625,16.589966203995818
2025-11-30,1,517963.0,526284.2,-8321.1875,8321.1875,1.606521604825055
2025-11-30,18,628423.0,413246.1,215176.90625,215176.90625,34.240775122807406
2025-11-30,56,462122.0,492572.75,-30450.75,30450.75,6.589331388680911
2025-11-30,16,599419.0,741985.5,-142566.5,142566.5,23.78411428399834
2025-11-30,3,421663.0,412666.88,8996.125,8996.125,2.1334869315069143
2025-11-30,69,457417.0,435453.03,21963.96875,21963.96875,4.801738621432959
2025-11-30,90,825261.0,780113.9,45147.125,45147.125,5.470648073760907
2025-11-30,75,961035.0,651514.8,309520.1875,309520.1875,32.20696306586128
2025-11-30,88,863516.0,502392.5,361123.5,361123.5,41.820128405264064
2025-11-30,27,464737.0,418421.12,46315.875,46315.875,9.966039932262765
2025-11-30,43,700717.0,450736.88,249980.125,249980.125,35.674905132885314
2025-11-30,73,819571.0,746127.25,73443.75,73443.75,8.96124313817839
2025-11-30,33,525860.0,387122.16,138737.84375,138737.84375,26.38303802342829
2025-11-30,77,792061.0,665154.5,126906.5,126906.5,16.02231393794165
2025-11-30,49,487859.0,444791.5,43067.5,43067.5,8.827858049149446
2025-11-30,12,663604.0,500528.7,163075.3125,163075.3125,24.574190707108457
2025-11-30,87,1088574.0,774437.56,314136.4375,314136.4375,28.857609817982055
2025-11-30,80,775211.0,785219.56,-10008.5625,10008.5625,1.291075913525479
2025-11-30,11,638052.0,724928.8,-86876.8125,86876.8125,13.61594548720167
2025-11-30,93,764675.0,499187.06,265487.9375,265487.9375,34.719055481086734
2025-11-30,72,940507.0,684047.44,256459.5625,256459.5625,27.26822474473874
2025-11-30,95,429700.0,426702.56,2997.4375,2997.4375,0.6975651617407493
2025-11-30,41,1000600.0,720304.56,280295.4375,280295.4375,28.012736108335
2025-11-30,21,593465.0,498523.0,94942.0,94942.0,15.99791057602386
2025-11-30,8,377311.0,392875.06,-15564.0625,15564.0625,4.124995693207991
2025-11-30,17,652847.0,487345.56,165501.4375,165501.4375,25.35072344668812
2025-11-30,5,528066.0,662505.3,-134439.3125,134439.3125,25.45880865270629
2025-11-30,96,701212.0,661739.75,39472.25,39472.25,5.629146392246567
2025-11-30,53,765664.0,661093.75,104570.25,104570.25,13.657459407782005
2025-11-30,34,819481.0,662349.3,157131.6875,157131.6875,19.174536993536154
2025-11-30,54,962269.0,643760.5,318508.5,318508.5,33.09973614446688
2025-11-30,20,705909.0,498657.38,207251.625,207251.625,29.359538552419647
2025-11-30,59,560934.0,445676.62,115257.375,115257.375,20.547403972659886
2025-11-30,44,1034325.0,813769.1,220555.875,220555.875,21.323653107098835
2025-11-30,50,462267.0,406483.06,55783.9375,55783.9375,12.067471288238183
2025-11-30,58,529815.0,669991.9,-140176.875,140176.875,26.45770221681153
2025-11-30,57,584966.0,760585.5,-175619.5,175619.5,30.0221722288133
2025-11-30,2,745254.0,643715.8,101538.1875,101538.1875,13.624641732885701
2025-11-30,55,626656.0,746796.6,-120140.625,120140.625,19.171702656640967
2025-11-30,66,1100083.0,706646.56,393436.4375,393436.4375,35.76425028838733
2025-11-30,9,859584.0,703233.0,156351.0,156351.0,18.18914730846549
2025-11-30,15,1081713.0,784678.06,297034.9375,297034.9375,27.459680848801852
2025-11-30,31,395029.0,431799.0,-36770.0,36770.0,9.308177374319355
2025-11-30,97,454547.0,787690.8,-333143.8125,333143.8125,73.2913895592755
2025-11-30,100,832264.0,803753.25,28510.75,28510.75,3.425685840069978
2025-11-30,70,581306.0,518602.34,62703.65625,62703.65625,10.786686572992538
2025-11-30,22,785419.0,688125.56,97293.4375,97293.4375,12.387456567768288
2025-11-30,19,672186.0,656513.25,15672.75,15672.75,2.331609108193268
2025-11-30,99,428690.0,509008.22,-80318.21875,80318.21875,18.735734155217056
2025-11-30,61,668495.0,461059.5,207435.5,207435.5,31.030224609009792
2025-11-30,78,394104.0,478621.47,-84517.46875,84517.46875,21.445473466394656
2025-11-30,64,1258465.0,731817.4,526647.625,526647.625,41.84841255020998
2025-11-30,14,580351.0,764407.0,-184056.0,184056.0,31.714600302230888
2025-11-30,74,501613.0,411480.34,90132.65625,90132.65625,17.96856466040553
2025-11-30,48,723036.0,694590.8,28445.1875,28445.1875,3.9341315646800434
2025-11-30,7,306491.0,397476.94,-90985.9375,90985.9375,29.68633255136366
2025-11-30,92,539685.0,434875.5,104809.5,104809.5,19.420495288918534
2025-11-30,45,661550.0,467859.22,193690.78125,193690.78125,29.278328357644924
2025-11-30,39,975795.0,770454.5,205340.5,205340.5,21.043405633355366
2025-11-30,84,782224.0,648357.4,133866.625,133866.625,17.113592142404222
2025-11-30,76,877767.0,716453.5,161313.5,161313.5,18.37771299217218
2025-11-30,42,702638.0,731312.25,-28674.25,28674.25,4.08094210674629
2025-11-30,83,756313.0,733950.6,22362.375,22362.375,2.9567619490872166
2025-11-30,32,757245.0,663075.6,94169.375,94169.375,12.43578696458874
2025-11-30,30,571082.0,437698.06,133383.9375,133383.9375,23.356354691620467
2025-11-30,68,987418.0,696766.25,290651.75,290651.75,29.435532874628578
2025-11-30,25,484189.0,443917.47,40271.53125,40271.53125,8.31731643015434
2025-11-30,4,748674.0,778552.75,-29878.75,29878.75,3.9908892254839894
2025-11-30,94,1007514.0,694809.44,312704.5625,312704.5625,31.0372424105273
2025-11-30,10,912987.0,462958.84,450028.15625,450028.15625,49.291847118305085
2025-11-30,86,949301.0,813331.3,135969.6875,135969.6875,14.323137498011695
2025-11-30,79,724165.0,518874.97,205290.03125,205290.03125,28.3485160495191
2025-11-30,28,430617.0,400054.3,30562.6875,30562.6875,7.097417774960116
2025-11-30,51,653585.0,754868.94,-101283.9375,101283.9375,15.496674112777987
2025-11-30,89,418811.0,405234.22,13576.78125,13576.78125,3.2417441877123574
2025-11-30,60,477568.0,497184.22,-19616.21875,19616.21875,4.107523692961002
2025-11-30,37,805515.0,731621.5,73893.5,73893.5,9.173448042556625
2025-11-30,36,1163055.0,717460.0,445595.0,445595.0,38.31246157748344
2025-11-30,40,532455.0,403962.66,128492.34375,128492.34375,24.13205693438882
2025-11-30,35,1258002.0,762015.06,495986.9375,495986.9375,39.42656192120521
2025-11-30,6,949191.0,781651.9,167539.125,167539.125,17.650728357095673
2025-11-30,29,666607.0,444268.88,222338.125,222338.125,33.35370390649963
2025-11-30,26,544361.0,428735.5,115625.5,115625.5,21.240592180556654
2025-11-30,81,874530.0,669644.06,204885.9375,204885.9375,23.428119961579362
2025-11-30,52,648562.0,428270.72,220291.28125,220291.28125,33.96610983221342
2025-11-30,85,512692.0,500591.16,12100.84375,12100.84375,2.3602560114064586
2025-11-30,24,582678.0,487612.1,95065.90625,95065.90625,16.31534162092957
2025-12-01,45,491369.0,570788.6,-79419.625,79419.625,16.16292948883629
2025-12-01,52,602374.0,551444.94,50929.0625,50929.0625,8.454724556504763
2025-12-01,81,693544.0,820440.44,-126896.4375,126896.4375,18.296811377504525
2025-12-01,92,423975.0,551554.4,-127579.375,127579.375,30.091249484049765
2025-12-01,33,526900.0,512958.75,13941.25,13941.25,2.645900550389068
2025-12-01,77,813750.0,751926.56,61823.4375,61823.4375,7.597350230414747
2025-12-01,59,689279.0,536331.1,152947.875,152947.875,22.189545162408837
2025-12-01,18,471753.0,531817.6,-60064.625,60064.625,12.732218978999605
2025-12-01,83,805382.0,880981.4,-75599.375,75599.375,9.386772363921716
2025-12-01,40,442909.0,502738.47,-59829.46875,59829.46875,13.508298262171238
2025-12-01,4,1063127.0,932748.25,130378.75,130378.75,12.263704148234407
2025-12-01,88,722649.0,688716.1,33932.875,33932.875,4.69562332473995
2025-12-01,26,837085.0,555830.7,281254.3125,281254.3125,33.599253660022576
2025-12-01,67,537851.0,622007.44,-84156.4375,84156.4375,15.646793907606382
2025-12-01,75,629331.0,809001.1,-179670.125,179670.125,28.54938418733544
2025-12-01,25,561973.0,555214.75,6758.25,6758.25,1.2025933630263375
2025-12-01,100,897270.0,879376.06,17893.9375,17893.9375,1.9942645469033848
2025-12-01,1,605464.0,609857.9,-4393.875,4393.875,0.7257037577791577
2025-12-01,84,877591.0,763557.75,114033.25,114033.25,12.9938946502414
2025-12-01,24,863950.0,619719.44,244230.5625,244230.5625,28.26906215637479
2025-12-01,74,713281.0,501565.5,211715.5,211715.5,29.681920589501193
2025-12-01,51,761684.0,847848.75,-86164.75,86164.75,11.312401205749365
2025-12-01,10,669415.0,592813.8,76601.1875,76601.1875,11.443004339609958
2025-12-01,44,811288.0,882902.5,-71614.5,71614.5,8.827259863328436
2025-12-01,85,754471.0,631959.5,122511.5,122511.5,16.238066141707236
2025-12-01,82,652045.0,569517.44,82527.5625,82527.5625,12.656728063247169
2025-12-01,66,677749.0,909891.5,-232142.5,232142.5,34.251987092566715
2025-12-01,36,754393.0,864027.94,-109634.9375,109634.9375,14.532867815581534
2025-12-01,9,701498.0,849521.75,-148023.75,148023.75,21.101093659568523
2025-12-01,20,712774.0,627990.7,84783.3125,84783.3125,11.89483798511169
2025-12-01,50,529387.0,503805.28,25581.71875,25581.71875,4.832328476143162
2025-12-01,62,671829.0,883172.5,-211343.5,211343.5,31.45793051505666
2025-12-01,31,533686.0,542035.44,-8349.4375,8349.4375,1.5644850155334784
2025-12-01,70,868889.0,641436.5,227452.5,227452.5,26.17739435071684
2025-12-01,80,575009.0,929657.25,-354648.25,354648.25,61.676991142747326
2025-12-01,98,1043640.0,925589.75,118050.25,118050.25,11.311395692001074
2025-12-01,17,700410.0,622199.25,78210.75,78210.75,11.166423951685442
2025-12-01,19,779656.0,828708.6,-49052.625,49052.625,6.291572821859898
2025-12-01,61,431327.0,552766.8,-121439.8125,121439.8125,28.154929438685734
2025-12-01,60,448113.0,582094.44,-133981.4375,133981.4375,29.899029374287288
2025-12-01,43,490824.0,571846.94,-81022.9375,81022.9375,16.507533759555358
2025-12-01,86,955768.0,905125.94,50642.0625,50642.0625,5.2985727184839835
2025-12-01,95,398223.0,482875.44,-84652.4375,84652.4375,21.2575460232081
2025-12-01,78,280048.0,577534.2,-297486.1875,297486.1875,106.22685664600353
2025-12-01,46,679687.0,862904.7,-183217.6875,183217.6875,26.956185347078875
2025-12-01,30,360468.0,556564.25,-196096.25,196096.25,54.40045995761066
2025-12-01,11,1029062.0,896179.5,132882.5,132882.5,12.912973173628023
2025-12-01,72,606273.0,776380.9,-170107.875,170107.875,28.057966460653866
2025-12-01,8,453824.0,508641.97,-54817.96875,54817.96875,12.079125112378367
2025-12-01,53,755837.0,815409.4,-59572.375,59572.375,7.881643132050958
2025-12-01,96,1315694.0,762073.7,553620.3125,553620.3125,42.078196943970255
2025-12-01,5,876450.0,808809.06,67640.9375,67640.9375,7.717603685321467
2025-12-01,94,1122425.0,873875.56,248549.4375,248549.4375,22.143968416597993
2025-12-01,6,956274.0,938453.0,17821.0,17821.0,1.863587214543112
2025-12-01,38,1019775.0,924804.5,94970.5,94970.5,9.31288764678483
2025-12-01,35,890207.0,880243.6,9963.375,9963.375,1.1192200241067527
2025-12-01,64,942078.0,941771.5,306.5,306.5,0.032534461053118746
2025-12-01,41,597230.0,873226.1,-275996.125,275996.125,46.21270281131223
2025-12-01,89,607121.0,494155.34,112965.65625,112965.65625,18.606777932240856
2025-12-01,99,397292.0,619983.2,-222691.1875,222691.1875,56.05227074796372
2025-12-01,37,529204.0,1020898.7,-491694.6875,491694.6875,92.9121260421312
2025-12-01,21,891436.0,634283.4,257152.625,257152.625,28.847009207615574
2025-12-01,23,555450.0,604869.56,-49419.5625,49419.5625,8.897211720226842
2025-12-01,97,717497.0,883729.1,-166232.125,166232.125,23.168337289215145
2025-12-01,71,539096.0,523916.5,15179.5,15179.5,2.815732262899372
2025-12-01,13,528671.0,627567.25,-98896.25,98896.25,18.70657743662883
2025-12-01,22,986871.0,1018771.25,-31900.25,31900.25,3.2324640201201578
2025-12-01,29,870860.0,537833.5,333026.5,333026.5,38.24110649243277
2025-12-01,79,531399.0,595540.4,-64141.375,64141.375,12.070285228237163
2025-12-01,58,744254.0,813094.75,-68840.75,68840.75,9.249631174303396
2025-12-01,14,890854.0,838523.94,52330.0625,52330.0625,5.874145763503335
2025-12-01,34,453463.0,800390.7,-346927.6875,346927.6875,76.50628331308177
2025-12-01,54,1104535.0,780508.44,324026.5625,324026.5625,29.336015834717777
2025-12-01,15,945607.0,894934.7,50672.3125,50672.3125,5.358707422851142
2025-12-01,55,786455.0,940451.3,-153996.3125,153996.3125,19.581071072089312
2025-12-01,48,655105.0,852370.56,-197265.5625,197265.5625,30.11205264804879
2025-12-01,7,481447.0,521604.5,-40157.5,40157.5,8.341001190162158
2025-12-01,65,635455.0,941896.6,-306441.625,306441.625,48.22396943922072
2025-12-01,28,423418.0,488973.12,-65555.125,65555.125,15.482366125200157
2025-12-01,56,536223.0,605743.1,-69520.125,69520.125,12.96477864619757
2025-12-01,3,334328.0,496990.03,-162662.03125,162662.03125,48.65342754719916
2025-12-01,90,1283258.0,894914.94,388343.0625,388343.0625,30.262274811456464
2025-12-01,47,600228.0,613740.8,-13512.8125,13512.8125,2.251279930293155
2025-12-01,91,932866.0,842881.5,89984.5,89984.5,9.646026331756115
2025-12-01,73,725545.0,844809.56,-119264.5625,119264.5625,16.437927695732174
2025-12-01,27,449771.0,501742.66,-51971.65625,51971.65625,11.55513722538803
2025-12-01,69,592811.0,550400.1,42410.875,42410.875,7.154198387006988
2025-12-01,68,1041628.0,867856.4,173771.625,173771.625,16.68269526164811
2025-12-01,42,850562.0,834112.6,16449.375,16449.375,1.9339419113480263
2025-12-01,93,633315.0,652698.9,-19383.875,19383.875,3.060700441328565
2025-12-01,57,790884.0,811216.44,-20332.4375,20332.4375,2.5708495177548163
2025-12-01,2,668023.0,829885.25,-161862.25,161862.25,24.230041480607703
2025-12-01,49,632587.0,578099.06,54487.9375,54487.9375,8.61350889284794
2025-12-01,32,477828.0,789624.5,-311796.5,311796.5,65.25287341888713
2025-12-01,12,670746.0,629602.75,41143.25,41143.25,6.133953836474612
2025-12-01,87,802754.0,949346.7,-146592.6875,146592.6875,18.261221681860196
2025-12-01,76,699374.0,847954.56,-148580.5625,148580.5625,21.244793558239223
2025-12-01,39,1388487.0,844528.8,543958.1875,543958.1875,39.1763255615645
2025-12-01,16,1206516.0,894378.6,312137.375,312137.375,25.870968557399987
2025-12-01,63,830604.0,651451.25,179152.75,179152.75,21.568972699385025
2025-12-02,37,792168.0,974414.0,-182246.0,182246.0,23.005978529806807
2025-12-02,24,611428.0,642782.6,-31354.625,31354.625,5.128097666446417
2025-12-02,85,519034.0,632803.2,-113769.1875,113769.1875,21.919409422118783
2025-12-02,36,773523.0,865888.0,-92365.0,92365.0,11.940821410610932
2025-12-02,79,508237.0,621371.8,-113134.8125,113134.8125,22.260247187827726
2025-12-02,89,531476.0,508861.38,22614.625,22614.625,4.255060435466512
2025-12-02,52,453547.0,532217.25,-78670.25,78670.25,17.345556248856237
2025-12-02,13,526515.0,571836.44,-45321.4375,45321.4375,8.607815066997142
2025-12-02,26,520862.0,558893.6,-38031.625,38031.625,7.301670116076811
2025-12-02,29,748300.0,555694.7,192605.3125,192605.3125,25.739050180408928
2025-12-02,6,855876.0,905889.1,-50013.125,50013.125,5.843501278222546
2025-12-02,60,757654.0,618160.0,139494.0,139494.0,18.411306480266717
2025-12-02,2,494351.0,828946.3,-334595.3125,334595.3125,67.68375354758057
2025-12-02,57,799903.0,789556.4,10346.625,10346.625,1.2934849600514062
2025-12-02,28,560335.0,496144.12,64190.875,64190.875,11.45580322485656
2025-12-02,35,805401.0,815035.1,-9634.125,9634.125,1.196189848286754
2025-12-02,3,676467.0,505627.38,170839.625,170839.625,25.25468722051482
2025-12-02,39,782290.0,922079.5,-139789.5,139789.5,17.86926842986616
2025-12-02,96,796335.0,801529.4,-5194.375,5194.375,0.6522851563726322
2025-12-02,56,340250.0,627464.25,-287214.25,287214.25,84.41271124173402
2025-12-02,25,696053.0,569223.8,126829.1875,126829.1875,18.22119687724929
2025-12-02,42,689449.0,850848.44,-161399.4375,161399.4375,23.409916832136968
2025-12-02,68,872565.0,907897.6,-35332.625,35332.625,4.0492828614487175
2025-12-02,4,881152.0,890641.8,-9489.8125,9489.8125,1.0769779220838176
2025-12-02,32,820693.0,801396.25,19296.75,19296.75,2.3512750809376954
2025-12-02,76,645651.0,839213.6,-193562.625,193562.625,29.97945097273914
2025-12-02,84,433434.0,741856.44,-308422.4375,308422.4375,71.15787813138795
2025-12-02,83,831360.0,858592.2,-27232.1875,27232.1875,3.2756191661855274
2025-12-02,48,876717.0,790772.2,85944.8125,85944.8125,9.803027944022986
2025-12-02,7,269700.0,512186.6,-242486.59375,242486.59375,89.9097492584353
2025-12-02,92,590175.0,564371.5,25803.5,25803.5,4.372177743889524
2025-12-02,51,823696.0,861800.8,-38104.8125,38104.8125,4.626077157106505
2025-12-02,45,684147.0,537166.5,146980.5,146980.5,21.483760069107955
2025-12-02,94,589678.0,900547.2,-310869.1875,310869.1875,52.71846456879856
2025-12-02,30,696537.0,557669.7,138867.3125,138867.3125,19.936817785702697
2025-12-02,55,1103751.0,927780.9,175970.125,175970.125,15.942918738012468
2025-12-02,66,817853.0,870374.94,-52521.9375,52521.9375,6.4219288185040595
2025-12-02,15,951501.0,909923.25,41577.75,41577.75,4.36970113536402
2025-12-02,14,1210267.0,880549.5,329717.5,329717.5,27.243368612050066
2025-12-02,70,518574.0,641826.56,-123252.5625,123252.5625,23.767593921021877
2025-12-02,22,397140.0,951477.25,-554337.25,554337.25,139.58232613184268
2025-12-02,10,726004.0,536740.8,189263.1875,189263.1875,26.069165941234484
2025-12-02,9,734118.0,876281.5,-142163.5,142163.5,19.365211042366486
2025-12-02,61,628556.0,509193.78,119362.21875,119362.21875,18.98991000801838
2025-12-02,97,850063.0,834910.2,15152.8125,15152.8125,1.7825517049912771
2025-12-02,99,774689.0,615633.3,159055.6875,159055.6875,20.53155362990826
2025-12-02,74,287777.0,511031.2,-223254.1875,223254.1875,77.578884865712
2025-12-02,64,939239.0,891436.3,47802.6875,47802.6875,5.089512626711625
2025-12-02,78,487275.0,566895.4,-79620.375,79620.375,16.339926119747574
2025-12-02,19,617377.0,821104.3,-203727.3125,203727.3125,32.99885037829397
2025-12-02,67,834644.0,604121.2,230522.8125,230522.8125,27.61929786831272
2025-12-02,1,561027.0,604813.94,-43786.9375,43786.9375,7.804782568396887
2025-12-02,5,932278.0,825575.06,106702.9375,106702.9375,11.445399065514792
2025-12-02,54,896189.0,830174.0,66015.0,66015.0,7.366191729646314
2025-12-02,8,502905.0,518605.25,-15700.25,15700.25,3.121911693063302
2025-12-02,20,638092.0,627750.2,10341.8125,10341.8125,1.6207400343524132
2025-12-02,53,710878.0,820090.8,-109212.8125,109212.8125,15.363087970087694
2025-12-02,47,664026.0,555363.8,108662.1875,108662.1875,16.36414650932343
2025-12-02,17,611916.0,641277.9,-29361.875,29361.875,4.798350590603939
2025-12-02,58,554448.0,827138.7,-272690.6875,272690.6875,49.182373730268665
2025-12-02,21,401206.0,608436.0,-207230.0,207230.0,51.65176991371017
2025-12-02,43,491550.0,546962.2,-55412.1875,55412.1875,11.272950361102636
2025-12-02,86,918191.0,921680.9,-3489.875,3489.875,0.38008159522365176
2025-12-02,95,540538.0,513668.6,26869.40625,26869.40625,4.970863519308541
2025-12-02,38,958559.0,925481.44,33077.5625,33077.5625,3.450759160364673
2025-12-02,41,852129.0,895760.2,-43631.1875,43631.1875,5.12025614666324
2025-12-02,16,761479.0,931861.6,-170382.625,170382.625,22.37522308560052
2025-12-02,80,993937.0,942841.0,51096.0,51096.0,5.140768479289934
2025-12-02,72,671616.0,790316.2,-118700.1875,118700.1875,17.673817702377548
2025-12-02,87,1006655.0,921174.1,85480.875,85480.875,8.491576061311969
2025-12-02,12,451162.0,609095.25,-157933.25,157933.25,35.00588480412801
2025-12-02,81,797044.0,768531.75,28512.25,28512.25,3.5772491857413145
2025-12-02,44,1066228.0,933447.3,132780.6875,132780.6875,12.45331087722326
2025-12-02,77,619907.0,762011.0,-142104.0,142104.0,22.923438515777367
2025-12-02,49,780469.0,559250.3,221218.6875,221218.6875,28.34432725707235
2025-12-02,33,537369.0,507126.94,30242.0625,30242.0625,5.6278018456591274
2025-12-02,88,844014.0,689322.0,154692.0,154692.0,18.328131997810463
2025-12-02,69,460718.0,565437.56,-104719.5625,104719.5625,22.729644272635323
2025-12-02,27,299269.0,498959.4,-199690.40625,199690.40625,66.72605791111008
2025-12-02,73,852138.0,810433.25,41704.75,41704.75,4.894130997561428
2025-12-02,90,768144.0,873001.8,-104857.8125,104857.8125,13.650801477327168
2025-12-02,93,559097.0,607597.94,-48500.9375,48500.9375,8.674869924181314
2025-12-02,34,706044.0,786447.8,-80403.8125,80403.8125,11.387932267677368
2025-12-02,75,1032624.0,834103.75,198520.25,198520.25,19.22483401509165
2025-12-02,100,826995.0,858667.75,-31672.75,31672.75,3.829859914509761
2025-12-02,23,539149.0,630387.06,-91238.0625,91238.0625,16.92260627396137
2025-12-02,46,620980.0,824688.3,-203708.3125,203708.3125,32.80432743405585
2025-12-02,82,623893.0,565272.6,58620.375,58620.375,9.395902021660765
2025-12-02,11,785514.0,914737.7,-129223.6875,129223.6875,16.45084460620689
2025-12-02,98,555550.0,917173.75,-361623.75,361623.75,65.0929259292593
2025-12-02,63,669587.0,649266.5,20320.5,20320.5,3.0347811412109253
2025-12-02,91,669872.0,842675.94,-172803.9375,172803.9375,25.796560760861777
2025-12-02,40,571976.0,503921.66,68054.34375,68054.34375,11.898111765178959
2025-12-02,50,416530.0,517767.62,-101237.625,101237.625,24.30500204066934
2025-12-02,65,767182.0,942818.9,-175636.875,175636.875,22.893769014392934
2025-12-02,31,649711.0,551751.3,97959.6875,97959.6875,15.077424808876563
2025-12-02,59,563446.0,551307.7,12138.3125,12138.3125,2.1542991697518485
2025-12-02,18,583042.0,505929.78,77112.21875,77112.21875,13.22584286380741
2025-12-02,62,1093104.0,850756.3,242347.6875,242347.6875,22.170597445439775
2025-12-02,71,396352.0,507739.06,-111387.0625,111387.0625,28.10306558311804
2025-12-03,28,639952.0,492926.12,147025.875,147025.875,22.97451605745431
2025-12-03,7,614469.0,502059.25,112409.75,112409.75,18.29380326753669
2025-12-03,29,629370.0,562187.94,67182.0625,67182.0625,10.674493938382827
2025-12-03,98,1020600.0,876587.7,144012.3125,144012.3125,14.110553840877916
2025-12-03,52,576295.0,519282.1,57012.90625,57012.90625,9.893007270581906
2025-12-03,93,745467.0,611484.75,133982.25,133982.25,17.97292837912342
2025-12-03,12,524439.0,613065.5,-88626.5,88626.5,16.899296200320723
2025-12-03,40,650532.0,522209.9,128322.09375,128322.09375,19.725715837191714
2025-12-03,84,916894.0,780451.94,136442.0625,136442.0625,14.88089817361658
2025-12-03,76,914371.0,892049.1,22321.875,22321.875,2.441227357385569
2025-12-03,6,1004510.0,958626.44,45883.5625,45883.5625,4.567755671919643
2025-12-03,77,683572.0,750297.7,-66725.6875,66725.6875,9.761325434628686
2025-12-03,4,828695.0,942515.6,-113820.625,113820.625,13.734923584672288
2025-12-03,88,477779.0,633775.2,-155996.1875,155996.1875,32.65028130160597
2025-12-03,63,588903.0,590571.44,-1668.4375,1668.4375,0.28331278665586695
2025-12-03,27,633563.0,501013.2,132549.8125,132549.8125,20.921331027853583
2025-12-03,57,919947.0,837017.2,82929.8125,82929.8125,9.01462937538793
2025-12-03,42,1037710.0,859289.06,178420.9375,178420.9375,17.193718620809282
2025-12-03,13,648512.0,624213.1,24298.875,24298.875,3.746865902250074
2025-12-03,56,640335.0,615992.6,24342.375,24342.375,3.801506242826021
2025-12-03,73,1083897.0,899936.8,183960.1875,183960.1875,16.972109665401785
2025-12-03,96,690428.0,733248.3,-42820.3125,42820.3125,6.201995356503502
2025-12-03,75,830953.0,789550.56,41402.4375,41402.4375,4.982524583219508
2025-12-03,72,1078055.0,800510.06,277544.9375,277544.9375,25.74497010820413
2025-12-03,94,789238.0,852160.8,-62922.8125,62922.8125,7.972603004416919
2025-12-03,78,355685.0,587949.7,-232264.6875,232264.6875,65.30066983426346
2025-12-03,62,512961.0,819313.94,-306352.9375,306352.9375,59.72246184407781
2025-12-03,36,968506.0,858995.75,109510.25,109510.25,11.30713180919891
2025-12-03,37,981531.0,930978.8,50552.1875,50552.1875,5.150340386600118
2025-12-03,10,518850.0,576276.06,-57426.0625,57426.0625,11.067950756480679
2025-12-03,59,835100.0,566964.0,268136.0,268136.0,32.10825050892109
2025-12-03,39,758672.0,915467.1,-156795.125,156795.125,20.667050451314932
2025-12-03,11,822431.0,869250.56,-46819.5625,46819.5625,5.692825598743238
2025-12-03,16,530465.0,854150.8,-323685.8125,323685.8125,61.01925904630843
2025-12-03,54,654241.0,783619.8,-129378.8125,129378.8125,19.77540577554754
2025-12-03,55,767311.0,961514.06,-194203.0625,194203.0625,25.30956320188294
2025-12-03,15,714205.0,919132.5,-204927.5,204927.5,28.693092319432097
2025-12-03,66,714861.0,858442.7,-143581.6875,143581.6875,20.08525958193271
2025-12-03,8,528559.0,491051.25,37507.75,37507.75,7.096227668055978
2025-12-03,34,684108.0,802332.6,-118224.625,118224.625,17.281573231127247
2025-12-03,5,685405.0,835535.94,-150130.9375,150130.9375,21.903974657319395
2025-12-03,60,491135.0,603180.7,-112045.6875,112045.6875,22.81362303643601
2025-12-03,14,881856.0,874281.4,7574.625,7574.625,0.8589412557152188
2025-12-03,53,1013096.0,806384.44,206711.5625,206711.5625,20.4039461709453
2025-12-03,92,730410.0,563199.25,167210.75,167210.75,22.89272463410961
2025-12-03,82,538298.0,546851.9,-8553.875,8553.875,1.5890594057566627
2025-12-03,86,1037966.0,985986.5,51979.5,51979.5,5.007822992275276
2025-12-03,43,704353.0,533720.44,170632.5625,170632.5625,24.225432773055555
2025-12-03,74,681518.0,503718.16,177799.84375,177799.84375,26.088796444114465
2025-12-03,95,502992.0,506965.62,-3973.625,3973.625,0.7899976540382351
2025-12-03,97,791491.0,827168.1,-35677.125,35677.125,4.507584419784937
2025-12-03,41,1408170.0,860011.8,548158.1875,548158.1875,38.92698946149968
2025-12-03,65,816430.0,951986.44,-135556.4375,135556.4375,16.60355909263501
2025-12-03,61,530293.0,557469.9,-27176.875,27176.875,5.124879076284243
2025-12-03,9,547323.0,879342.8,-332019.8125,332019.8125,60.66249956606976
2025-12-03,58,787047.0,823942.44,-36895.4375,36895.4375,4.687831539920741
2025-12-03,64,1034322.0,920900.8,113421.1875,113421.1875,10.96575220289233
2025-12-03,100,999269.0,884073.8,115195.1875,115195.1875,11.52794567829083
2025-12-03,33,387273.0,498342.8,-111069.8125,111069.8125,28.67997833569601
2025-12-03,18,477681.0,493110.8,-15429.8125,15429.8125,3.2301499326956695
2025-12-03,17,817376.0,612487.06,204888.9375,204888.9375,25.066669133911446
2025-12-03,24,697774.0,632683.9,65090.125,65090.125,9.328253130669815
2025-12-03,3,552876.0,520798.8,32077.1875,32077.1875,5.801877364906416
2025-12-03,38,1267821.0,960627.0,307194.0,307194.0,24.230076643311634
2025-12-03,45,511323.0,565977.06,-54654.0625,54654.0625,10.688754955282668
2025-12-03,20,373700.0,622595.4,-248895.375,248895.375,66.60299036660423
2025-12-03,47,588879.0,525520.7,63358.3125,63358.3125,10.759139398755941
2025-12-03,48,529606.0,759369.44,-229763.4375,229763.4375,43.383843366578176
2025-12-03,25,487810.0,598226.0,-110416.0,110416.0,22.635042332055512
2025-12-03,87,1201251.0,916088.3,285162.6875,285162.6875,23.738809582676726
2025-12-03,83,882553.0,858701.06,23851.9375,23851.9375,2.702606812282095
2025-12-03,23,620480.0,598131.6,22348.375,22348.375,3.601788131768953
2025-12-03,89,839171.0,487806.16,351364.84375,351364.84375,41.87047023193127
2025-12-03,79,593234.0,629256.8,-36022.8125,36022.8125,6.072277128418128
2025-12-03,67,653670.0,598668.25,55001.75,55001.75,8.414299264154696
2025-12-03,26,630221.0,515218.47,115002.53125,115002.53125,18.24796876809881
2025-12-03,91,1036734.0,834619.1,202114.875,202114.875,19.495345479168233
2025-12-03,51,811603.0,852622.2,-41019.1875,41019.1875,5.054095105611981
2025-12-03,30,542201.0,547536.25,-5335.25,5335.25,0.9839985540417668
2025-12-03,22,1120073.0,936340.8,183732.1875,183732.1875,16.403590435623393
2025-12-03,35,1412057.0,837622.7,574434.3125,574434.3125,40.68067454075862
2025-12-03,99,652196.0,604956.75,47239.25,47239.25,7.2431063667977105
2025-12-03,69,551322.0,547446.06,3875.9375,3875.9375,0.7030260900163607
2025-12-03,50,475962.0,512340.44,-36378.4375,36378.4375,7.643139053117685
2025-12-03,31,881097.0,547633.7,333463.3125,333463.3125,37.84637928627608
2025-12-03,1,473472.0,618903.3,-145431.3125,145431.3125,30.71592670738713
2025-12-03,70,440569.0,619471.44,-178902.4375,178902.4375,40.60713248095077
2025-12-03,2,853443.0,811800.25,41642.75,41642.75,4.879382688709146
2025-12-03,46,845818.0,870989.7,-25171.6875,25171.6875,2.9760170036579976
2025-12-03,32,774222.0,836042.0,-61820.0,61820.0,7.984789892304792
2025-12-03,68,840126.0,917346.7,-77220.6875,77220.6875,9.19156025405713
2025-12-03,80,1222742.0,875704.56,347037.4375,347037.4375,28.38190211017533
2025-12-03,85,603675.0,622766.2,-19091.1875,19091.1875,3.162494305710854
2025-12-03,71,588735.0,506053.1,82681.90625,82681.90625,14.043993689860462
2025-12-03,44,683836.0,896350.1,-212514.125,212514.125,31.07676767529057
2025-12-03,81,632726.0,792800.3,-160074.3125,160074.3125,25.299152002604604
2025-12-03,90,753453.0,815370.1,-61917.125,61917.125,8.21778199834628
2025-12-03,21,652616.0,635512.7,17103.3125,17103.3125,2.620731410201405
2025-12-03,19,740731.0,800817.06,-60086.0625,60086.0625,8.111725106685153
2025-12-03,49,564494.0,549041.2,15452.8125,15452.8125,2.737462665679352
2025-12-04,39,740677.0,917240.2,-176563.1875,176563.1875,23.83808157941991
2025-12-04,15,938428.0,913431.3,24996.6875,24996.6875,2.6636766486080976
2025-12-04,97,1015360.0,818721.5,196638.5,196638.5,19.366382366845254
2025-12-04,43,454865.0,569874.2,-115009.1875,115009.1875,25.28424642476339
2025-12-04,100,806047.0,879607.5,-73560.5,73560.5,9.126080737227483
2025-12-04,83,772303.0,836179.6,-63876.625,63876.625,8.270927990697952
2025-12-04,37,1216962.0,960390.4,256571.625,256571.625,21.08296109492326
2025-12-04,11,885960.0,845413.3,40546.6875,40546.6875,4.576582182039822
2025-12-04,80,1213123.0,895220.4,317902.625,317902.625,26.20530853013256
2025-12-04,29,623478.0,546356.7,77121.3125,77121.3125,12.369532285020481
2025-12-04,81,965664.0,837746.75,127917.25,127917.25,13.24655884448421
2025-12-04,1,820449.0,612566.9,207882.125,207882.125,25.337604774946403
2025-12-04,66,587202.0,840561.4,-253359.375,253359.375,43.14688556919084
2025-12-04,54,789598.0,772641.1,16956.875,16956.875,2.147532668522463
2025-12-04,49,466555.0,568233.0,-101678.0,101678.0,21.7933576963059
2025-12-04,22,1021430.0,849605.56,171824.4375,171824.4375,16.82194937489598
2025-12-04,64,1226634.0,980836.2,245797.8125,245797.8125,20.0383987807284
2025-12-04,50,408473.0,525182.2,-116709.1875,116709.1875,28.57206902292195
2025-12-04,61,851322.0,564150.44,287171.5625,287171.5625,33.73242586236465
2025-12-04,76,993314.0,880247.4,113066.625,113066.625,11.382767684740173
2025-12-04,53,810774.0,808274.25,2499.75,2499.75,0.3083164975689896
2025-12-04,32,552550.0,806357.75,-253807.75,253807.75,45.93389738485205
2025-12-04,68,640600.0,861352.8,-220752.8125,220752.8125,34.46032040274743
2025-12-04,21,348007.0,611172.9,-263165.875,263165.875,75.62085676437543
2025-12-04,7,490220.0,493183.75,-2963.75,2963.75,0.6045754967157603
2025-12-04,33,399820.0,512523.0,-112703.0,112703.0,28.188434795658047
2025-12-04,8,526594.0,486474.62,40119.375,40119.375,7.618654029480017
2025-12-04,56,580802.0,629161.4,-48359.375,48359.375,8.32630999893251
2025-12-04,60,682279.0,606028.4,76250.625,76250.625,11.175871600913997
2025-12-04,86,1345554.0,873037.0,472517.0,472517.0,35.11691095266337
2025-12-04,42,1214363.0,868689.75,345673.25,345673.25,28.465397084726725
2025-12-04,14,625347.0,841291.06,-215944.0625,215944.0625,34.531877901389144
2025-12-04,67,595345.0,602086.2,-6741.1875,6741.1875,1.1323161360219705
2025-12-04,59,371519.0,570344.5,-198825.5,198825.5,53.51691299772017
2025-12-04,48,937960.0,810145.7,127814.3125,127814.3125,13.626840430295534
2025-12-04,5,561848.0,841557.25,-279709.25,279709.25,49.78379383747917
2025-12-04,41,873655.0,896117.06,-22462.0625,22462.0625,2.571044920477763
2025-12-04,94,897538.0,879089.56,18448.4375,18448.4375,2.0554491843242295
2025-12-04,98,895023.0,966485.06,-71462.0625,71462.0625,7.984382803570411
2025-12-04,99,712800.0,595492.44,117307.5625,117307.5625,16.45728991301908
2025-12-04,26,724437.0,567295.2,157141.8125,157141.8125,21.69157739044251
2025-12-04,74,711292.0,509903.28,201388.71875,201388.71875,28.313086432857393
2025-12-04,45,878704.0,536362.06,342341.9375,342341.9375,38.95987016105537
2025-12-04,16,1014824.0,851598.75,163225.25,163225.25,16.084094384839144
2025-12-04,95,594423.0,509418.9,85004.09375,85004.09375,14.300269967682947
2025-12-04,93,462072.0,611847.44,-149775.4375,149775.4375,32.413874352914696
2025-12-04,18,647731.0,517093.47,130637.53125,130637.53125,20.16848525854097
2025-12-04,89,411157.0,500774.12,-89617.125,89617.125,21.796327193748375
2025-12-04,55,904569.0,1005980.7,-101411.6875,101411.6875,11.211050511348498
2025-12-04,92,720522.0,560911.44,159610.5625,159610.5625,22.152073427320747
2025-12-04,9,610578.0,827213.0,-216635.0,216635.0,35.48031537330202
2025-12-04,72,690466.0,822154.56,-131688.5625,131688.5625,19.07241812051571
2025-12-04,23,935328.0,566560.25,368767.75,368767.75,39.42657014437716
2025-12-04,91,607353.0,860239.3,-252886.3125,252886.3125,41.63745177845503
2025-12-04,51,803977.0,851702.44,-47725.4375,47725.4375,5.936169504849019
2025-12-04,34,809259.0,640737.75,168521.25,168521.25,20.824142826956514
2025-12-04,87,850459.0,960645.1,-110186.125,110186.125,12.956077247698008
2025-12-04,62,749132.0,885616.3,-136484.3125,136484.3125,18.218993782137193
2025-12-04,58,934136.0,821048.0,113088.0,113088.0,12.106160130858889
2025-12-04,24,960051.0,623088.3,336962.6875,336962.6875,35.098415344601484
2025-12-04,65,1186118.0,899749.94,286368.0625,286368.0625,24.14330298503184
2025-12-04,44,1171177.0,939145.2,232031.8125,232031.8125,19.811848465261868
2025-12-04,63,583550.0,595319.7,-11769.6875,11769.6875,2.016911575700454
2025-12-04,38,764976.0,1124113.2,-359137.25,359137.25,46.94751861496309
2025-12-04,85,723260.0,615992.56,107267.4375,107267.4375,14.831103268534138
2025-12-04,96,734488.0,805077.1,-70589.125,70589.125,9.610657355872391
2025-12-04,73,950404.0,948330.6,2073.375,2073.375,0.2181572257692518
2025-12-04,90,976624.0,926556.5,50067.5,50067.5,5.126589147921821
2025-12-04,46,1116593.0,827546.5,289046.5,289046.5,25.8864689282487
2025-12-04,71,376533.0,512905.44,-136372.4375,136372.4375,36.21792445814842
2025-12-04,12,721258.0,629708.06,91549.9375,91549.9375,12.693091445779459
2025-12-04,36,657715.0,862489.9,-204774.875,204774.875,31.134286887177577
2025-12-04,88,648602.0,617059.9,31542.125,31542.125,4.8630940083441
2025-12-04,4,551488.0,906109.06,-354621.0625,354621.0625,64.30258908625392
2025-12-04,35,630032.0,906777.6,-276745.625,276745.625,43.92564584021129
2025-12-04,17,455271.0,622734.44,-167463.4375,167463.4375,36.78324283778233
2025-12-04,77,707614.0,761387.44,-53773.4375,53773.4375,7.599261391097406
2025-12-04,6,1017658.0,920398.9,97259.125,97259.125,9.55715230460528
2025-12-04,52,591608.0,545922.0,45686.0,45686.0,7.722343173182241
2025-12-04,79,580009.0,609971.0,-29962.0,29962.0,5.165781910280702
2025-12-04,10,618971.0,586914.5,32056.5,32056.5,5.178998692992079
2025-12-04,25,524147.0,546337.7,-22190.6875,22190.6875,4.233676335073939
2025-12-04,19,417077.0,773992.8,-356915.8125,356915.8125,85.57552022767977
2025-12-04,78,360248.0,569009.06,-208761.0625,208761.0625,57.94926342408563
2025-12-04,28,403980.0,505244.9,-101264.90625,101264.90625,25.066811785236894
2025-12-04,30,737122.0,577847.06,159274.9375,159274.9375,21.60767654472394
2025-12-04,57,898746.0,841615.8,57130.1875,57130.1875,6.356655551179087
2025-12-04,69,659401.0,591464.56,67936.4375,67936.4375,10.302750147482337
2025-12-04,82,753065.0,551119.44,201945.5625,201945.5625,26.816484964777278
2025-12-04,20,581781.0,601048.06,-19267.0625,19267.0625,3.3117380079445704
2025-12-04,31,693133.0,554121.7,139011.3125,139011.3125,20.055503417093114
2025-12-04,40,571378.0,522969.78,48408.21875,48408.21875,8.472188069894186
2025-12-04,13,300106.0,620936.5,-320830.5,320830.5,106.9057266432527
2025-12-04,3,669566.0,495835.47,173730.53125,173730.53125,25.94673732686546
2025-12-04,2,910854.0,858806.8,52047.1875,52047.1875,5.714108682620925
2025-12-04,27,517318.0,492010.38,25307.625,25307.625,4.89208281946501
2025-12-04,47,635821.0,529327.25,106493.75,106493.75,16.7490142665939
2025-12-04,70,720958.0,617906.4,103051.625,103051.625,14.293707123022422
2025-12-04,75,874262.0,835563.8,38698.1875,38698.1875,4.426383338175512
2025-12-04,84,814738.0,769376.9,45361.125,45361.125,5.567572029290398
2025-12-05,46,689549.0,985730.94,-296181.9375,296181.9375,42.95299355085716
2025-12-05,8,718410.0,581442.56,136967.4375,136967.4375,19.065357873637616
2025-12-05,1,737796.0,735969.1,1826.875,1826.875,0.24761248366757205
2025-12-05,50,590004.0,590087.3,-83.3125,83.3125,0.01412066697852896
2025-12-05,7,843810.0,578605.8,265204.1875,265204.1875,31.429372429812396
2025-12-05,21,650783.0,721733.6,-70950.625,70950.625,10.902347633542977
2025-12-05,71,629955.0,585776.06,44178.9375,44178.9375,7.013030692668525
2025-12-05,17,662378.0,696154.75,-33776.75,33776.75,5.099316402416747
2025-12-05,52,585970.0,669831.8,-83861.8125,83861.8125,14.31162218202297
2025-12-05,79,497712.0,707174.94,-209462.9375,209462.9375,42.08516923441669
2025-12-05,31,848577.0,673799.1,174777.875,174777.875,20.596584045997005
2025-12-05,86,998580.0,1040131.56,-41551.5625,41551.5625,4.16106496224639
2025-12-05,61,761415.0,688826.44,72588.5625,72588.5625,9.533377002029116
2025-12-05,6,871442.0,1060355.9,-188913.875,188913.875,21.678307334280422
2025-12-05,5,769949.0,963510.0,-193561.0,193561.0,25.13945728872951
2025-12-05,64,1036189.0,1164917.2,-128728.25,128728.25,12.423240354800138
2025-12-05,82,414146.0,681045.7,-266899.6875,266899.6875,64.44579628923134
2025-12-05,40,640611.0,575593.56,65017.4375,65017.4375,10.149285213647596
2025-12-05,54,679154.0,946226.4,-267072.375,267072.375,39.32427328706008
2025-12-05,91,1227188.0,1023938.8,203249.1875,203249.1875,16.562188311815305
2025-12-05,9,1204927.0,995496.2,209430.8125,209430.8125,17.381203384105426
2025-12-05,20,582339.0,751661.8,-169322.8125,169322.8125,29.076330539428064
2025-12-05,24,784302.0,742740.94,41561.0625,41561.0625,5.299114690514624
2025-12-05,98,1727733.0,1113830.0,613903.0,613903.0,35.53228421289632
2025-12-05,99,1055395.0,705658.3,349736.6875,349736.6875,33.13798980476504
2025-12-05,62,1310822.0,1104212.2,206609.75,206609.75,15.761846383414376
2025-12-05,15,977683.0,1050205.2,-72522.25,72522.25,7.417767313127056
2025-12-05,59,494041.0,660274.6,-166233.625,166233.625,33.6477387504276
2025-12-05,11,635367.0,963917.7,-328550.6875,328550.6875,51.71037959163759
2025-12-05,65,470683.0,1038697.25,-568014.25,568014.25,120.67872644646185
2025-12-05,43,459860.0,663880.2,-204020.1875,204020.1875,44.36571728352107
2025-12-05,55,814247.0,1069178.8,-254931.75,254931.75,31.308896440514978
2025-12-05,42,1011819.0,1086720.5,-74901.5,74901.5,7.40265798527207
2025-12-05,32,915649.0,977201.4,-61552.375,61552.375,6.722267484592895
2025-12-05,28,814183.0,604584.8,209598.1875,209598.1875,25.743375567900586
2025-12-05,47,397072.0,663651.2,-266579.1875,266579.1875,67.13623410867551
2025-12-05,13,708393.0,730010.06,-21617.0625,21617.0625,3.0515635388830775
2025-12-05,38,1295977.0,1149056.1,146920.875,146920.875,11.3366884597489
2025-12-05,100,757102.0,1061275.9,-304173.875,304173.875,40.17607601089417
2025-12-05,34,987304.0,785576.1,201727.875,201727.875,20.432194643189938
2025-12-05,3,624261.0,590600.8,33660.1875,33660.1875,5.392005507311846
2025-12-05,10,529611.0,736643.6,-207032.625,207032.625,39.09145108390876
2025-12-05,30,767307.0,657257.75,110049.25,110049.25,14.342271085758373
2025-12-05,57,802095.0,1005650.56,-203555.5625,203555.5625,25.3779867098037
2025-12-05,25,606780.0,651957.3,-45177.3125,45177.3125,7.445418850324664
2025-12-05,19,1110201.0,962465.25,147735.75,147735.75,13.307117359829437
2025-12-05,69,583814.0,683016.56,-99202.5625,99202.5625,16.992152038149136
2025-12-05,2,860660.0,941660.06,-81000.0625,81000.0625,9.411389224548602
2025-12-05,78,658582.0,692609.6,-34027.625,34027.625,5.166801552426273
2025-12-05,63,749429.0,732155.75,17273.25,17273.25,2.3048547627593807
2025-12-05,75,1289149.0,1023604.7,265544.3125,265544.3125,20.598418995787142
2025-12-05,23,632963.0,697775.2,-64812.1875,64812.1875,10.239490696928573
2025-12-05,35,1047640.0,990503.5,57136.5,57136.5,5.4538295597724415
2025-12-05,4,1600136.0,985866.0,614270.0,614270.0,38.38861196798272
2025-12-05,88,677922.0,759811.5,-81889.5,81889.5,12.079487020630692
2025-12-05,12,874573.0,767988.3,106584.6875,106584.6875,12.187054425416747
2025-12-05,77,619677.0,954020.9,-334343.875,334343.875,53.954540026497675
2025-12-05,90,1446132.0,1025668.4,420463.625,420463.625,29.07505158588566
2025-12-05,96,1240186.0,977617.3,262568.6875,262568.6875,21.17171839546649
2025-12-05,85,594184.0,721657.1,-127473.125,127473.125,21.45347653252191
2025-12-05,73,1386888.0,1046370.4,340517.625,340517.625,24.552640516033016
2025-12-05,44,1148978.0,1021250.94,127727.0625,127727.0625,11.116580343574899
2025-12-05,58,989833.0,990954.06,-1121.0625,1121.0625,0.11325774145739735
2025-12-05,87,937082.0,1099371.6,-162289.625,162289.625,17.318615126531085
2025-12-05,72,727617.0,1027619.06,-300002.0625,300002.0625,41.23076597990426
2025-12-05,51,895010.0,1021562.75,-126552.75,126552.75,14.139814080289606
2025-12-05,92,849418.0,682313.0,167105.0,167105.0,19.672881902667473
2025-12-05,76,1118952.0,1029023.75,89928.25,89928.25,8.036828210682852
2025-12-05,27,594831.0,589088.56,5742.4375,5742.4375,0.9653897493573805
2025-12-05,16,1045219.0,1049065.8,-3846.75,3846.75,0.36803291941688776
2025-12-05,89,443576.0,565788.06,-122212.0625,122212.0625,27.551549790791206
2025-12-05,68,1286327.0,1148470.2,137856.75,137856.75,10.71708438056575
2025-12-05,53,730844.0,944752.0,-213908.0,213908.0,29.268626410013628
2025-12-05,33,620051.0,598818.2,21232.8125,21232.8125,3.4243654957414793
2025-12-05,36,1664274.0,998515.25,665758.75,665758.75,40.00295323967087
2025-12-05,56,977152.0,716887.94,260264.0625,260264.0625,26.634961858544017
2025-12-05,60,622806.0,711668.5,-88862.5,88862.5,14.268086691521919
2025-12-05,67,845646.0,738594.2,107051.8125,107051.8125,12.659175647966169
2025-12-05,18,474985.0,610314.8,-135329.8125,135329.8125,28.49138657010221
2025-12-05,48,1363588.0,960323.8,403264.1875,403264.1875,29.573755965878256
2025-12-05,41,779104.0,1101494.1,-322390.125,322390.125,41.37960079783957
2025-12-05,94,1151474.0,1066025.2,85448.75,85448.75,7.420814538582721
2025-12-05,93,651202.0,741219.44,-90017.4375,90017.4375,13.82327411463724
2025-12-05,84,608162.0,971912.06,-363750.0625,363750.0625,59.81137632736014
2025-12-05,97,1077984.0,952529.6,125454.375,125454.375,11.637869857066525
2025-12-05,45,948456.0,668013.7,280442.3125,280442.3125,29.568299689179046
2025-12-05,74,596177.0,597946.9,-1769.875,1769.875,0.29687072798850006
2025-12-05,95,544670.0,595526.2,-50856.1875,50856.1875,9.337064185653698
2025-12-05,26,673802.0,656800.9,17001.125,17001.125,2.5231633328485223
2025-12-05,14,865550.0,1008397.1,-142847.125,142847.125,16.503624862804
2025-12-05,22,1369439.0,1047092.6,322346.375,322346.375,23.538571268964883
2025-12-05,39,1014310.0,1058993.9,-44683.875,44683.875,4.405346984649664
2025-12-05,66,1083108.0,934281.6,148826.375,148826.375,13.740677291645891
2025-12-05,83,815222.0,1019177.4,-203955.375,203955.375,25.018384562732603
2025-12-05,81,762477.0,972188.0,-209711.0,209711.0,27.503911593398882
2025-12-05,29,743711.0,659190.0,84521.0,84521.0,11.36476400107031
2025-12-05,70,990107.0,729477.56,260629.4375,260629.4375,26.32336075797868
2025-12-05,49,537604.0,691528.75,-153924.75,153924.75,28.631622904591485
2025-12-05,37,945127.0,1092495.4,-147368.375,147368.375,15.59244154489291
2025-12-05,80,863108.0,1155515.5,-292407.5,292407.5,33.87843699745571
2025-12-06,27,934776.0,599369.9,335406.125,335406.125,35.88090890223968
2025-12-06,77,1199214.0,1040778.2,158435.8125,158435.8125,13.211637997888618
2025-12-06,60,706172.0,731197.44,-25025.4375,25025.4375,3.5438161665996386
2025-12-06,5,960902.0,953765.4,7136.625,7136.625,0.7427006083867033
2025-12-06,21,584119.0,726069.5,-141950.5,141950.5,24.301640590359156
2025-12-06,44,1104636.0,1065447.5,39188.5,39188.5,3.5476392223320623
2025-12-06,3,600374.0,580299.0,20075.0,20075.0,3.3437490630840108
2025-12-06,93,614252.0,746005.94,-131753.9375,131753.9375,21.449492634944615
2025-12-06,49,861948.0,691824.5,170123.5,170123.5,19.737095509241858
2025-12-06,24,837945.0,757606.7,80338.3125,80338.3125,9.587540053344789
2025-12-06,35,1140455.0,983633.3,156821.6875,156821.6875,13.75080011925065
2025-12-06,71,321071.0,621422.25,-300351.25,300351.25,93.54667659178189
2025-12-06,14,1677388.0,1076936.5,600451.5,600451.5,35.79681624048819
2025-12-06,22,996456.0,1180300.9,-183844.875,183844.875,18.4498738529348
2025-12-06,39,1503461.0,1102717.1,400743.875,400743.875,26.654756924190252
2025-12-06,37,916391.0,1132735.4,-216344.375,216344.375,23.60830420639225
2025-12-06,80,1767901.0,1100086.9,667814.125,667814.125,37.77440733389483
2025-12-06,81,1047267.0,981277.1,65989.875,65989.875,6.301150995877842
2025-12-06,89,672618.0,600899.56,71718.4375,71718.4375,10.662580766497477
2025-12-06,2,933346.0,881134.75,52211.25,52211.25,5.593986581610679
2025-12-06,57,1029254.0,1072282.4,-43028.375,43028.375,4.180539983327731
2025-12-06,34,1100653.0,949561.2,151091.8125,151091.8125,13.7274701926947
2025-12-06,38,1115280.0,1134793.2,-19513.25,19513.25,1.7496278961337062
2025-12-06,13,661615.0,728720.75,-67105.75,67105.75,10.142718952865337
2025-12-06,47,540024.0,655217.94,-115193.9375,115193.9375,21.331262592032946
2025-12-06,28,809408.0,599748.25,209659.75,209659.75,25.902851219656835
2025-12-06,63,844890.0,754254.56,90635.4375,90635.4375,10.727483755281753
2025-12-06,75,1544234.0,1008870.25,535363.75,535363.75,34.668563831647276
2025-12-06,23,689979.0,717369.2,-27390.1875,27390.1875,3.969713208662872
2025-12-06,87,1072297.0,1094372.0,-22075.0,22075.0,2.0586647169580816
2025-12-06,100,1122905.0,1060987.2,61917.75,61917.75,5.514068420747971
2025-12-06,58,1364135.0,971384.6,392750.375,392750.375,28.791166196894004
2025-12-06,73,1259489.0,1048971.4,210517.625,210517.625,16.71452668502861
2025-12-06,85,538364.0,729269.75,-190905.75,190905.75,35.46034838882243
2025-12-06,12,620491.0,734804.75,-114313.75,114313.75,18.423111697027032
2025-12-06,90,1378804.0,1060934.8,317869.25,317869.25,23.053983742431846
2025-12-06,88,597654.0,752938.2,-155284.1875,155284.1875,25.98228866534818
2025-12-06,95,618028.0,585115.7,32912.3125,32912.3125,5.325375630230345
2025-12-06,16,1207438.0,1069902.9,137535.125,137535.125,11.390657325676349
2025-12-06,97,1023390.0,1023926.5,-536.5,536.5,0.052423807150744094
2025-12-06,48,1126603.0,960548.1,166054.875,166054.875,14.739431281471823
2025-12-06,65,1066859.0,1176689.6,-109830.625,109830.625,10.294764818968579
2025-12-06,46,751495.0,1024542.9,-273047.875,273047.875,36.33395764442877
2025-12-06,62,939000.0,1058353.4,-119353.375,119353.375,12.710689563365282
2025-12-06,54,999898.0,991466.94,8431.0625,8431.0625,0.8431922556100723
2025-12-06,82,814327.0,665163.25,149163.75,149163.75,18.31742653749661
2025-12-06,79,705766.0,735331.75,-29565.75,29565.75,4.189171765145955
2025-12-06,55,1003466.0,1093918.0,-90452.0,90452.0,9.0139576228791
2025-12-06,6,979292.0,1034587.94,-55295.9375,55295.9375,5.64652192604453
2025-12-06,1,590546.0,717443.9,-126897.875,126897.875,21.488228690059707
2025-12-06,11,903208.0,961517.6,-58309.625,58309.625,6.455835754333443
2025-12-06,15,871447.0,1124118.8,-252671.75,252671.75,28.994505689961635
2025-12-06,64,1333045.0,1255383.5,77661.5,77661.5,5.8258723448945835
2025-12-06,99,604974.0,724279.8,-119305.8125,119305.8125,19.72081651442872
2025-12-06,59,727439.0,656201.5,71237.5,71237.5,9.792917344272166
2025-12-06,29,765899.0,668170.7,97728.3125,97728.3125,12.75994778684918
2025-12-06,8,460911.0,606237.2,-145326.1875,145326.1875,31.530205939975396
2025-12-06,7,680830.0,601268.5,79561.5,79561.5,11.685956846789948
2025-12-06,69,547465.0,670845.3,-123380.3125,123380.3125,22.53665759454942
2025-12-06,76,1354450.0,1109287.0,245163.0,245163.0,18.100557421831738
2025-12-06,32,624640.0,949350.25,-324710.25,324710.25,51.98358254354508
2025-12-06,68,731479.0,1065125.4,-333646.375,333646.375,45.61257055910012
2025-12-06,33,376090.0,599756.5,-223666.5,223666.5,59.471536068494245
2025-12-06,42,1275257.0,1116499.1,158757.875,158757.875,12.449088693494723
2025-12-06,56,651756.0,747478.44,-95722.4375,95722.4375,14.686851751268879
2025-12-06,41,915779.0,1075477.9,-159698.875,159698.875,17.43858234355669
2025-12-06,94,966051.0,1002108.56,-36057.5625,36057.5625,3.7324698696031575
2025-12-06,36,903888.0,953196.9,-49308.875,49308.875,5.455197435965518
2025-12-06,91,1593553.0,964415.1,629137.875,629137.875,39.480197709144285
2025-12-06,20,589846.0,729472.5,-139626.5,139626.5,23.67168718614689
2025-12-06,45,708340.0,734916.2,-26576.1875,26576.1875,3.751897040969026
2025-12-06,25,700962.0,668952.5,32009.5,32009.5,4.566510024794497
2025-12-06,70,739766.0,711666.94,28099.0625,28099.0625,3.7983717148395573
2025-12-06,74,805247.0,600668.06,204578.9375,204578.9375,25.405737307931602
2025-12-06,72,898342.0,962578.8,-64236.8125,64236.8125,7.150596599068061
2025-12-06,61,783603.0,752096.06,31506.9375,31506.9375,4.020778059808347
2025-12-06,43,823425.0,662809.94,160615.0625,160615.0625,19.505730637277228
2025-12-06,10,461870.0,742511.0,-280641.0,280641.0,60.76190269989391
2025-12-06,51,991591.0,1006612.6,-15021.625,15021.625,1.5149013050743703
2025-12-06,92,728048.0,685565.75,42482.25,42482.25,5.835089169944839
2025-12-06,52,430735.0,668021.1,-237286.125,237286.125,55.088656598604715
2025-12-06,18,432335.0,610781.1,-178446.125,178446.125,41.27496617206564
2025-12-06,17,680929.0,764353.9,-83424.875,83424.875,12.25162608730132
2025-12-06,86,760590.0,1102380.1,-341790.125,341790.125,44.937499178269505
2025-12-06,67,797885.0,753285.44,44599.5625,44599.5625,5.589723143059463
2025-12-06,98,1070613.0,1143399.2,-72786.25,72786.25,6.798558395984357
2025-12-06,26,769699.0,671628.0,98071.0,98071.0,12.74147426461513
2025-12-06,19,1154378.0,931387.25,222990.75,222990.75,19.31696116869864
2025-12-06,84,1299956.0,987312.3,312643.6875,312643.6875,24.05032843419316
2025-12-06,31,707578.0,682988.3,24589.6875,24589.6875,3.4751910743409207
2025-12-06,4,971012.0,927346.56,43665.4375,43665.4375,4.496899883832538
2025-12-06,83,1028248.0,1103444.9,-75196.875,75196.875,7.313106857489633
2025-12-06,40,726189.0,582489.75,143699.25,143699.25,19.788133667681553
2025-12-06,53,960700.0,963616.0,-2916.0,2916.0,0.30352867700634956
2025-12-06,30,925463.0,671809.5,253653.5,253653.5,27.40828104419085
2025-12-06,66,840250.0,1042685.5,-202435.5,202435.5,24.092293960130913
2025-12-06,78,634673.0,689031.5,-54358.5,54358.5,8.564804237772837
2025-12-06,96,903214.0,1023994.7,-120780.6875,120780.6875,13.37232233999916
2025-12-06,9,821577.0,968799.1,-147222.125,147222.125,17.919455510560788
2025-12-06,50,654276.0,635904.06,18371.9375,18371.9375,2.8079797363803656
2025-12-07,37,820707.0,706165.4,114541.625,114541.625,13.956457663940968
2025-12-07,41,581722.0,692402.4,-110680.375,110680.375,19.026334744087382
2025-12-07,67,415194.0,487723.25,-72529.25,72529.25,17.468761590967112
2025-12-07,48,617418.0,683196.9,-65778.875,65778.875,10.653864156859697
2025-12-07,14,572269.0,647298.44,-75029.4375,75029.4375,13.110868752282581
2025-12-07,24,348767.0,440345.44,-91578.4375,91578.4375,26.25777023055507
2025-12-07,95,301647.0,413442.16,-111795.15625,111795.15625,37.06158398724337
2025-12-07,31,431671.0,455749.3,-24078.3125,24078.3125,5.577931457058733
2025-12-07,56,463940.0,512675.78,-48735.78125,48735.78125,10.50475950553951
2025-12-07,18,391121.0,383208.28,7912.71875,7912.71875,2.023087164841571
2025-12-07,74,354726.0,419140.47,-64414.46875,64414.46875,18.158936404436098
2025-12-07,5,568766.0,622393.4,-53627.375,53627.375,9.428723763375448
2025-12-07,22,747453.0,810698.3,-63245.3125,63245.3125,8.461443395103103
2025-12-07,26,468410.0,437807.2,30602.8125,30602.8125,6.533338848444739
2025-12-07,35,856628.0,712153.44,144474.5625,144474.5625,16.86549616636393
2025-12-07,43,507298.0,445605.44,61692.5625,61692.5625,12.161010392313788
2025-12-07,39,468095.0,741091.2,-272996.1875,272996.1875,58.320680096988866
2025-12-07,97,546253.0,723369.56,-177116.5625,177116.5625,32.423906596393984
2025-12-07,94,550509.0,681122.06,-130613.0625,130613.0625,23.72587232906274
2025-12-07,76,644866.0,687072.2,-42206.1875,42206.1875,6.544954688260816
2025-12-07,68,648491.0,667784.25,-19293.25,19293.25,2.9750991147140056
2025-12-07,98,779051.0,603532.8,175518.1875,175518.1875,22.529742917986116
2025-12-07,55,827753.0,746499.94,81253.0625,81253.0625,9.816100032256
2025-12-07,50,290256.0,374119.75,-83863.75,83863.75,28.893028912408358
2025-12-07,91,855910.0,605850.1,250059.875,250059.875,29.215673961047305
2025-12-07,64,947234.0,789167.0,158067.0,158067.0,16.687217730782468
2025-12-07,8,655734.0,407711.62,248022.375,248022.375,37.823625890986285
2025-12-07,99,460359.0,488630.78,-28271.78125,28271.78125,6.141246559750108
2025-12-07,15,463510.0,736305.7,-272795.6875,272795.6875,58.85432622812884
2025-12-07,11,761841.0,658776.94,103064.0625,103064.0625,13.528290351923827
2025-12-07,86,537098.0,680468.6,-143370.625,143370.625,26.693568957620396
2025-12-07,6,815256.0,742351.94,72904.0625,72904.0625,8.942474817725966
2025-12-07,79,521725.0,474737.97,46987.03125,46987.03125,9.006091571230055
2025-12-07,40,181440.0,391705.78,-210265.78125,210265.78125,115.88722511574075
2025-12-07,20,464784.0,465868.34,-1084.34375,1084.34375,0.23330057618162417
2025-12-07,82,457587.0,442689.78,14897.21875,14897.21875,3.2556035792100735
2025-12-07,59,549197.0,422793.34,126403.65625,126403.65625,23.016086440748946
2025-12-07,54,599846.0,615941.44,-16095.4375,16095.4375,2.6832616204825905
2025-12-07,61,310795.0,463644.56,-152849.5625,152849.5625,49.18018710082209
2025-12-07,42,612728.0,692083.06,-79355.0625,79355.0625,12.951107587706126
2025-12-07,33,325157.0,383098.72,-57941.71875,57941.71875,17.819612910071132
2025-12-07,16,652205.0,766126.06,-113921.0625,113921.0625,17.467063653299192
2025-12-07,45,596018.0,468306.84,127711.15625,127711.15625,21.427399214453256
2025-12-07,32,627792.0,635404.3,-7612.3125,7612.3125,1.2125532819787446
2025-12-07,71,312240.0,381079.0,-68839.0,68839.0,22.046822956699973
2025-12-07,17,294987.0,442008.8,-147021.8125,147021.8125,49.84009888571361
2025-12-07,7,347852.0,404771.03,-56919.03125,56919.03125,16.36300244069317
2025-12-07,52,458174.0,437756.97,20417.03125,20417.03125,4.456174128169647
2025-12-07,65,695831.0,753014.1,-57183.125,57183.125,8.217961688973329
2025-12-07,69,478411.0,442594.28,35816.71875,35816.71875,7.486600172236843
2025-12-07,46,767224.0,675183.0,92041.0,92041.0,11.996626799995829
2025-12-07,29,338689.0,434390.28,-95701.28125,95701.28125,28.256388973364942
2025-12-07,1,750674.0,470198.97,280475.03125,280475.03125,37.36309386631214
2025-12-07,62,773993.0,739450.75,34542.25,34542.25,4.462863359229347
2025-12-07,9,929437.0,643829.75,285607.25,285607.25,30.729059635026367
2025-12-07,80,796221.0,787172.2,9048.8125,9048.8125,1.1364699624852899
2025-12-07,90,684675.0,710618.75,-25943.75,25943.75,3.7892065578559166
2025-12-07,49,490445.0,433547.56,56897.4375,56897.4375,11.60118616766406
2025-12-07,85,705612.0,469153.8,236458.1875,236458.1875,33.51107797202996
2025-12-07,4,639623.0,694866.6,-55243.625,55243.625,8.636904082561134
2025-12-07,34,512366.0,598696.0,-86330.0,86330.0,16.849283519983764
2025-12-07,23,695419.0,477724.75,217694.25,217694.25,31.304041160796586
2025-12-07,72,743810.0,638570.6,105239.375,105239.375,14.148690525806321
2025-12-07,44,715400.0,714646.4,753.625,753.625,0.10534316466312553
2025-12-07,13,579811.0,494759.94,85051.0625,85051.0625,14.668756284375425
2025-12-07,47,385012.0,439158.53,-54146.53125,54146.53125,14.063595745067687
2025-12-07,89,362402.0,401534.1,-39132.09375,39132.09375,10.79797952273994
2025-12-07,73,763695.0,737091.06,26603.9375,26603.9375,3.4835814690419604
2025-12-07,27,240873.0,386219.28,-145346.28125,145346.28125,60.34145846566447
2025-12-07,28,383878.0,440110.56,-56232.5625,56232.5625,14.648550450924514
2025-12-07,58,497138.0,694961.06,-197823.0625,197823.0625,39.79238410662633
2025-12-07,63,427736.0,477857.6,-50121.59375,50121.59375,11.717880596910243
2025-12-07,30,374668.0,436200.1,-61532.09375,61532.09375,16.423098249650355
2025-12-07,75,569547.0,633707.75,-64160.75,64160.75,11.265224819022837
2025-12-07,87,702356.0,664176.4,38179.625,38179.625,5.435936334280622
2025-12-07,92,311957.0,453848.88,-141891.875,141891.875,45.484433752087625
2025-12-07,83,760914.0,673819.0,87095.0,87095.0,11.44610297615762
2025-12-07,51,589209.0,708541.4,-119332.375,119332.375,20.252978993871444
2025-12-07,10,296316.0,449697.75,-153381.75,153381.75,51.762898392256915
2025-12-07,70,512020.0,510972.2,1047.8125,1047.8125,0.204642885043553
2025-12-07,96,809938.0,594270.1,215667.875,215667.875,26.627701750010495
2025-12-07,38,554454.0,748115.5,-193661.5,193661.5,34.92832588456392
2025-12-07,3,246056.0,401335.7,-155279.6875,155279.6875,63.10745826153396
2025-12-07,66,514094.0,703232.06,-189138.0625,189138.0625,36.79056018938171
2025-12-07,84,581145.0,655097.8,-73952.8125,73952.8125,12.725363291433291
2025-12-07,57,541747.0,586999.3,-45252.3125,45252.3125,8.353034257688552
2025-12-07,12,419421.0,496639.88,-77218.875,77218.875,18.41082706874477
2025-12-07,2,568707.0,652726.8,-84019.8125,84019.8125,14.773831252296876
2025-12-07,81,601829.0,634476.5,-32647.5,32647.5,5.4247136645126774
2025-12-07,88,461213.0,480929.4,-19716.40625,19716.40625,4.274902539607513
2025-12-07,19,438450.0,676072.2,-237622.1875,237622.1875,54.19596020070704
2025-12-07,78,376470.0,456218.22,-79748.21875,79748.21875,21.183153704146413
2025-12-07,100,640099.0,715825.0,-75726.0,75726.0,11.830357491575521
2025-12-07,93,487402.0,489962.38,-2560.375,2560.375,0.5253107291311895
2025-12-07,36,701566.0,660725.44,40840.5625,40840.5625,5.821342895750364
2025-12-07,60,456855.0,482704.5,-25849.5,25849.5,5.658140985651903
2025-12-07,25,450038.0,437845.6,12192.40625,12192.40625,2.7091948346584065
2025-12-07,21,390595.0,470123.44,-79528.4375,79528.4375,20.36084371279714
2025-12-07,77,468883.0,644008.1,-175125.125,175125.125,37.34942938856815
2025-12-07,53,681530.0,659763.56,21766.4375,21766.4375,3.1937607295350166
2025-12-08,51,974309.0,644520.7,329788.3125,329788.3125,33.848431298489494
2025-12-08,87,551459.0,706532.6,-155073.625,155073.625,28.12060824104784
2025-12-08,61,472555.0,445086.03,27468.96875,27468.96875,5.8128617303805905
2025-12-08,98,483435.0,747151.7,-263716.6875,263716.6875,54.55059883955444
2025-12-08,88,455827.0,466710.66,-10883.65625,10883.65625,2.3876725709534536
2025-12-08,1,430912.0,481294.25,-50382.25,50382.25,11.692004399970296
2025-12-08,29,431236.0,415119.06,16116.9375,16116.9375,3.7373821990742884
2025-12-08,73,666435.0,667525.2,-1090.1875,1090.1875,0.16358497077734513
2025-12-08,11,331387.0,635815.56,-304428.5625,304428.5625,91.86496829990314
2025-12-08,96,663966.0,555520.5,108445.5,108445.5,16.33298994225608
2025-12-08,59,477048.0,428022.88,49025.125,49025.125,10.276769842866965
2025-12-08,12,336990.0,496816.6,-159826.59375,159826.59375,47.42769629662602
2025-12-08,55,680323.0,705328.5,-25005.5,25005.5,3.6755335333363712
2025-12-08,50,320362.0,379167.88,-58805.875,58805.875,18.356070632596875
2025-12-08,79,358205.0,470241.62,-112036.625,112036.625,31.277236498653004
2025-12-08,78,348166.0,443083.7,-94917.6875,94917.6875,27.262193177966832
2025-12-08,4,561642.0,705246.44,-143604.4375,143604.4375,25.56867853543717
2025-12-08,6,650239.0,715747.7,-65508.6875,65508.6875,10.074555278905141
2025-12-08,85,644049.0,483558.66,160490.34375,160490.34375,24.918964822552322
2025-12-08,64,715558.0,779209.56,-63651.5625,63651.5625,8.89537430928031
2025-12-08,8,473624.0,385473.2,88150.8125,88150.8125,18.611981761903955
2025-12-08,86,778167.0,654267.7,123899.3125,123899.3125,15.921943811546878
2025-12-08,15,705121.0,740270.94,-35149.9375,35149.9375,4.98495116441008
2025-12-08,99,604404.0,515002.28,89401.71875,89401.71875,14.791715268264275
2025-12-08,58,660400.0,623696.3,36703.6875,36703.6875,5.557796411265899
2025-12-08,30,422207.0,415936.2,6270.8125,6270.8125,1.485245981236692
2025-12-08,100,662969.0,658842.25,4126.75,4126.75,0.6224650021343381
2025-12-08,34,519276.0,627383.1,-108107.125,108107.125,20.818817931119483
2025-12-08,18,494189.0,386554.47,107634.53125,107634.53125,21.780033802856803
2025-12-08,74,293307.0,360704.16,-67397.15625,67397.15625,22.97836609763831
2025-12-08,57,762388.0,604926.25,157461.75,157461.75,20.65375504336375
2025-12-08,94,480301.0,657878.9,-177577.875,177577.875,36.97220597083912
2025-12-08,66,658921.0,663478.94,-4557.9375,4557.9375,0.6917274604998171
2025-12-08,95,495822.0,368618.9,127203.09375,127203.09375,25.65499186199886
2025-12-08,97,687915.0,689242.9,-1327.875,1327.875,0.19302893526089707
2025-12-08,56,393066.0,494095.5,-101029.5,101029.5,25.70293538489719
2025-12-08,35,678552.0,711391.56,-32839.5625,32839.5625,4.83965304059232
2025-12-08,14,597600.0,645012.8,-47412.8125,47412.8125,7.933870900267738
2025-12-08,19,387951.0,635203.25,-247252.25,247252.25,63.73285543792902
2025-12-08,2,700110.0,638957.06,61152.9375,61152.9375,8.734761323220637
2025-12-08,22,766940.0,740785.44,26154.5625,26154.5625,3.410248846063577
2025-12-08,81,587527.0,586025.1,1501.875,1501.875,0.2556265499287692
2025-12-08,37,814715.0,659491.25,155223.75,155223.75,19.05252143387565
2025-12-08,80,712615.0,762301.8,-49686.8125,49686.8125,6.9724623394118845
2025-12-08,38,402263.0,785616.44,-383353.4375,383353.4375,95.29920412764783
2025-12-08,23,563886.0,496178.47,67707.53125,67707.53125,12.007308436457015
2025-12-08,48,700829.0,636379.9,64449.125,64449.125,9.19612701529189
2025-12-08,13,318670.0,484421.72,-165751.71875,165751.71875,52.01359360780745
2025-12-08,69,458948.0,437198.6,21749.40625,21749.40625,4.738969610936315
2025-12-08,52,334708.0,431633.6,-96925.59375,96925.59375,28.95825428433142
2025-12-08,92,354876.0,436341.7,-81465.6875,81465.6875,22.95609945445733
2025-12-08,7,544567.0,390772.0,153795.0,153795.0,28.24170395929243
2025-12-08,75,669872.0,572808.3,97063.6875,97063.6875,14.489885754293358
2025-12-08,36,578165.0,728358.0,-150193.0,150193.0,25.977532365328237
2025-12-08,63,300982.0,489077.7,-188095.6875,188095.6875,62.4939988105601
2025-12-08,45,395284.0,457724.62,-62440.625,62440.625,15.796395755962802
2025-12-08,39,617533.0,718252.5,-100719.5,100719.5,16.30997857604371
2025-12-08,33,446045.0,375661.75,70383.25,70383.25,15.779405665347667
2025-12-08,28,300334.0,333200.88,-32866.875,32866.875,10.943441302017087
2025-12-08,42,651674.0,691242.2,-39568.1875,39568.1875,6.0717763022615605
2025-12-08,89,476956.0,371094.62,105861.375,105861.375,22.195207734046747
2025-12-08,68,740577.0,645185.9,95391.125,95391.125,12.880649142492947
2025-12-08,41,781321.0,675259.1,106061.875,106061.875,13.574686332506102
2025-12-08,67,683886.0,501992.66,181893.34375,181893.34375,26.59702695332263
2025-12-08,47,262166.0,424511.56,-162345.5625,162345.5625,61.924720406154876
2025-12-08,25,680049.0,422209.5,257839.5,257839.5,37.91484143054398
2025-12-08,26,389788.0,465890.0,-76102.0,76102.0,19.523946350323765
2025-12-08,76,459675.0,698667.8,-238992.8125,238992.8125,51.99169250013597
2025-12-08,49,439525.0,436369.62,3155.375,3155.375,0.7179056936465503
2025-12-08,72,430335.0,606473.94,-176138.9375,176138.9375,40.9306557681806
2025-12-08,17,503240.0,478844.72,24395.28125,24395.28125,4.847643519990462
2025-12-08,16,624899.0,716139.1,-91240.125,91240.125,14.600779485964932
2025-12-08,93,632670.0,477964.44,154705.5625,154705.5625,24.452805174893705
2025-12-08,71,413992.0,382181.34,31810.65625,31810.65625,7.683881874528977
2025-12-08,60,492666.0,478117.25,14548.75,14548.75,2.9530655657179508
2025-12-08,20,381014.0,472568.12,-91554.125,91554.125,24.02907111024792
2025-12-08,43,263095.0,432968.62,-169873.625,169873.625,64.56740911077748
2025-12-08,62,490539.0,642926.8,-152387.8125,152387.8125,31.0653816516118
2025-12-08,40,409668.0,347989.06,61678.9375,61678.9375,15.055834846753957
2025-12-08,77,394652.0,574982.56,-180330.5625,180330.5625,45.693563569929964
2025-12-08,24,525445.0,490111.3,35333.6875,35333.6875,6.724526353852449
2025-12-08,84,583937.0,664135.6,-80198.625,80198.625,13.734122859144051
2025-12-08,70,214546.0,480828.3,-266282.3125,266282.3125,124.11432163731789
2025-12-08,82,411337.0,426790.9,-15453.90625,15453.90625,3.7569939611559375
2025-12-08,54,618794.0,626443.2,-7649.1875,7649.1875,1.2361444196291496
2025-12-08,91,473921.0,714792.94,-240871.9375,240871.9375,50.82533534070024
2025-12-08,90,747000.0,679345.9,67654.125,67654.125,9.056777108433735
2025-12-08,46,902989.0,652214.5,250774.5,250774.5,27.77160076147107
2025-12-08,3,514073.0,355477.4,158595.59375,158595.59375,30.850792348557498
2025-12-08,31,563879.0,442948.2,120930.8125,120930.8125,21.44623447583613
2025-12-08,32,359612.0,627953.9,-268341.875,268341.875,74.61983332035639
2025-12-08,10,478258.0,438763.2,39494.8125,39494.8125,8.25805579833479
2025-12-08,65,992507.0,708018.94,284488.0625,284488.0625,28.66358247347374
2025-12-08,83,895180.0,641150.3,254029.6875,254029.6875,28.377498100940592
2025-12-08,21,375286.0,476621.72,-101335.71875,101335.71875,27.002264606193677
2025-12-08,27,353992.0,422682.88,-68690.875,68690.875,19.40464050035029
2025-12-08,44,836166.0,706098.8,130067.1875,130067.1875,15.55518730730501
2025-12-08,5,616837.0,664524.44,-47687.4375,47687.4375,7.730962555748115
2025-12-08,9,667640.0,622136.3,45503.6875,45503.6875,6.81560234557546
2025-12-08,53,647235.0,622411.4,24823.625,24823.625,3.835334152201287
2025-12-09,84,678971.0,633259.8,45711.1875,45711.1875,6.73242119324684
2025-12-09,42,635734.0,661921.7,-26187.6875,26187.6875,4.1192837727728895
2025-12-09,16,635230.0,664113.25,-28883.25,28883.25,4.546896399729232
2025-12-09,36,741045.0,700108.4,40936.625,40936.625,5.524175319987315
2025-12-09,33,304554.0,379526.38,-74972.375,74972.375,24.61710402752878
2025-12-09,71,347681.0,397295.1,-49614.09375,49614.09375,14.270004328680603
2025-12-09,45,637604.0,458510.53,179093.46875,179093.46875,28.088510854699784
2025-12-09,23,576538.0,493524.62,83013.375,83013.375,14.398595582598197
2025-12-09,100,552949.0,665620.9,-112671.875,112671.875,20.376540151080842
2025-12-09,83,672281.0,657539.44,14741.5625,14741.5625,2.1927679794609696
2025-12-09,69,445622.0,441313.84,4308.15625,4308.15625,0.9667736893600405
2025-12-09,75,657103.0,636586.7,20516.3125,20516.3125,3.122236924804787
2025-12-09,52,372782.0,439202.97,-66420.96875,66420.96875,17.817643756941052
2025-12-09,17,519559.0,478517.44,41041.5625,41041.5625,7.899307393385545
2025-12-09,7,403437.0,389587.38,13849.625,13849.625,3.4329089795928485
2025-12-09,49,437278.0,437628.5,-350.5,350.5,0.08015495863043647
2025-12-09,92,306699.0,457570.38,-150871.375,150871.375,49.192000952073535
2025-12-09,76,710537.0,651692.06,58844.9375,58844.9375,8.281755559527513
2025-12-09,27,393027.0,402334.16,-9307.15625,9307.15625,2.368070450630618
2025-12-09,98,784059.0,811553.56,-27494.5625,27494.5625,3.5066956058153784
2025-12-09,89,466534.0,388527.0,78007.0,78007.0,16.72053912469402
2025-12-09,63,614365.0,481179.2,133185.8125,133185.8125,21.67861328363432
2025-12-09,20,384667.0,478560.03,-93893.03125,93893.03125,24.40891244894935
2025-12-09,68,310222.0,676580.3,-366358.3125,366358.3125,118.0955291694335
2025-12-09,65,651367.0,694693.44,-43326.4375,43326.4375,6.651616907212063
2025-12-09,25,480332.0,431985.12,48346.875,48346.875,10.065303789878667
2025-12-09,31,266655.0,441540.22,-174885.21875,174885.21875,65.58482636740356
2025-12-09,93,451997.0,477426.22,-25429.21875,25429.21875,5.625970692283356
2025-12-09,19,743658.0,632134.6,111523.375,111523.375,14.996594536735971
2025-12-09,35,647836.0,663446.94,-15610.9375,15610.9375,2.4097051568606873
2025-12-09,14,544004.0,686396.75,-142392.75,142392.75,26.1749454048132
2025-12-09,21,333003.0,463087.6,-130084.59375,130084.59375,39.064090638823075
2025-12-09,2,667799.0,651268.7,16530.3125,16530.3125,2.475342505753977
2025-12-09,24,553359.0,471727.5,81631.5,81631.5,14.751996443538463
2025-12-09,26,369048.0,437017.44,-67969.4375,67969.4375,18.417505988380913
2025-12-09,22,613900.0,785299.44,-171399.4375,171399.4375,27.919765026877343
2025-12-09,53,663019.0,642306.9,20712.125,20712.125,3.1239112302965677
2025-12-09,80,968780.0,713655.5,255124.5,255124.5,26.33461673444951
2025-12-09,39,849017.0,738070.8,110946.1875,110946.1875,13.067604947839678
2025-12-09,28,386553.0,371932.12,14620.875,14620.875,3.782372662998347
2025-12-09,30,316927.0,451995.88,-135068.875,135068.875,42.61829222502343
2025-12-09,56,482294.0,480375.28,1918.71875,1918.71875,0.39783176858928365
2025-12-09,5,556176.0,626661.9,-70485.875,70485.875,12.67330395414401
2025-12-09,47,416781.0,436965.4,-20184.40625,20184.40625,4.842928600392052
2025-12-09,97,564805.0,688732.5,-123927.5,123927.5,21.941643576101484
2025-12-09,60,475838.0,478593.56,-2755.5625,2755.5625,0.5790967724309534
2025-12-09,41,612270.0,685322.06,-73052.0625,73052.0625,11.93134768974472
2025-12-09,74,333574.0,385343.44,-51769.4375,51769.4375,15.519626079970262
2025-12-09,67,356608.0,464573.3,-107965.3125,107965.3125,30.275628280913498
2025-12-09,13,419663.0,497126.5,-77463.5,77463.5,18.458501225983706
2025-12-09,9,752037.0,654674.0,97363.0,97363.0,12.946570447996574
2025-12-09,37,756084.0,723246.06,32837.9375,32837.9375,4.343159953126901
2025-12-09,81,724542.0,643036.44,81505.5625,81505.5625,11.249252976362998
2025-12-09,95,454893.0,395314.8,59578.1875,59578.1875,13.09718714071221
2025-12-09,48,610694.0,625468.1,-14774.125,14774.125,2.4192353289863666
2025-12-09,18,355815.0,394058.1,-38243.09375,38243.09375,10.748027415932437
2025-12-09,38,798862.0,733437.06,65424.9375,65424.9375,8.189767131244196
2025-12-09,66,854679.0,662356.8,192322.1875,192322.1875,22.502271320577666
2025-12-09,70,610588.0,462595.78,147992.21875,147992.21875,24.2376559562258
2025-12-09,34,529485.0,646125.56,-116640.5625,116640.5625,22.0290588968526
2025-12-09,94,785136.0,685519.75,99616.25,99616.25,12.687770016914268
2025-12-09,57,643196.0,647243.9,-4047.875,4047.875,0.6293377135429947
2025-12-09,82,434619.0,439602.3,-4983.3125,4983.3125,1.146593338073117
2025-12-09,29,515320.0,415406.03,99913.96875,99913.96875,19.388723269036714
2025-12-09,46,833116.0,672588.1,160527.875,160527.875,19.2683701909458
2025-12-09,72,700303.0,606239.5,94063.5,94063.5,13.431828794107695
2025-12-09,54,518589.0,655805.1,-137216.125,137216.125,26.45951321759621
2025-12-09,51,1023838.0,691466.9,332371.125,332371.125,32.46325346392691
2025-12-09,6,683333.0,729493.4,-46160.375,46160.375,6.755180124478109
2025-12-09,50,429775.0,388058.1,41716.90625,41716.90625,9.706685184107963
2025-12-09,96,612167.0,610697.2,1469.8125,1469.8125,0.24009992371362715
2025-12-09,73,648751.0,634376.75,14374.25,14374.25,2.215680592399858
2025-12-09,12,604603.0,485430.0,119173.0,119173.0,19.710950822275112
2025-12-09,55,703141.0,731397.1,-28256.125,28256.125,4.0185574443817105
2025-12-09,62,833554.0,653997.75,179556.25,179556.25,21.541045931037463
2025-12-09,86,655348.0,692944.0,-37596.0,37596.0,5.736799379871457
2025-12-09,32,488404.0,629066.0,-140662.0,140662.0,28.800337425573908
2025-12-09,40,293550.0,378321.78,-84771.78125,84771.78125,28.878140436041562
2025-12-09,58,669351.0,606724.9,62626.125,62626.125,9.356245826180883
2025-12-09,64,756124.0,831835.25,-75711.25,75711.25,10.013073252535298
2025-12-09,78,280234.0,432469.94,-152235.9375,152235.9375,54.324577852794455
2025-12-09,15,689362.0,739420.5,-50058.5,50058.5,7.261569393149029
2025-12-09,44,839554.0,715183.6,124370.375,124370.375,14.813862479364042
2025-12-09,77,634642.0,622173.1,12468.875,12468.875,1.9647100254946883
2025-12-09,4,861127.0,725467.44,135659.5625,135659.5625,15.753723028078321
2025-12-09,8,358054.0,375711.12,-17657.125,17657.125,4.931413976662738
2025-12-09,61,426987.0,461300.0,-34313.0,34313.0,8.036076039785755
2025-12-09,85,336800.0,480626.22,-143826.21875,143826.21875,42.70374665973872
2025-12-09,11,764334.0,683617.2,80716.8125,80716.8125,10.560411089916188
2025-12-09,99,549294.0,476434.78,72859.21875,72859.21875,13.26415703612273
2025-12-09,59,500529.0,421541.88,78987.125,78987.125,15.780728988729923
2025-12-09,1,497735.0,480758.3,16976.6875,16976.6875,3.4107883713220892
2025-12-09,90,600845.0,818292.06,-217447.0625,217447.0625,36.19020920536911
2025-12-09,91,508820.0,657503.8,-148683.8125,148683.8125,29.221298789355764
2025-12-09,10,472828.0,441841.53,30986.46875,30986.46875,6.553433542429805
2025-12-09,79,580556.0,490433.25,90122.75,90122.75,15.523524001129951
2025-12-09,88,541355.0,491410.97,49944.03125,49944.03125,9.225744890136786
2025-12-09,43,471339.0,438515.25,32823.75,32823.75,6.963936784352663
2025-12-09,87,820487.0,738441.2,82045.8125,82045.8125,9.999648074862856
2025-12-09,3,426157.0,387583.0,38574.0,38574.0,9.051593661490953
2025-12-10,28,485597.0,385066.38,100530.625,100530.625,20.702480657829433
2025-12-10,15,703582.0,713626.2,-10044.1875,10044.1875,1.4275788038920836
2025-12-10,94,639078.0,661223.0,-22145.0,22145.0,3.4651482291676445
2025-12-10,80,743418.0,723300.2,20117.8125,20117.8125,2.706123943730176
2025-12-10,34,693857.0,571375.75,122481.25,122481.25,17.652232376411856
2025-12-10,10,184956.0,449739.84,-264783.84375,264783.84375,143.16045099915655
2025-12-10,100,779155.0,720944.1,58210.875,58210.875,7.471026304137174
2025-12-10,79,337451.0,484982.06,-147531.0625,147531.0625,43.719254795511056
2025-12-10,2,519016.0,628249.4,-109233.375,109233.375,21.046244239098602
2025-12-10,86,717106.0,709056.3,8049.6875,8049.6875,1.1225240759385642
2025-12-10,38,571442.0,769070.56,-197628.5625,197628.5625,34.58418570913583
2025-12-10,77,621410.0,616843.56,4566.4375,4566.4375,0.7348509840523969
2025-12-10,39,818278.0,725828.6,92449.375,92449.375,11.29803990819746
2025-12-10,18,300802.0,388058.3,-87256.3125,87256.3125,29.00788974142459
2025-12-10,82,314626.0,440136.3,-125510.3125,125510.3125,39.89190737574136
2025-12-10,56,327159.0,478140.88,-150981.875,150981.875,46.149387606637745
2025-12-10,30,590870.0,436165.22,154704.78125,154704.78125,26.182541210418535
2025-12-10,11,875369.0,643548.56,231820.4375,231820.4375,26.482596196575386
2025-12-10,70,474075.0,477885.88,-3810.875,3810.875,0.8038548752834468
2025-12-10,72,673895.0,622464.44,51430.5625,51430.5625,7.63183619109802
2025-12-10,81,596294.0,635979.56,-39685.5625,39685.5625,6.655368408872134
2025-12-10,66,588280.0,684088.94,-95808.9375,95808.9375,16.286281617597062
2025-12-10,95,425885.0,390504.47,35380.53125,35380.53125,8.307531669347359
2025-12-10,53,754430.0,629765.0,124665.0,124665.0,16.52439590154156
2025-12-10,5,627011.0,639911.44,-12900.4375,12900.4375,2.057449949043956
2025-12-10,26,380712.0,441002.75,-60290.75,60290.75,15.836314589505978
2025-12-10,32,646937.0,628349.0,18588.0,18588.0,2.8732318602893328
2025-12-10,90,1014917.0,796227.5,218689.5,218689.5,21.547525561203525
2025-12-10,14,928068.0,725595.06,202472.9375,202472.9375,21.816605841382312
2025-12-10,93,486716.0,493948.25,-7232.25,7232.25,1.4859281387914103
2025-12-10,21,333311.0,484644.16,-151333.15625,151333.15625,45.40298887525464
2025-12-10,43,519870.0,432773.44,87096.5625,87096.5625,16.75352732413873
2025-12-10,35,419243.0,693508.06,-274265.0625,274265.0625,65.41911552488652
2025-12-10,46,824730.0,693440.06,131289.9375,131289.9375,15.91914171910807
2025-12-10,19,534094.0,618896.7,-84802.6875,84802.6875,15.877858111119018
2025-12-10,60,419941.0,483809.03,-63868.03125,63868.03125,15.20881058291522
2025-12-10,6,997559.0,784539.06,213019.9375,213019.9375,21.354119154857006
2025-12-10,25,420922.0,432141.4,-11219.40625,11219.40625,2.665435935874105
2025-12-10,48,477375.0,627228.1,-149853.125,149853.125,31.391070960984553
2025-12-10,31,413082.0,443941.56,-30859.5625,30859.5625,7.470565771444895
2025-12-10,78,613741.0,428638.0,185103.0,185103.0,30.159790530533236
2025-12-10,24,292624.0,484569.62,-191945.625,191945.625,65.59462826015637
2025-12-10,61,544345.0,459858.84,84486.15625,84486.15625,15.520700337102388
2025-12-10,97,449921.0,676837.3,-226916.3125,226916.3125,50.43470131423072
2025-12-10,47,376159.0,434758.78,-58599.78125,58599.78125,15.578460504733371
2025-12-10,71,401975.0,391934.7,10040.3125,10040.3125,2.4977455065613534
2025-12-10,12,483842.0,478684.66,5157.34375,5157.34375,1.0659148544359522
2025-12-10,83,544070.0,662881.75,-118811.75,118811.75,21.837585237193743
2025-12-10,22,654031.0,756674.25,-102643.25,102643.25,15.69394264186254
2025-12-10,87,532891.0,737760.94,-204869.9375,204869.9375,38.44499860196551
2025-12-10,29,485532.0,444938.47,40593.53125,40593.53125,8.36062942298345
2025-12-10,59,381589.0,438676.4,-57087.40625,57087.40625,14.960443369698812
2025-12-10,33,376268.0,395061.22,-18793.21875,18793.21875,4.994636469218748
2025-12-10,63,530357.0,489364.38,40992.625,40992.625,7.7292512402023545
2025-12-10,4,531722.0,665025.1,-133303.125,133303.125,25.07007891341716
2025-12-10,45,366606.0,434357.97,-67751.96875,67751.96875,18.480867402606613
2025-12-10,37,534874.0,717548.1,-182674.125,182674.125,34.15273971066083
2025-12-10,98,532474.0,765162.3,-232688.3125,232688.3125,43.69946936376236
2025-12-10,57,452361.0,642039.0,-189678.0,189678.0,41.930670415884656
2025-12-10,50,417715.0,389795.06,27919.9375,27919.9375,6.683968136169398
2025-12-10,51,667790.0,693404.2,-25614.1875,25614.1875,3.835665029425418
2025-12-10,76,680268.0,668439.9,11828.125,11828.125,1.738744877019057
2025-12-10,92,357131.0,451888.16,-94757.15625,94757.15625,26.532884641770103
2025-12-10,54,490129.0,619550.4,-129421.375,129421.375,26.405573838724088
2025-12-10,89,394296.0,388773.66,5522.34375,5522.34375,1.4005578930549638
2025-12-10,7,347247.0,396831.62,-49584.625,49584.625,14.27935302536811
2025-12-10,99,366438.0,469700.6,-103262.59375,103262.59375,28.180099703087564
2025-12-10,17,455938.0,479439.0,-23501.0,23501.0,5.154428891647549
2025-12-10,49,311657.0,439934.38,-128277.375,128277.375,41.15979265667063
2025-12-10,91,1008064.0,695408.4,312655.625,312655.625,31.015453879912386
2025-12-10,3,242930.0,381764.1,-138834.09375,138834.09375,57.14983482896307
2025-12-10,69,394108.0,437407.84,-43299.84375,43299.84375,10.986796449196667
2025-12-10,1,612732.0,482120.8,130611.1875,130611.1875,21.316201455122304
2025-12-10,52,486855.0,439105.94,47749.0625,47749.0625,9.807655770198519
2025-12-10,88,458959.0,499038.78,-40079.78125,40079.78125,8.732758536165539
2025-12-10,23,508778.0,487717.7,21060.3125,21060.3125,4.13939134553774
2025-12-10,73,759162.0,651150.6,108011.375,108011.375,14.227710949705068
2025-12-10,75,569193.0,638416.94,-69223.9375,69223.9375,12.161768943047438
2025-12-10,9,784692.0,664297.9,120394.125,120394.125,15.34285108042391
2025-12-10,55,646340.0,756521.2,-110181.1875,110181.1875,17.04693930439088
2025-12-10,20,335292.0,487556.22,-152264.21875,152264.21875,45.412422231964975
2025-12-10,67,482699.0,489309.78,-6610.78125,6610.78125,1.36954525491041
2025-12-10,68,394071.0,655264.3,-261193.3125,261193.3125,66.28077491112008
2025-12-10,40,341922.0,392881.22,-50959.21875,50959.21875,14.903755461771983
2025-12-10,42,1070802.0,668991.56,401810.4375,401810.4375,37.524251682383856
2025-12-10,58,493278.0,616760.56,-123482.5625,123482.5625,25.033056917194767
2025-12-10,8,499780.0,384580.3,115199.6875,115199.6875,23.050079534995398
2025-12-10,27,350807.0,412821.4,-62014.40625,62014.40625,17.677642193570826
2025-12-10,64,830482.0,669773.75,160708.25,160708.25,19.35120207301302
2025-12-10,74,265684.0,409601.0,-143917.0,143917.0,54.16848587043255
2025-12-10,85,413755.0,483956.22,-70201.21875,70201.21875,16.96685689598917
2025-12-10,16,610444.0,665240.7,-54796.6875,54796.6875,8.976529788154195
2025-12-10,13,402954.0,489727.7,-86773.6875,86773.6875,21.5343904018821
2025-12-10,96,860492.0,603498.0,256994.0,256994.0,29.865937161530848
2025-12-10,65,628062.0,719901.0,-91839.0,91839.0,14.622600953409059
2025-12-10,41,537160.0,683953.0,-146793.0,146793.0,27.327611884727084
2025-12-10,84,647420.0,638175.94,9244.0625,9244.0625,1.4278308516882394
2025-12-10,62,530726.0,649069.4,-118343.375,118343.375,22.298394086590818
2025-12-10,36,686947.0,662423.94,24523.0625,24523.0625,3.5698623765734476
2025-12-10,44,937650.0,753500.4,184149.625,184149.625,19.6394843491708
2025-12-11,27,376398.0,394202.62,-17804.625,17804.625,4.730265569955207
2025-12-11,72,655373.0,666831.2,-11458.1875,11458.1875,1.7483459800754684
2025-12-11,51,465381.0,676791.25,-211410.25,211410.25,45.42734877444502
2025-12-11,75,758985.0,619675.06,139309.9375,139309.9375,18.354768210175433
2025-12-11,83,708550.0,669917.2,38632.8125,38632.8125,5.452376331945522
2025-12-11,2,531079.0,651184.25,-120105.25,120105.25,22.615326533340614
2025-12-11,63,463660.0,489920.84,-26260.84375,26260.84375,5.66381481042143
2025-12-11,73,865986.0,703102.44,162883.5625,162883.5625,18.809029533964754
2025-12-11,85,705437.0,502115.47,203321.53125,203321.53125,28.822067916766485
2025-12-11,28,404322.0,391085.8,13236.1875,13236.1875,3.273674818585187
2025-12-11,39,598502.0,754099.1,-155597.125,155597.125,25.997761912240897
2025-12-11,23,513937.0,495634.3,18302.6875,18302.6875,3.561270642121505
2025-12-11,49,503262.0,441950.7,61311.3125,61311.3125,12.182782030036044
2025-12-11,88,546990.0,484548.12,62441.875,62441.875,11.415542331669682
2025-12-11,66,515315.0,668772.2,-153457.1875,153457.1875,29.779297614080708
2025-12-11,10,328088.0,443777.53,-115689.53125,115689.53125,35.26173808551364
2025-12-11,44,1021714.0,719698.0,302016.0,302016.0,29.55973980977064
2025-12-11,90,736375.0,799887.4,-63512.375,63512.375,8.625004243761671
2025-12-11,60,469613.0,480766.88,-11153.875,11153.875,2.375120578007849
2025-12-11,70,422497.0,506148.03,-83651.03125,83651.03125,19.79920123693186
2025-12-11,36,846864.0,676661.44,170202.5625,170202.5625,20.097980608456613
2025-12-11,47,359572.0,441876.2,-82304.1875,82304.1875,22.889487362753496
2025-12-11,53,863353.0,673841.8,189511.1875,189511.1875,21.950602766191814
2025-12-11,77,785303.0,610692.06,174610.9375,174610.9375,22.234849160133095
2025-12-11,4,725475.0,676992.4,48482.625,48482.625,6.682880181949757
2025-12-11,78,301877.0,455062.7,-153185.6875,153185.6875,50.744405006012386
2025-12-11,67,637393.0,461203.8,176189.1875,176189.1875,27.64215915455614
2025-12-11,92,488482.0,439033.6,49448.40625,49448.40625,10.122871723011288
2025-12-11,12,287925.0,492913.66,-204988.65625,204988.65625,71.19515715898237
2025-12-11,57,475757.0,646116.4,-170359.375,170359.375,35.80806483141604
2025-12-11,96,742377.0,609169.75,133207.25,133207.25,17.9433428029155
2025-12-11,19,632740.0,619833.5,12906.5,12906.5,2.0397793722540065
2025-12-11,38,362475.0,777348.75,-414873.75,414873.75,114.45582453962342
2025-12-11,93,330802.0,488710.7,-157908.6875,157908.6875,47.735106649899336
2025-12-11,25,441312.0,434957.47,6354.53125,6354.53125,1.4399180738343846
2025-12-11,58,745783.0,621713.8,124069.1875,124069.1875,16.636097564573074
2025-12-11,89,298007.0,391667.66,-93660.65625,93660.65625,31.42901215407692
2025-12-11,3,373277.0,381975.44,-8698.4375,8698.4375,2.330290240223748
2025-12-11,13,354404.0,484025.78,-129621.78125,129621.78125,36.57458190370312
2025-12-11,21,455838.0,488557.6,-32719.59375,32719.59375,7.177899549840075
2025-12-11,56,489454.0,484356.72,5097.28125,5097.28125,1.0414219211611306
2025-12-11,54,626779.0,629602.3,-2823.3125,2823.3125,0.4504478452532711
2025-12-11,59,483618.0,428605.84,55012.15625,55012.15625,11.375125874140334
2025-12-11,37,1013607.0,725170.7,288436.3125,288436.3125,28.45642467938757
2025-12-11,65,673469.0,717078.7,-43609.6875,43609.6875,6.475381569159085
2025-12-11,48,553645.0,616051.44,-62406.4375,62406.4375,11.271922892828437
2025-12-11,55,640902.0,740372.2,-99470.1875,99470.1875,15.52034281372191
2025-12-11,40,365079.0,386887.72,-21808.71875,21808.71875,5.9736985008724135
2025-12-11,18,396442.0,387058.94,9383.0625,9383.0625,2.3668184753381327
2025-12-11,64,633729.0,728832.25,-95103.25,95103.25,15.006927251238306
2025-12-11,17,551548.0,485436.03,66111.96875,66111.96875,11.98662106471241
2025-12-11,62,482170.0,663849.75,-181679.75,181679.75,37.6796047037352
2025-12-11,82,382454.0,438931.84,-56477.84375,56477.84375,14.767225274150617
2025-12-11,8,353606.0,382231.9,-28625.90625,28625.90625,8.095424356487163
2025-12-11,94,395293.0,661350.6,-266057.625,266057.625,67.30643472057436
2025-12-11,87,566091.0,731371.8,-165280.8125,165280.8125,29.196862783545402
2025-12-11,20,505208.0,485245.62,19962.375,19962.375,3.9513180709727482
2025-12-11,41,753768.0,715448.2,38319.8125,38319.8125,5.08376748548625
2025-12-11,68,307836.0,666570.9,-358734.875,358734.875,116.53441280422044
2025-12-11,9,531370.0,679347.9,-147977.875,147977.875,27.84836836855675
2025-12-11,7,450105.0,385356.97,64748.03125,64748.03125,14.385094866753311
2025-12-11,69,448429.0,442171.6,6257.40625,6257.40625,1.3954062404527807
2025-12-11,76,827745.0,665802.06,161942.9375,161942.9375,19.56435103806124
2025-12-11,52,477346.0,436332.94,41013.0625,41013.0625,8.591894034934827
2025-12-11,50,397102.0,384488.16,12613.84375,12613.84375,3.1764744952178536
2025-12-11,45,499324.0,463356.88,35967.125,35967.125,7.203163677291699
2025-12-11,99,457481.0,489651.1,-32170.09375,32170.09375,7.032006520489375
2025-12-11,95,389943.0,390943.4,-1000.40625,1000.40625,0.2565519191266416
2025-12-11,98,554972.0,795856.56,-240884.5625,240884.5625,43.404813666275054
2025-12-11,33,361474.0,396332.28,-34858.28125,34858.28125,9.643371653286268
2025-12-11,42,1029436.0,671701.56,357734.4375,357734.4375,34.75052723044463
2025-12-11,29,558119.0,440099.78,118019.21875,118019.21875,21.145888018505012
2025-12-11,34,474907.0,575100.06,-100193.0625,100193.0625,21.097406965995447
2025-12-11,1,425500.0,477457.53,-51957.53125,51957.53125,12.210935663924795
2025-12-11,74,314557.0,397282.88,-82725.875,82725.875,26.29916835422515
2025-12-11,16,601911.0,676169.94,-74258.9375,74258.9375,12.337195615298608
2025-12-11,91,699462.0,746995.75,-47533.75,47533.75,6.795758740288965
2025-12-11,11,637081.0,673288.6,-36207.625,36207.625,5.6833628690857205
2025-12-11,81,779026.0,629331.3,149694.6875,149694.6875,19.215621494019455
2025-12-11,100,609783.0,697712.8,-87929.8125,87929.8125,14.419853046083606
2025-12-11,26,350514.0,434578.4,-84064.40625,84064.40625,23.983180771666753
2025-12-11,80,814571.0,730719.7,83851.3125,83851.3125,10.293923120268216
2025-12-11,97,509432.0,669649.2,-160217.1875,160217.1875,31.450161650622654
2025-12-11,22,672661.0,765040.2,-92379.1875,92379.1875,13.733394310061087
2025-12-11,5,779212.0,633447.2,145764.8125,145764.8125,18.706695032930703
2025-12-11,61,363897.0,456274.7,-92377.6875,92377.6875,25.385668884327156
2025-12-11,32,819567.0,631715.0,187852.0,187852.0,22.920883832560364
2025-12-11,43,441837.0,438755.62,3081.375,3081.375,0.6974008514452162
2025-12-11,24,549668.0,502318.4,47349.59375,47349.59375,8.614216900019649
2025-12-11,46,968917.0,693883.94,275033.0625,275033.0625,28.385616363424322
2025-12-11,14,378294.0,686193.6,-307899.625,307899.625,81.39162265328025
2025-12-11,84,882905.0,629689.44,253215.5625,253215.5625,28.679819742780932
2025-12-11,35,772914.0,711650.6,61263.375,61263.375,7.926286106863118
2025-12-11,6,1034936.0,777579.94,257356.0625,257356.0625,24.86685770907573
2025-12-11,31,561796.0,431244.75,130551.25,130551.25,23.23819500316841
2025-12-11,71,410117.0,387979.7,22137.3125,22137.3125,5.397804163202209
2025-12-11,15,969981.0,734272.75,235708.25,235708.25,24.30029557279988
2025-12-11,30,360673.0,443322.78,-82649.78125,82649.78125,22.915433439708544
2025-12-11,86,567927.0,754298.6,-186371.625,186371.625,32.81612337501122
2025-12-11,79,526597.0,478524.34,48072.65625,48072.65625,9.128927101749536
2025-12-12,100,668892.0,831756.9,-162864.875,162864.875,24.348456103526427
2025-12-12,73,823055.0,809581.56,13473.4375,13473.4375,1.637003298685993
2025-12-12,29,640539.0,533338.75,107200.25,107200.25,16.735944259444
2025-12-12,49,440650.0,545124.9,-104474.875,104474.875,23.709264722568932
2025-12-12,58,618356.0,769765.6,-151409.625,151409.625,24.485834212007322
2025-12-12,90,891543.0,839945.94,51597.0625,51597.0625,5.787389110788824
2025-12-12,25,627806.0,523893.34,103912.65625,103912.65625,16.55171442292683
2025-12-12,69,567094.0,525920.2,41173.8125,41173.8125,7.260491646887465
2025-12-12,99,541525.0,582741.0,-41216.0,41216.0,7.6110982872443556
2025-12-12,43,597253.0,527829.9,69423.125,69423.125,11.623738181306749
2025-12-12,91,701590.0,787001.06,-85411.0625,85411.0625,12.173928148918884
2025-12-12,46,657736.0,800371.06,-142635.0625,142635.0625,21.685761840616905
2025-12-12,23,646788.0,572514.06,74273.9375,74273.9375,11.483505800973425
2025-12-12,1,335780.0,582114.75,-246334.75,246334.75,73.36194829948181
2025-12-12,79,534212.0,590118.8,-55906.8125,55906.8125,10.465285785418523
2025-12-12,52,535653.0,524054.56,11598.4375,11598.4375,2.165289375771255
2025-12-12,75,678492.0,704595.1,-26103.125,26103.125,3.8472266437924105
2025-12-12,51,953758.0,764233.3,189524.6875,189524.6875,19.871360187804456
2025-12-12,9,573214.0,804235.94,-231021.9375,231021.9375,40.30291261204367
2025-12-12,34,853534.0,642989.8,210544.1875,210544.1875,24.667346292004773
2025-12-12,86,735470.0,900870.7,-165400.6875,165400.6875,22.489114103906346
2025-12-12,11,939978.0,786701.25,153276.75,153276.75,16.306418873633213
2025-12-12,87,848561.0,860001.56,-11440.5625,11440.5625,1.348231005195855
2025-12-12,72,1113069.0,750254.8,362814.1875,362814.1875,32.595839745783955
2025-12-12,8,388662.0,457411.56,-68749.5625,68749.5625,17.688779067673195
2025-12-12,85,600031.0,584792.4,15238.625,15238.625,2.5396396186197046
2025-12-12,62,770750.0,811814.9,-41064.875,41064.875,5.327911125527084
2025-12-12,12,810500.0,589337.75,221162.25,221162.25,27.287137569401605
2025-12-12,64,741248.0,801584.44,-60336.4375,60336.4375,8.13984489671473
2025-12-12,15,786045.0,854815.7,-68770.6875,68770.6875,8.748950441768601
2025-12-12,88,473442.0,572438.3,-98996.3125,98996.3125,20.909913463528795
2025-12-12,59,582128.0,528432.3,53695.6875,53695.6875,9.224034490696205
2025-12-12,4,1289753.0,788591.44,501161.5625,501161.5625,38.85717362161592
2025-12-12,32,395580.0,747955.0,-352375.0,352375.0,89.0780625916376
2025-12-12,44,1032535.0,888323.1,144211.875,144211.875,13.966778365866533
2025-12-12,3,509942.0,434903.78,75038.21875,75038.21875,14.715049701730784
2025-12-12,54,594988.0,748359.06,-153371.0625,153371.0625,25.777169035341892
2025-12-12,77,899756.0,738398.75,161357.25,161357.25,17.93344528961185
2025-12-12,40,421968.0,471389.03,-49421.03125,49421.03125,11.712032962215144
2025-12-12,61,349894.0,530802.2,-180908.1875,180908.1875,51.70371241004419
2025-12-12,6,971761.0,897996.4,73764.625,73764.625,7.590819656273508
2025-12-12,78,515250.0,514448.88,801.125,801.125,0.15548277535177096
2025-12-12,55,734380.0,859798.0,-125418.0,125418.0,17.078079468395106
2025-12-12,76,563950.0,823956.9,-260006.875,260006.875,46.10459703874457
2025-12-12,45,598924.0,529545.9,69378.125,69378.125,11.583794438025526
2025-12-12,18,423148.0,442202.97,-19054.96875,19054.96875,4.5031451761558605
2025-12-12,13,615135.0,583826.0,31309.0,31309.0,5.089777040812179
2025-12-12,66,914449.0,804954.2,109494.8125,109494.8125,11.97385666122441
2025-12-12,48,863987.0,771697.3,92289.6875,92289.6875,10.681837516073738
2025-12-12,63,743284.0,582452.75,160831.25,160831.25,21.63792709112533
2025-12-12,60,459880.0,566417.7,-106537.6875,106537.6875,23.16641025919805
2025-12-12,65,796507.0,901255.0,-104748.0,104748.0,13.150920205346594
2025-12-12,83,915377.0,801188.1,114188.875,114188.875,12.474518695575702
2025-12-12,81,879783.0,765776.0,114007.0,114007.0,12.958536366353975
2025-12-12,17,745964.0,592890.06,153073.9375,153073.9375,20.520284826077397
2025-12-12,82,651760.0,530360.25,121399.75,121399.75,18.626449920216032
2025-12-12,2,758187.0,761321.6,-3134.625,3134.625,0.413436922553407
2025-12-12,38,741033.0,854280.4,-113247.375,113247.375,15.28236596750752
2025-12-12,37,943757.0,902324.1,41432.875,41432.875,4.390205847479807
2025-12-12,94,858923.0,769669.6,89253.375,89253.375,10.391312725354892
2025-12-12,80,944524.0,796700.1,147823.875,147823.875,15.650621371188029
2025-12-12,22,1229692.0,873654.7,356037.3125,356037.3125,28.95337308041363
2025-12-12,95,504290.0,456019.9,48270.09375,48270.09375,9.571891917349145
2025-12-12,97,1056898.0,785394.25,271503.75,271503.75,25.68873722913659
2025-12-12,53,678617.0,744945.2,-66328.1875,66328.1875,9.77402386029233
2025-12-12,47,465290.0,525340.4,-60050.375,60050.375,12.906010230179026
2025-12-12,93,509802.0,589220.7,-79418.6875,79418.6875,15.57833972797282
2025-12-12,26,624190.0,520293.97,103896.03125,103896.03125,16.644936838142232
2025-12-12,71,577411.0,455044.38,122366.625,122366.625,21.19229197226932
2025-12-12,19,844005.0,744665.44,99339.5625,99339.5625,11.77002061599161
2025-12-12,35,1052907.0,808474.44,244432.5625,244432.5625,23.215019227719065
2025-12-12,21,775207.0,582549.9,192657.125,192657.125,24.8523458895495
2025-12-12,31,862196.0,532337.06,329858.9375,329858.9375,38.25799905125981
2025-12-12,14,820353.0,823313.5,-2960.5,2960.5,0.3608812303971583
2025-12-12,5,576307.0,749698.6,-173391.625,173391.625,30.086676892697817
2025-12-12,27,400140.0,470783.78,-70643.78125,70643.78125,17.654766144349477
2025-12-12,89,526266.0,468482.5,57783.5,57783.5,10.979903698889915
2025-12-12,7,569663.0,452401.97,117261.03125,117261.03125,20.584280750197927
2025-12-12,68,615742.0,783322.9,-167580.875,167580.875,27.216086445296895
2025-12-12,57,582247.0,748052.5,-165805.5,165805.5,28.4768319974169
2025-12-12,10,411747.0,531868.6,-120121.625,120121.625,29.173649109768863
2025-12-12,56,639227.0,566680.0,72547.0,72547.0,11.34917642715342
2025-12-12,67,554161.0,577253.6,-23092.625,23092.625,4.1671328368470535
2025-12-12,92,535394.0,530059.5,5334.5,5334.5,0.9963690291635692
2025-12-12,39,916459.0,873632.44,42826.5625,42826.5625,4.673047293986965
2025-12-12,70,571277.0,589624.6,-18347.625,18347.625,3.2116862747843866
2025-12-12,98,1033639.0,859619.44,174019.5625,174019.5625,16.83562273675819
2025-12-12,33,379012.0,452861.56,-73849.5625,73849.5625,19.484755759712094
2025-12-12,42,306634.0,827518.7,-520884.6875,520884.6875,169.8717974849495
2025-12-12,20,752502.0,583774.8,168727.1875,168727.1875,22.42215801419797
2025-12-12,30,528035.0,532522.0,-4487.0,4487.0,0.8497542776520496
2025-12-12,50,572739.0,464849.94,107889.0625,107889.0625,18.837387099533995
2025-12-12,74,482313.0,448463.78,33849.21875,33849.21875,7.018102093453836
2025-12-12,24,694323.0,595207.4,99115.625,99115.625,14.27514643760901
2025-12-12,36,379001.0,796522.75,-417521.75,417521.75,110.16375946237609
2025-12-12,28,444262.0,483225.3,-38963.3125,38963.3125,8.7703455393439
2025-12-12,41,764636.0,786842.94,-22206.9375,22206.9375,2.904249538342427
2025-12-12,16,679391.0,810868.25,-131477.25,131477.25,19.352221327630186
2025-12-12,96,1230227.0,716014.06,514212.9375,514212.9375,41.79821589836673
2025-12-12,84,646367.0,760357.3,-113990.3125,113990.3125,17.63554025808867
2025-12-13,83,647220.0,822774.4,-175554.375,175554.375,27.124374246778533
2025-12-13,24,655307.0,580490.56,74816.4375,74816.4375,11.417005693514643
2025-12-13,61,578785.0,522542.25,56242.75,56242.75,9.717382102162288
2025-12-13,25,426282.0,521076.47,-94794.46875,94794.46875,22.23750211127845
2025-12-13,58,583264.0,773068.56,-189804.5625,189804.5625,32.54179282451857
2025-12-13,46,750114.0,764773.4,-14659.375,14659.375,1.954286281818497
2025-12-13,28,566740.0,472989.25,93750.75,93750.75,16.542109256449166
2025-12-13,45,489132.0,530253.6,-41121.625,41121.625,8.407060875182976
2025-12-13,38,851925.0,834748.9,17176.125,17176.125,2.016154591073158
2025-12-13,33,563775.0,455622.4,108152.59375,108152.59375,19.183644849452353
2025-12-13,69,378167.0,534742.2,-156575.1875,156575.1875,41.403715157589104
2025-12-13,1,548860.0,575588.06,-26728.0625,26728.0625,4.86974137302773
2025-12-13,70,589764.0,603764.5,-14000.5,14000.5,2.3739156679621
2025-12-13,75,836084.0,768824.94,67259.0625,67259.0625,8.044534101836657
2025-12-13,74,533683.0,456903.25,76779.75,76779.75,14.386770798395302
2025-12-13,73,832250.0,838908.56,-6658.5625,6658.5625,0.8000675878642234
2025-12-13,39,610811.0,884854.9,-274043.875,274043.875,44.86557625844983
2025-12-13,41,503046.0,787301.25,-284255.25,284255.25,56.50681051037082
2025-12-13,36,757589.0,827355.3,-69766.3125,69766.3125,9.208992276815001
2025-12-13,96,1097217.0,735872.06,361344.9375,361344.9375,32.932859908295256
2025-12-13,59,579299.0,532718.8,46580.1875,46580.1875,8.040785069540945
2025-12-13,60,525310.0,576030.44,-50720.4375,50720.4375,9.655334469170585
2025-12-13,9,747900.0,817141.0,-69241.0,69241.0,9.258055889824842
2025-12-13,80,715922.0,843480.44,-127558.4375,127558.4375,17.81736522973173
2025-12-13,82,449063.0,541083.8,-92020.8125,92020.8125,20.49173779625576
2025-12-13,95,605062.0,450864.2,154197.8125,154197.8125,25.484630087495162
2025-12-13,8,384352.0,459166.38,-74814.375,74814.375,19.465067178003498
2025-12-13,11,679211.0,808354.5,-129143.5,129143.5,19.013752721908215
2025-12-13,62,455179.0,798317.2,-343138.1875,343138.1875,75.38532917819144
2025-12-13,10,373875.0,533140.94,-159265.9375,159265.9375,42.59871280508191
2025-12-13,37,950939.0,870461.94,80477.0625,80477.0625,8.462904823548092
2025-12-13,47,408459.0,520915.1,-112456.09375,112456.09375,27.531794806822717
2025-12-13,3,491209.0,459512.5,31696.5,31696.5,6.452752290776431
2025-12-13,68,797168.0,821007.8,-23839.8125,23839.8125,2.9905631560724966
2025-12-13,54,700126.0,751290.4,-51164.375,51164.375,7.3078810099896305
2025-12-13,53,1036199.0,721650.3,314548.6875,314548.6875,30.356011490070923
2025-12-13,42,922175.0,762946.44,159228.5625,159228.5625,17.266631875728578
2025-12-13,67,900299.0,590281.5,310017.5,310017.5,34.43494883366526
2025-12-13,90,973203.0,922629.25,50573.75,50573.75,5.196629069166454
2025-12-13,72,1183508.0,747144.25,436363.75,436363.75,36.870367585178975
2025-12-13,20,568476.0,585503.7,-17027.6875,17027.6875,2.9953221420077543
2025-12-13,31,448148.0,541194.56,-93046.5625,93046.5625,20.762462958665438
2025-12-13,17,573318.0,601651.06,-28333.0625,28333.0625,4.941945395051263
2025-12-13,32,694792.0,742994.0,-48202.0,48202.0,6.93761586201338
2025-12-13,79,546338.0,592628.06,-46290.0625,46290.0625,8.472788365444101
2025-12-13,40,500275.0,473482.9,26792.09375,26792.09375,5.3554732397181555
2025-12-13,100,629021.0,857722.7,-228701.6875,228701.6875,36.35835488799261
2025-12-13,43,605041.0,541110.0,63931.0,63931.0,10.566391368518827
2025-12-13,2,1245765.0,725648.56,520116.4375,520116.4375,41.75076659723142
2025-12-13,6,1065158.0,863552.44,201605.5625,201605.5625,18.92729177267598
2025-12-13,99,685747.0,610109.0,75638.0,75638.0,11.030015443013239
2025-12-13,84,727246.0,707944.94,19301.0625,19301.0625,2.6539936280158294
2025-12-13,71,353314.0,460434.03,-107120.03125,107120.03125,30.318648921356072
2025-12-13,21,248724.0,575624.5,-326900.5,326900.5,131.4310239462215
2025-12-13,5,493651.0,730859.5,-237208.5,237208.5,48.05186255066839
2025-12-13,81,878039.0,743187.4,134851.625,134851.625,15.35827281020547
2025-12-13,65,793805.0,845628.0,-51823.0,51823.0,6.5284295261430705
2025-12-13,94,699812.0,815240.4,-115428.375,115428.375,16.494197727389643
2025-12-13,93,407627.0,578707.06,-171080.0625,171080.0625,41.969757278099834
2025-12-13,56,563090.0,571944.8,-8854.8125,8854.8125,1.572539469711769
2025-12-13,16,737470.0,814186.9,-76716.875,76716.875,10.402711296730715
2025-12-13,97,639450.0,806376.2,-166926.1875,166926.1875,26.104650480882007
2025-12-13,27,463075.0,472085.5,-9010.5,9010.5,1.9457971170976622
2025-12-13,49,699197.0,540911.94,158285.0625,158285.0625,22.638120944454855
2025-12-13,91,972341.0,828444.3,143896.6875,143896.6875,14.798994128603033
2025-12-13,14,1037153.0,823519.4,213633.625,213633.625,20.59808196090644
2025-12-13,22,869861.0,886430.1,-16569.125,16569.125,1.9048014567844749
2025-12-13,77,771740.0,739490.4,32249.625,32249.625,4.1788199393578145
2025-12-13,44,847991.0,886947.75,-38956.75,38956.75,4.594005125054394
2025-12-13,86,1185072.0,863786.06,321285.9375,321285.9375,27.11109008566568
2025-12-13,48,950348.0,738529.56,211818.4375,211818.4375,22.28851299734413
2025-12-13,19,834441.0,769587.25,64853.75,64853.75,7.772119299027732
2025-12-13,88,844093.0,592249.4,251843.625,251843.625,29.836004445007834
2025-12-13,66,835181.0,789088.44,46092.5625,46092.5625,5.5188710590877905
2025-12-13,85,681077.0,602059.0,79018.0,79018.0,11.601918725782841
2025-12-13,26,627930.0,527909.0,100021.0,100021.0,15.92868631853869
2025-12-13,76,925605.0,831837.06,93767.9375,93767.9375,10.130448463437428
2025-12-13,63,630102.0,582408.56,47693.4375,47693.4375,7.569161421484141
2025-12-13,87,1236670.0,851703.25,384966.75,384966.75,31.129302885976053
2025-12-13,30,436511.0,521785.88,-85274.875,85274.875,19.535561532240884
2025-12-13,92,423313.0,532801.56,-109488.5625,109488.5625,25.86468228001502
2025-12-13,7,477203.0,470595.84,6607.15625,6607.15625,1.384558825070253
2025-12-13,35,707397.0,827513.9,-120116.875,120116.875,16.980122194467885
2025-12-13,4,954985.0,858742.3,96242.6875,96242.6875,10.07792661664843
2025-12-13,64,859934.0,821290.9,38643.125,38643.125,4.4937314956729235
2025-12-13,18,367772.0,463709.34,-95937.34375,95937.34375,26.086092402357984
2025-12-13,12,427716.0,566416.6,-138700.625,138700.625,32.428205865574355
2025-12-13,23,372796.0,583147.4,-210351.375,210351.375,56.425330475648884
2025-12-13,52,594043.0,537354.9,56688.125,56688.125,9.542764581015179
2025-12-13,29,401658.0,537475.2,-135817.1875,135817.1875,33.814137275991015
2025-12-13,98,1107948.0,943781.44,164166.5625,164166.5625,14.817172150678552
2025-12-13,34,481556.0,695966.56,-214410.5625,214410.5625,44.52453349143194
2025-12-13,13,541002.0,575496.8,-34494.8125,34494.8125,6.376097038458268
2025-12-13,57,538603.0,749831.9,-211228.875,211228.875,39.2179165359272
2025-12-13,78,575681.0,525010.56,50670.4375,50670.4375,8.80182557701227
2025-12-13,15,449757.0,887436.5,-437679.5,437679.5,97.31466102806627
2025-12-13,89,713064.0,458180.34,254883.65625,254883.65625,35.74484986621117
2025-12-13,51,919140.0,831068.06,88071.9375,88071.9375,9.581993765911614
2025-12-13,50,350132.0,473339.06,-123207.0625,123207.0625,35.18874667268344
2025-12-13,55,896693.0,853576.6,43116.375,43116.375,4.808376445450115
2025-12-14,16,588694.0,640795.94,-52101.9375,52101.9375,8.850427811392676
2025-12-14,65,671158.0,696641.9,-25483.875,25483.875,3.79700085523826
2025-12-14,29,479857.0,446127.44,33729.5625,33729.5625,7.029086269451107
2025-12-14,91,645044.0,619370.8,25673.1875,25673.1875,3.9800676387967333
2025-12-14,55,464023.0,725501.2,-261478.1875,261478.1875,56.350264426547824
2025-12-14,34,578928.0,630587.06,-51659.0625,51659.0625,8.92322749979272
2025-12-14,6,1005102.0,727039.44,278062.5625,278062.5625,27.66510886457295
2025-12-14,21,266614.0,480127.44,-213513.4375,213513.4375,80.08335552521622
2025-12-14,84,497149.0,600825.8,-103676.8125,103676.8125,20.854273567884075
2025-12-14,59,469503.0,446726.12,22776.875,22776.875,4.851273580786492
2025-12-14,54,597806.0,669955.94,-72149.9375,72149.9375,12.069122340692466
2025-12-14,8,425726.0,372624.0,53102.0,53102.0,12.473280936564834
2025-12-14,62,869766.0,677467.2,192298.8125,192298.8125,22.109258409733194
2025-12-14,11,799269.0,659507.0,139762.0,139762.0,17.486228040872348
2025-12-14,32,403927.0,626566.0,-222639.0,222639.0,55.118622919487926
2025-12-14,87,944704.0,715764.7,228939.3125,228939.3125,24.233973022237652
2025-12-14,79,575937.0,492768.62,83168.375,83168.375,14.44053342639907
2025-12-14,100,946976.0,709123.4,237852.625,237852.625,25.117070020781938
2025-12-14,46,777301.0,668938.25,108362.75,108362.75,13.940899342725663
2025-12-14,15,874292.0,741524.9,132767.125,132767.125,15.185673093199984
2025-12-14,64,761182.0,700468.6,60713.375,60713.375,7.976196888523375
2025-12-14,90,624260.0,727361.1,-103101.125,103101.125,16.515734629801685
2025-12-14,72,650819.0,602160.94,48658.0625,48658.0625,7.476435460550476
2025-12-14,82,533035.0,440946.8,92088.1875,92088.1875,17.276199030082452
2025-12-14,98,650249.0,719675.06,-69426.0625,69426.0625,10.676842640280878
2025-12-14,74,509268.0,382849.66,126418.34375,126418.34375,24.823539619610894
2025-12-14,50,304716.0,394104.3,-89388.3125,89388.3125,29.334958617204215
2025-12-14,18,385449.0,396929.9,-11480.90625,11480.90625,2.9785798510308754
2025-12-14,35,559928.0,691724.7,-131796.6875,131796.6875,23.538149101313028
2025-12-14,30,430208.0,433021.94,-2813.9375,2813.9375,0.6540876738693842
2025-12-14,19,495460.0,650796.75,-155336.75,155336.75,31.35202639970936
2025-12-14,28,438668.0,391147.16,47520.84375,47520.84375,10.832986164935669
2025-12-14,26,375480.0,450906.44,-75426.4375,75426.4375,20.088004021519122
2025-12-14,66,558812.0,651605.0,-92793.0,92793.0,16.605405753634496
2025-12-14,96,780386.0,491944.28,288441.71875,288441.71875,36.96141636959146
2025-12-14,36,507974.0,626767.44,-118793.4375,118793.4375,23.385731848480436
2025-12-14,92,435667.0,434178.56,1488.4375,1488.4375,0.3416456835151618
2025-12-14,4,989476.0,782343.2,207132.8125,207132.8125,20.933586312351185
2025-12-14,51,484272.0,674524.75,-190252.75,190252.75,39.286341147123935
2025-12-14,78,404804.0,447091.66,-42287.65625,42287.65625,10.446452171915297
2025-12-14,25,421881.0,437882.97,-16001.96875,16001.96875,3.7930053142947893
2025-12-14,86,460162.0,688768.1,-228606.125,228606.125,49.679487876008885
2025-12-14,52,292671.0,445862.12,-153191.125,153191.125,52.342433995852
2025-12-14,43,252572.0,438748.5,-186176.5,186176.5,73.7122483885783
2025-12-14,61,450047.0,431231.94,18815.0625,18815.0625,4.180688350327855
2025-12-14,24,557602.0,493702.06,63899.9375,63899.9375,11.459775520891245
2025-12-14,71,261972.0,395468.2,-133496.1875,133496.1875,50.958189233963935
2025-12-14,93,263621.0,474976.53,-211355.53125,211355.53125,80.17401164929956
2025-12-14,44,556490.0,702228.2,-145738.1875,145738.1875,26.18882414778343
2025-12-14,27,283704.0,385227.22,-101523.21875,101523.21875,35.78490918351521
2025-12-14,49,619701.0,441879.34,177821.65625,177821.65625,28.69475057326033
2025-12-14,77,502557.0,636263.75,-133706.75,133706.75,26.605290544157178
2025-12-14,10,350023.0,421441.16,-71418.15625,71418.15625,20.40384667578988
2025-12-14,5,446356.0,632661.9,-186305.875,186305.875,41.73930114079345
2025-12-14,3,356897.0,380815.38,-23918.375,23918.375,6.701758490544892
2025-12-14,53,624874.0,629561.0,-4687.0,4687.0,0.7500712143568143
2025-12-14,67,437588.0,451815.38,-14227.375,14227.375,3.2513174492901995
2025-12-14,20,596060.0,507259.47,88800.53125,88800.53125,14.897918204543167
2025-12-14,45,361504.0,438329.28,-76825.28125,76825.28125,21.25157155937417
2025-12-14,17,554330.0,484645.78,69684.21875,69684.21875,12.570890760016596
2025-12-14,60,521475.0,478033.5,43441.5,43441.5,8.330504818064146
2025-12-14,40,401280.0,392159.47,9120.53125,9120.53125,2.2728596615829346
2025-12-14,9,873134.0,659834.6,213299.375,213299.375,24.429168375071868
2025-12-14,70,482156.0,484849.8,-2693.8125,2693.8125,0.5587014368793503
2025-12-14,1,418821.0,464436.3,-45615.3125,45615.3125,10.891362300362207
2025-12-14,83,830257.0,693728.6,136528.375,136528.375,16.444110076759365
2025-12-14,56,546799.0,484998.25,61800.75,61800.75,11.302279265324188
2025-12-14,33,372085.0,380203.44,-8118.4375,8118.4375,2.1818771248505047
2025-12-14,81,630275.0,637503.0,-7228.0,7228.0,1.1468009995636825
2025-12-14,80,754611.0,675761.9,78849.125,78849.125,10.448976360005354
2025-12-14,63,649012.0,480009.12,169002.875,169002.875,26.04002314286947
2025-12-14,23,410406.0,475769.84,-65363.84375,65363.84375,15.92662966672027
2025-12-14,88,477991.0,499803.47,-21812.46875,21812.46875,4.563363902249205
2025-12-14,42,589806.0,670032.94,-80226.9375,80226.9375,13.602258624022138
2025-12-14,22,674624.0,715279.0,-40655.0,40655.0,6.026319846314392
2025-12-14,39,668357.0,723315.94,-54958.9375,54958.9375,8.222991230734472
2025-12-14,13,488044.0,484525.3,3518.6875,3518.6875,0.7209775143224791
2025-12-14,14,444692.0,652922.5,-208230.5,208230.5,46.82578054023909
2025-12-14,31,510321.0,451151.53,59169.46875,59169.46875,11.594558865890292
2025-12-14,41,729475.0,669086.3,60388.6875,60388.6875,8.278376572192329
2025-12-14,89,353332.0,381892.53,-28560.53125,28560.53125,8.083199724338582
2025-12-14,97,671869.0,667726.75,4142.25,4142.25,0.6165264359570094
2025-12-14,85,450161.0,484241.72,-34080.71875,34080.71875,7.5707843971379125
2025-12-14,95,370176.0,382055.06,-11879.0625,11879.0625,3.2090309744553944
2025-12-14,94,877440.0,660199.7,217240.3125,217240.3125,24.758423652899346
2025-12-14,57,833283.0,671049.1,162233.875,162233.875,19.469240942152908
2025-12-14,76,846491.0,688583.25,157907.75,157907.75,18.654392072685948
2025-12-14,7,420153.0,379969.5,40183.5,40183.5,9.564015965612526
2025-12-14,12,456316.0,473555.8,-17239.8125,17239.8125,3.778042518780845
2025-12-14,68,770659.0,662720.3,107938.6875,107938.6875,14.006024389515986
2025-12-14,58,836302.0,596576.94,239725.0625,239725.0625,28.6648916898441
2025-12-14,99,474850.0,500037.38,-25187.375,25187.375,5.304280299041802
2025-12-14,37,828571.0,690222.06,138348.9375,138348.9375,16.697294196876307
2025-12-14,38,1096710.0,725243.56,371466.4375,371466.4375,33.87098116183859
2025-12-14,47,268714.0,436709.03,-167995.03125,167995.03125,62.518153594528016
2025-12-14,69,523960.0,447664.88,76295.125,76295.125,14.561249904572868
2025-12-14,73,745115.0,693632.4,51482.625,51482.625,6.909352918676983
2025-12-14,2,610924.0,621524.3,-10600.3125,10600.3125,1.735127855510669
2025-12-14,75,532380.0,633781.44,-101401.4375,101401.4375,19.04681571433938
2025-12-14,48,592775.0,625154.06,-32379.0625,32379.0625,5.462285437138881
2025-12-15,57,829532.0,659405.94,170126.0625,170126.0625,20.508679894205407
2025-12-15,93,498960.0,483993.25,14966.75,14966.75,2.999589145422479
2025-12-15,16,692973.0,635150.3,57822.6875,57822.6875,8.344147246718126
2025-12-15,48,576308.0,620178.4,-43870.375,43870.375,7.612314075112614
2025-12-15,75,558235.0,615798.0,-57563.0,57563.0,10.31160711886571
2025-12-15,35,663546.0,661629.56,1916.4375,1916.4375,0.2888175800924126
2025-12-15,71,484538.0,391311.1,93226.90625,93226.90625,19.240370466299858
2025-12-15,5,572724.0,618852.75,-46128.75,46128.75,8.054272214888847
2025-12-15,95,664366.0,386181.6,278184.40625,278184.40625,41.87216176776054
2025-12-15,24,562709.0,485835.88,76873.125,76873.125,13.661257417244082
2025-12-15,50,603039.0,378740.9,224298.09375,224298.09375,37.194624850134076
2025-12-15,27,560657.0,386333.8,174323.1875,174323.1875,31.0926622694446
2025-12-15,18,446580.0,389601.38,56978.625,56978.625,12.758884186483947
2025-12-15,82,425937.0,431390.12,-5453.125,5453.125,1.2802656261371987
2025-12-15,23,478582.0,473212.66,5369.34375,5369.34375,1.1219276424938673
2025-12-15,81,598741.0,603900.6,-5159.625,5159.625,0.8617457297896752
2025-12-15,65,640320.0,720578.8,-80258.8125,80258.8125,12.53417236694153
2025-12-15,31,538092.0,447378.97,90713.03125,90713.03125,16.85827539714398
2025-12-15,14,574488.0,669301.44,-94813.4375,94813.4375,16.503989204300176
2025-12-15,44,646696.0,744286.4,-97590.375,97590.375,15.090610580550987
2025-12-15,45,451713.0,457881.44,-6168.4375,6168.4375,1.3655656357023154
2025-12-15,2,858484.0,619301.56,239182.4375,239182.4375,27.8610244920115
2025-12-15,20,600027.0,495549.12,104477.875,104477.875,17.412195617863862
2025-12-15,17,481567.0,481268.9,298.09375,298.09375,0.06190078431453982
2025-12-15,60,439494.0,490506.62,-51012.625,51012.625,11.607126604686298
2025-12-15,67,446064.0,489423.94,-43359.9375,43359.9375,9.720564201549553
2025-12-15,53,338834.0,610027.44,-271193.4375,271193.4375,80.0372564441585
2025-12-15,38,715330.0,714649.25,680.75,680.75,0.09516586750171249
2025-12-15,40,362466.0,421330.66,-58864.65625,58864.65625,16.24004906667108
2025-12-15,9,775132.0,658116.6,117015.375,117015.375,15.096186843015126
2025-12-15,61,330340.0,453493.28,-123153.28125,123153.28125,37.280765650541866
2025-12-15,68,722139.0,675526.9,46612.125,46612.125,6.45473032200172
2025-12-15,3,481632.0,371995.47,109636.53125,109636.53125,22.76354794739552
2025-12-15,43,393414.0,428567.47,-35153.46875,35153.46875,8.935490030858078
2025-12-15,56,568199.0,477469.38,90729.625,90729.625,15.967931129762636
2025-12-15,72,784227.0,597170.0,187057.0,187057.0,23.852404979680628
2025-12-15,63,507230.0,490846.44,16383.5625,16383.5625,3.230006604498945
2025-12-15,10,353969.0,425454.75,-71485.75,71485.75,20.195483220282
2025-12-15,52,244541.0,421458.53,-176917.53125,176917.53125,72.34677671637884
2025-12-15,70,738907.0,491732.3,247174.6875,247174.6875,33.45139340945478
2025-12-15,13,591593.0,490135.78,101457.21875,101457.21875,17.149834218795693
2025-12-15,86,935411.0,686642.1,248768.875,248768.875,26.594606541937182
2025-12-15,77,710726.0,616114.0,94612.0,94612.0,13.312021791801623
2025-12-15,22,716374.0,689859.9,26514.125,26514.125,3.7011567979854094
2025-12-15,49,660272.0,452106.66,208165.34375,208165.34375,31.527210566251483
2025-12-15,98,593596.0,769038.8,-175442.8125,175442.8125,29.55592903254065
2025-12-15,94,359230.0,710742.7,-351512.6875,351512.6875,97.85170712356985
2025-12-15,74,379565.0,402529.16,-22964.15625,22964.15625,6.050124813931737
2025-12-15,37,862324.0,713541.8,148782.1875,148782.1875,17.253629436267577
2025-12-15,47,484740.0,430789.12,53950.875,53950.875,11.129858274538929
2025-12-15,91,653075.0,671361.1,-18286.125,18286.125,2.800003828044252
2025-12-15,15,486169.0,697377.3,-211208.3125,211208.3125,43.44339365529271
2025-12-15,33,462113.0,380448.78,81664.21875,81664.21875,17.671915473055293
2025-12-15,79,535606.0,488911.47,46694.53125,46694.53125,8.718074713502089
2025-12-15,36,528217.0,685896.75,-157679.75,157679.75,29.851320574688057
2025-12-15,87,523201.0,717173.6,-193972.625,193972.625,37.0742076181047
2025-12-15,41,696402.0,689272.4,7129.625,7129.625,1.0237800867889524
2025-12-15,11,731591.0,660796.8,70794.1875,70794.1875,9.67674390472272
2025-12-15,62,585522.0,680518.94,-94996.9375,94996.9375,16.224315653382792
2025-12-15,4,820209.0,715291.9,104917.125,104917.125,12.791511066081936
2025-12-15,92,391930.0,430794.56,-38864.5625,38864.5625,9.916199959176383
2025-12-15,8,531551.0,376137.66,155413.34375,155413.34375,29.237710727663007
2025-12-15,100,658860.0,688266.06,-29406.0625,29406.0625,4.463173132380172
2025-12-15,21,719171.0,479397.3,239773.6875,239773.6875,33.34028867960471
2025-12-15,12,435405.0,497006.25,-61601.25,61601.25,14.148034588486583
2025-12-15,64,999933.0,690859.44,309073.5625,309073.5625,30.90942718162117
2025-12-15,76,734571.0,656656.7,77914.3125,77914.3125,10.606777629391848
2025-12-15,55,713905.0,689776.8,24128.1875,24128.1875,3.379747655500381
2025-12-15,51,727770.0,663467.2,64302.8125,64302.8125,8.835595380408645
2025-12-15,58,806425.0,616792.6,189632.375,189632.375,23.515190501286543
2025-12-15,29,543421.0,440447.34,102973.65625,102973.65625,18.949149232363123
2025-12-15,78,384662.0,426064.78,-41402.78125,41402.78125,10.763418598665842
2025-12-15,34,391238.0,577713.5,-186475.5,186475.5,47.6629315148324
2025-12-15,90,851280.0,754472.56,96807.4375,96807.4375,11.371985421952823
2025-12-15,99,484369.0,485202.62,-833.625,833.625,0.17210535769217272
2025-12-15,69,457545.0,438673.25,18871.75,18871.75,4.124566982482597
2025-12-15,1,436128.0,493804.5,-57676.5,57676.5,13.224672573189522
2025-12-15,25,466397.0,429083.8,37313.1875,37313.1875,8.000306069721717
2025-12-15,66,736508.0,660932.2,75575.8125,75575.8125,10.26137020914912
2025-12-15,96,584452.0,574287.3,10164.6875,10164.6875,1.7391826018218777
2025-12-15,89,277468.0,387545.88,-110077.875,110077.875,39.67227752389464
2025-12-15,28,292296.0,387221.2,-94925.1875,94925.1875,32.47570527821113
2025-12-15,73,621727.0,670975.0,-49248.0,49248.0,7.921161538746106
2025-12-15,54,642393.0,612427.44,29965.5625,29965.5625,4.6646776194634745
2025-12-15,6,681468.0,732219.5,-50751.5,50751.5,7.447378306831721
2025-12-15,59,383794.0,435202.06,-51408.0625,51408.0625,13.394701975538961
2025-12-15,83,840431.0,668570.25,171860.75,171860.75,20.449120748758673
2025-12-15,32,426673.0,638683.1,-212010.125,212010.125,49.689135473770314
2025-12-15,19,608990.0,635326.06,-26336.0625,26336.0625,4.324547611619239
2025-12-15,84,740812.0,615669.06,125142.9375,125142.9375,16.892671487502902
2025-12-15,88,350254.0,480251.97,-129997.96875,129997.96875,37.11534165205822
2025-12-15,39,499781.0,726318.25,-226537.25,226537.25,45.327303358871184
2025-12-15,80,606217.0,684725.3,-78508.3125,78508.3125,12.95052967831651
2025-12-15,46,553780.0,653075.7,-99295.6875,99295.6875,17.930529722994688
2025-12-15,30,655943.0,427367.6,228575.40625,228575.40625,34.846839778761264
2025-12-15,97,684918.0,668988.44,15929.5625,15929.5625,2.325761989026424
2025-12-15,42,540410.0,663611.2,-123201.1875,123201.1875,22.797725338169165
2025-12-15,85,485568.0,484755.22,812.78125,812.78125,0.1673877294220377
2025-12-15,26,530061.0,442778.06,87282.9375,87282.9375,16.466583563023878
2025-12-15,7,445627.0,376199.3,69427.6875,69427.6875,15.579775799042697
2025-12-16,75,742290.0,613327.06,128962.9375,128962.9375,17.373659553543764
2025-12-16,25,300067.0,437457.84,-137390.84375,137390.84375,45.7867222153719
2025-12-16,73,361501.0,672463.5,-310962.5,310962.5,86.01981737256605
2025-12-16,9,637010.0,658107.94,-21097.9375,21097.9375,3.31202610634056
2025-12-16,35,803135.0,679983.6,123151.375,123151.375,15.333832419207233
2025-12-16,18,489616.0,393685.12,95930.875,95930.875,19.593084172085877
2025-12-16,38,1070817.0,721096.3,349720.6875,349720.6875,32.65923939384601
2025-12-16,17,540161.0,475925.72,64235.28125,64235.28125,11.8918769126242
2025-12-16,58,666090.0,625392.4,40697.625,40697.625,6.1099288384452555
2025-12-16,78,199322.0,435557.38,-236235.375,236235.375,118.51946849820894
2025-12-16,60,417041.0,492349.34,-75308.34375,75308.34375,18.05777939099513
2025-12-16,19,434673.0,630954.75,-196281.75,196281.75,45.15618637458503
2025-12-16,51,735421.0,657550.25,77870.75,77870.75,10.588594832075778
2025-12-16,100,597867.0,689864.44,-91997.4375,91997.4375,15.387609200708518
2025-12-16,96,760246.0,615479.0,144767.0,144767.0,19.042125838215526
2025-12-16,90,620836.0,748821.75,-127985.75,127985.75,20.61506581448241
2025-12-16,74,338300.0,403652.2,-65352.1875,65352.1875,19.317820721253327
2025-12-16,36,571025.0,674224.5,-103199.5,103199.5,18.072676327656406
2025-12-16,98,611473.0,718751.44,-107278.4375,107278.4375,17.544264014927887
2025-12-16,26,392430.0,445431.56,-53001.5625,53001.5625,13.505991514410212
2025-12-16,30,426623.0,437284.44,-10661.4375,10661.4375,2.499030174181889
2025-12-16,86,585325.0,689528.2,-104203.1875,104203.1875,17.802620339127834
2025-12-16,88,373497.0,484309.28,-110812.28125,110812.28125,29.66885443524312
2025-12-16,66,1074046.0,660573.94,413472.0625,413472.0625,38.496681008076
2025-12-16,63,553070.0,486601.06,66468.9375,66468.9375,12.018178078724212
2025-12-16,4,719003.0,728040.8,-9037.8125,9037.8125,1.256992321311594
2025-12-16,13,598258.0,471651.72,126606.28125,126606.28125,21.162488633666413
2025-12-16,92,521488.0,434554.8,86933.1875,86933.1875,16.67021820252815
2025-12-16,28,486363.0,399027.9,87335.09375,87335.09375,17.956771742505083
2025-12-16,89,379071.0,393275.62,-14204.625,14204.625,3.747220177750342
2025-12-16,52,434185.0,436950.66,-2765.65625,2765.65625,0.6369764616465332
2025-12-16,43,436264.0,435877.12,386.875,386.875,0.0886791025617516
2025-12-16,12,347615.0,485986.1,-138371.09375,138371.09375,39.80584662629633
2025-12-16,23,724398.0,490333.62,234064.375,234064.375,32.311571125265395
2025-12-16,50,436944.0,392361.44,44582.5625,44582.5625,10.203266894613497
2025-12-16,70,325011.0,456233.47,-131222.46875,131222.46875,40.3747776998317
2025-12-16,57,750571.0,632257.56,118313.4375,118313.4375,15.763124008255048
2025-12-16,20,391515.0,485053.94,-93538.9375,93538.9375,23.891533530005233
2025-12-16,87,708929.0,714963.56,-6034.5625,6034.5625,0.8512224073214666
2025-12-16,85,426556.0,490729.66,-64173.65625,64173.65625,15.044602877465094
2025-12-16,39,700451.0,723769.8,-23318.8125,23318.8125,3.3291140279619844
2025-12-16,32,513847.0,613457.9,-99610.875,99610.875,19.385318003218856
2025-12-16,54,611320.0,622304.44,-10984.4375,10984.4375,1.7968392167768108
2025-12-16,7,409627.0,390187.25,19439.75,19439.75,4.745719886628566
2025-12-16,59,371658.0,443229.53,-71571.53125,71571.53125,19.257363288291923
2025-12-16,84,838157.0,642531.94,195625.0625,195625.0625,23.33990678357396
2025-12-16,97,968074.0,661533.06,306540.9375,306540.9375,31.665031547175115
2025-12-16,37,793216.0,710667.4,82548.625,82548.625,10.40682802666613
2025-12-16,47,448807.0,435167.44,13639.5625,13639.5625,3.0390708032628724
2025-12-16,48,539979.0,630129.6,-90150.625,90150.625,16.695209443330203
2025-12-16,16,394832.0,682404.75,-287572.75,287572.75,72.83420543420999
2025-12-16,65,671896.0,735780.25,-63884.25,63884.25,9.508056306333124
2025-12-16,5,489793.0,637055.44,-147262.4375,147262.4375,30.0662601343833
2025-12-16,42,609057.0,689615.6,-80558.625,80558.625,13.22677926696516
2025-12-16,46,743158.0,679269.3,63888.6875,63888.6875,8.596918488396815
2025-12-16,6,716326.0,722266.1,-5940.125,5940.125,0.8292488336316146
2025-12-16,15,689433.0,709059.2,-19626.1875,19626.1875,2.846714256497731
2025-12-16,1,195957.0,474313.6,-278356.59375,278356.59375,142.0498342748664
2025-12-16,99,749632.0,491033.56,258598.4375,258598.4375,34.4967180563263
2025-12-16,34,685946.0,567009.9,118936.125,118936.125,17.33899242797538
2025-12-16,29,321511.0,443455.28,-121944.28125,121944.28125,37.92849428168865
2025-12-16,55,827080.0,696674.2,130405.8125,130405.8125,15.767013166803695
2025-12-16,81,891851.0,627584.06,264266.9375,264266.9375,29.631287905715194
2025-12-16,76,724066.0,665971.25,58094.75,58094.75,8.023405324928943
2025-12-16,82,386513.0,430860.12,-44347.125,44347.125,11.473643836041738
2025-12-16,21,653772.0,506172.88,147599.125,147599.125,22.576544269255947
2025-12-16,33,501769.0,393586.88,108182.125,108182.125,21.560145206260252
2025-12-16,80,727410.0,694714.94,32695.0625,32695.0625,4.494722714837574
2025-12-16,8,322139.0,378277.6,-56138.59375,56138.59375,17.426823126041864
2025-12-16,62,588705.0,659085.56,-70380.5625,70380.5625,11.955149438173617
2025-12-16,11,577576.0,644341.75,-66765.75,66765.75,11.559647561533028
2025-12-16,41,536440.0,675611.5,-139171.5,139171.5,25.94353515770636
2025-12-16,79,596963.0,476943.06,120019.9375,120019.9375,20.105088171293698
2025-12-16,64,732723.0,686892.94,45830.0625,45830.0625,6.254759643139359
2025-12-16,83,502771.0,650277.7,-147506.6875,147506.6875,29.338742190778706
2025-12-16,91,362682.0,705040.5,-342358.5,342358.5,94.396330669843
2025-12-16,95,476945.0,397066.25,79878.75,79878.75,16.748000293534894
2025-12-16,3,491650.0,381715.22,109934.78125,109934.78125,22.36037450422048
2025-12-16,56,516472.0,482489.53,33982.46875,33982.46875,6.5797310890038565
2025-12-16,72,371350.0,628189.1,-256839.125,256839.125,69.16362595933755
2025-12-16,27,430752.0,398354.06,32397.9375,32397.9375,7.521250626810787
2025-12-16,22,533375.0,729593.06,-196218.0625,196218.0625,36.78801265526131
2025-12-16,10,573110.0,422317.78,150792.21875,150792.21875,26.311217523686555
2025-12-16,69,368233.0,445387.28,-77154.28125,77154.28125,20.952571130235476
2025-12-16,67,491259.0,475183.12,16075.875,16075.875,3.272382796040378
2025-12-16,40,495530.0,392932.12,102597.875,102597.875,20.70467479264626
2025-12-16,31,579048.0,436994.25,142053.75,142053.75,24.532292659675882
2025-12-16,77,714132.0,629494.1,84637.875,84637.875,11.85185301876964
2025-12-16,49,403784.0,453155.4,-49371.40625,49371.40625,12.227182416836726
2025-12-16,53,578276.0,624202.1,-45926.125,45926.125,7.94190403890184
2025-12-16,68,594357.0,665725.44,-71368.4375,71368.4375,12.007671736010513
2025-12-16,61,358250.0,454429.4,-96179.40625,96179.40625,26.847008025122122
2025-12-16,24,661349.0,480560.9,180788.09375,180788.09375,27.336261754383845
2025-12-16,45,520136.0,438879.7,81256.3125,81256.3125,15.622128154944093
2025-12-16,94,691247.0,675970.2,15276.8125,15276.8125,2.21003671625338
2025-12-16,44,745367.0,730054.3,15312.6875,15312.6875,2.0543822707471624
2025-12-16,2,531059.0,623243.1,-92184.125,92184.125,17.35854679046961
2025-12-16,93,579156.0,489725.75,89430.25,89430.25,15.441478634426648
2025-12-16,14,520035.0,692600.5,-172565.5,172565.5,33.18343957618237
2025-12-16,71,501061.0,388119.1,112941.90625,112941.90625,22.540550202470357
2025-12-17,29,350901.0,450133.12,-99232.125,99232.125,28.279236878777773
2025-12-17,1,598791.0,473745.28,125045.71875,125045.71875,20.883032435357247
2025-12-17,8,434679.0,375913.44,58765.5625,58765.5625,13.519301024434121
2025-12-17,67,405400.0,474651.88,-69251.875,69251.875,17.082356931425753
2025-12-17,2,500317.0,603367.4,-103050.375,103050.375,20.597016491544363
2025-12-17,34,537919.0,559646.2,-21727.1875,21727.1875,4.039118807850253
2025-12-17,40,403054.0,397456.06,5597.9375,5597.9375,1.3888802741071915
2025-12-17,99,464789.0,505571.72,-40782.71875,40782.71875,8.77445867909955
2025-12-17,68,610675.0,663267.75,-52592.75,52592.75,8.612232365824703
2025-12-17,3,386798.0,383726.75,3071.25,3071.25,0.7940191004089989
2025-12-17,65,547050.0,691001.8,-143951.8125,143951.8125,26.314196599945163
2025-12-17,9,861590.0,672163.3,189426.6875,189426.6875,21.985711011037733
2025-12-17,41,741710.0,671265.2,70444.8125,70444.8125,9.49762204904882
2025-12-17,72,766250.0,609587.1,156662.875,156662.875,20.445399673735725
2025-12-17,66,642342.0,639079.2,3262.8125,3262.8125,0.5079556529076411
2025-12-17,62,924783.0,669810.0,254973.0,254973.0,27.57111668358956
2025-12-17,35,533164.0,691771.1,-158607.125,158607.125,29.74828101672281
2025-12-17,5,761063.0,624357.6,136705.375,136705.375,17.962425581062277
2025-12-17,98,823537.0,727881.44,95655.5625,95655.5625,11.615211277696085
2025-12-17,30,535867.0,435736.38,100130.625,100130.625,18.685723323138017
2025-12-17,71,450051.0,396177.78,53873.21875,53873.21875,11.97046973565218
2025-12-17,73,1344011.0,653891.06,690119.9375,690119.9375,51.34778937821194
2025-12-17,83,791895.0,665819.75,126075.25,126075.25,15.920702870961428
2025-12-17,4,890165.0,718931.7,171233.3125,171233.3125,19.236131784556797
2025-12-17,61,404777.0,454558.66,-49781.65625,49781.65625,12.298538763319062
2025-12-17,7,312572.0,390165.6,-77593.59375,77593.59375,24.824230497293424
2025-12-17,85,242706.0,485241.84,-242535.84375,242535.84375,99.92989202986328
2025-12-17,70,346347.0,467117.88,-120770.875,120770.875,34.86990648107245
2025-12-17,87,657057.0,728541.06,-71484.0625,71484.0625,10.879430932171791
2025-12-17,96,580548.0,579186.1,1361.875,1361.875,0.23458439267726355
2025-12-17,6,743827.0,741817.4,2009.625,2009.625,0.2701737097470245
2025-12-17,64,815320.0,735250.56,80069.4375,80069.4375,9.820614911936417
2025-12-17,63,523820.0,488527.78,35292.21875,35292.21875,6.737470648314306
2025-12-17,97,531213.0,650860.3,-119647.3125,119647.3125,22.52341574848507
2025-12-17,69,327624.0,441918.9,-114294.90625,114294.90625,34.885999270505216
2025-12-17,54,458772.0,626513.2,-167741.1875,167741.1875,36.56308307830469
2025-12-17,32,475581.0,629870.3,-154289.3125,154289.3125,32.44227849724863
2025-12-17,88,545719.0,491000.03,54718.96875,54718.96875,10.026949538132262
2025-12-17,95,363374.0,383226.03,-19852.03125,19852.03125,5.463250328862275
2025-12-17,44,458658.0,735075.25,-276417.25,276417.25,60.26652756520109
2025-12-17,58,627702.0,638699.1,-10997.125,10997.125,1.7519659010167246
2025-12-17,80,604686.0,705944.0,-101258.0,101258.0,16.745550583277932
2025-12-17,51,706846.0,687230.56,19615.4375,19615.4375,2.7750652192981216
2025-12-17,17,371551.0,476130.78,-104579.78125,104579.78125,28.14681732790384
2025-12-17,53,500111.0,624302.8,-124191.8125,124191.8125,24.83284960738716
2025-12-17,38,815330.0,717804.7,97525.3125,97525.3125,11.961452724663634
2025-12-17,90,1101356.0,742962.94,358393.0625,358393.0625,32.54107323154366
2025-12-17,26,469079.0,429774.0,39305.0,39305.0,8.379185595603298
2025-12-17,13,411476.0,479594.62,-68118.625,68118.625,16.554701853814073
2025-12-17,19,563760.0,627117.56,-63357.5625,63357.5625,11.23839266709238
2025-12-17,10,356300.0,438217.7,-81917.6875,81917.6875,22.991211759753018
2025-12-17,89,345735.0,382189.44,-36454.4375,36454.4375,10.544040233126529
2025-12-17,49,526905.0,449289.03,77615.96875,77615.96875,14.730543219365918
2025-12-17,81,437890.0,630683.3,-192793.3125,192793.3125,44.027795222544476
2025-12-17,60,503765.0,482078.9,21686.09375,21686.09375,4.304803579049755
2025-12-17,22,680078.0,712009.44,-31931.4375,31931.4375,4.695261058290372
2025-12-17,15,586231.0,703374.4,-117143.375,117143.375,19.98245998590999
2025-12-17,55,746458.0,715724.6,30733.375,30733.375,4.117227627006476
2025-12-17,59,498739.0,444486.75,54252.25,54252.25,10.877884023507285
2025-12-17,48,512137.0,634715.5,-122578.5,122578.5,23.934708876726347
2025-12-17,74,246322.0,386493.03,-140171.03125,140171.03125,56.90560780198277
2025-12-17,20,469193.0,482011.4,-12818.40625,12818.40625,2.7320114004258373
2025-12-17,93,506745.0,480205.94,26539.0625,26539.0625,5.237163168852184
2025-12-17,57,877356.0,633836.25,243519.75,243519.75,27.75609330761971
2025-12-17,75,763899.0,645784.1,118114.875,118114.875,15.46210624703004
2025-12-17,11,616534.0,662048.1,-45514.125,45514.125,7.382257101798116
2025-12-17,47,479824.0,434696.72,45127.28125,45127.28125,9.404965414401948
2025-12-17,23,475639.0,485686.03,-10047.03125,10047.03125,2.112322843585156
2025-12-17,50,374731.0,382153.47,-7422.46875,7422.46875,1.9807458550266726
2025-12-17,78,582148.0,431896.44,150251.5625,150251.5625,25.809856342373415
2025-12-17,76,773473.0,689310.75,84162.25,84162.25,10.881084407600524
2025-12-17,92,319580.0,442466.78,-122886.78125,122886.78125,38.4525881625884
2025-12-17,42,746244.0,681487.44,64756.5625,64756.5625,8.677666085087452
2025-12-17,18,478185.0,396082.47,82102.53125,82102.53125,17.16961662327342
2025-12-17,79,439839.0,488071.1,-48232.09375,48232.09375,10.965851993570375
2025-12-17,43,323715.0,436085.03,-112370.03125,112370.03125,34.71264267951747
2025-12-17,56,489409.0,483535.78,5873.21875,5873.21875,1.2000634949500317
2025-12-17,14,688322.0,671682.44,16639.5625,16639.5625,2.4174096571081556
2025-12-17,37,654588.0,723453.75,-68865.75,68865.75,10.520472419292746
2025-12-17,36,664295.0,673794.94,-9499.9375,9499.9375,1.430078127940147
2025-12-17,84,477930.0,625977.94,-148047.9375,148047.9375,30.976908229238592
2025-12-17,94,630192.0,674479.06,-44287.0625,44287.0625,7.027550730571
2025-12-17,91,1074085.0,672707.1,401377.875,401377.875,37.36928408831703
2025-12-17,45,482694.0,445990.1,36703.90625,36703.90625,7.603969854607681
2025-12-17,25,514641.0,440770.25,73870.75,73870.75,14.353840832735829
2025-12-17,16,586265.0,633722.5,-47457.5,47457.5,8.094888830136544
2025-12-17,28,434748.0,394305.2,40442.8125,40442.8125,9.302587360953932
2025-12-17,52,427061.0,431168.22,-4107.21875,4107.21875,0.9617405358953404
2025-12-17,86,795122.0,711168.2,83953.8125,83953.8125,10.558607672784804
2025-12-17,77,523335.0,626232.94,-102897.9375,102897.9375,19.6619636561667
2025-12-17,27,365908.0,376235.3,-10327.3125,10327.3125,2.822379532560097
2025-12-17,31,354401.0,439347.6,-84946.59375,84946.59375,23.969061529171757
2025-12-17,12,381372.0,487416.66,-106044.65625,106044.65625,27.80609385324565
2025-12-17,21,272184.0,478218.8,-206034.8125,206034.8125,75.69688611380536
2025-12-17,39,677718.0,717762.1,-40044.125,40044.125,5.9086707155483555
2025-12-17,24,348071.0,483352.1,-135281.09375,135281.09375,38.865947967512376
2025-12-17,100,516640.0,722585.3,-205945.3125,205945.3125,39.86244048079901
2025-12-17,46,595427.0,674614.9,-79187.875,79187.875,13.299342320721097
2025-12-17,33,423049.0,401861.1,21187.90625,21187.90625,5.008381121335826
2025-12-17,82,347737.0,438244.38,-90507.375,90507.375,26.0275366153156
2025-12-18,5,849051.0,605455.8,243595.1875,243595.1875,28.69028921701994
2025-12-18,72,361761.0,608696.56,-246935.5625,246935.5625,68.25931001407007
2025-12-18,44,749268.0,760777.25,-11509.25,11509.25,1.5360658669528127
2025-12-18,93,575687.0,493151.22,82535.78125,82535.78125,14.336919411068862
2025-12-18,71,451398.0,383388.3,68009.6875,68009.6875,15.066457427813148
2025-12-18,91,770098.0,670922.25,99175.75,99175.75,12.878328472480128
2025-12-18,27,331744.0,389009.53,-57265.53125,57265.53125,17.26196442136105
2025-12-18,49,519394.0,445123.16,74270.84375,74270.84375,14.299519006765577
2025-12-18,12,447253.0,495077.97,-47824.96875,47824.96875,10.693045938204998
2025-12-18,58,467851.0,629197.3,-161346.3125,161346.3125,34.486687535134045
2025-12-18,3,489742.0,388174.9,101567.09375,101567.09375,20.73889798097774
2025-12-18,82,583848.0,439228.38,144619.625,144619.625,24.770081425302475
2025-12-18,40,436323.0,389509.1,46813.90625,46813.90625,10.729186004404994
2025-12-18,67,600511.0,489607.72,110903.28125,110903.28125,18.468151499306423
2025-12-18,35,728402.0,643187.6,85214.375,85214.375,11.698811233357405
2025-12-18,62,726024.0,682173.1,43850.875,43850.875,6.0398657620133775
2025-12-18,98,702278.0,726400.56,-24122.5625,24122.5625,3.4349022039705073
2025-12-18,83,524248.0,678351.7,-154103.6875,154103.6875,29.39518844134837
2025-12-18,41,848559.0,688916.3,159642.6875,159642.6875,18.81338687115451
2025-12-18,43,467673.0,434290.53,33382.46875,33382.46875,7.137993587399744
2025-12-18,86,653700.0,714600.7,-60900.6875,60900.6875,9.316305262352762
2025-12-18,66,495621.0,645168.75,-149547.75,149547.75,30.17381224766505
2025-12-18,33,341726.0,391226.12,-49500.125,49500.125,14.485325962905954
2025-12-18,52,468667.0,436187.72,32479.28125,32479.28125,6.930140430198841
2025-12-18,4,829662.0,740686.44,88975.5625,88975.5625,10.724314540138032
2025-12-18,39,637401.0,711703.56,-74302.5625,74302.5625,11.657114202833068
2025-12-18,100,806565.0,741950.5,64614.5,64614.5,8.011071643326948
2025-12-18,95,344992.0,393616.94,-48624.9375,48624.9375,14.094511611863464
2025-12-18,77,748223.0,632355.75,115867.25,115867.25,15.485657350816535
2025-12-18,92,429991.0,431767.3,-1776.3125,1776.3125,0.41310457660741734
2025-12-18,65,823656.0,687159.44,136496.5625,136496.5625,16.57203523072739
2025-12-18,51,553209.0,666758.44,-113549.4375,113549.4375,20.525594757135188
2025-12-18,8,507373.0,392980.66,114392.34375,114392.34375,22.54600535503466
2025-12-18,17,612560.0,481773.94,130786.0625,130786.0625,21.350735030037875
2025-12-18,26,600025.0,434624.16,165400.84375,165400.84375,27.565658722553227
2025-12-18,19,604243.0,616703.06,-12460.0625,12460.0625,2.0620946374223617
2025-12-18,32,555736.0,613914.3,-58178.3125,58178.3125,10.468696017533505
2025-12-18,30,385023.0,442221.22,-57198.21875,57198.21875,14.855792705890297
2025-12-18,73,647675.0,652807.5,-5132.5,5132.5,0.7924499170108465
2025-12-18,11,775823.0,652949.0,122874.0,122874.0,15.837890859126372
2025-12-18,50,353180.0,384254.53,-31074.53125,31074.53125,8.798496871283765
2025-12-18,20,577935.0,477118.75,100816.25,100816.25,17.44421950565375
2025-12-18,75,746104.0,650055.94,96048.0625,96048.0625,12.873280735661515
2025-12-18,59,449241.0,433120.2,16120.8125,16120.8125,3.5884553057267703
2025-12-18,78,269585.0,430230.84,-160645.84375,160645.84375,59.59005276628893
2025-12-18,53,423633.0,627289.4,-203656.375,203656.375,48.07377494198988
2025-12-18,79,333879.0,483375.1,-149496.09375,149496.09375,44.77553058143818
2025-12-18,18,535355.0,409241.16,126113.84375,126113.84375,23.557049761373293
2025-12-18,37,645473.0,717375.1,-71902.125,71902.125,11.13944735101236
2025-12-18,60,466277.0,488770.6,-22493.59375,22493.59375,4.824083913639318
2025-12-18,55,740542.0,710813.9,29728.125,29728.125,4.014373931525828
2025-12-18,31,413349.0,443079.97,-29730.96875,29730.96875,7.192703683811985
2025-12-18,2,776970.0,654195.5,122774.5,122774.5,15.80170405549764
2025-12-18,9,548596.0,678810.1,-130214.125,130214.125,23.73588669986657
2025-12-18,57,443926.0,654169.1,-210243.125,210243.125,47.359948504931005
2025-12-18,97,559769.0,638721.56,-78952.5625,78952.5625,14.104489977115561
2025-12-18,47,328505.0,434886.94,-106381.9375,106381.9375,32.38365854400998
2025-12-18,23,573805.0,499345.47,74459.53125,74459.53125,12.976452148377934
2025-12-18,29,349711.0,444588.25,-94877.25,94877.25,27.130187497676655
2025-12-18,76,517784.0,685187.0,-167403.0,167403.0,32.33066297915733
2025-12-18,89,496750.0,391937.34,104812.65625,104812.65625,21.099679164569704
2025-12-18,24,508659.0,486000.4,22658.59375,22658.59375,4.454574430020898
2025-12-18,13,813168.0,481879.03,331288.96875,331288.96875,40.7405319380497
2025-12-18,90,874069.0,769324.9,104744.125,104744.125,11.983507594938157
2025-12-18,38,776538.0,734052.9,42485.125,42485.125,5.471094138342232
2025-12-18,46,517938.0,661056.1,-143118.125,143118.125,27.63228899984168
2025-12-18,63,288178.0,500206.66,-212028.65625,212028.65625,73.57558739737246
2025-12-18,80,819626.0,691312.75,128313.25,128313.25,15.655097568891177
2025-12-18,42,715418.0,661956.3,53461.6875,53461.6875,7.472790382685367
2025-12-18,1,466372.0,485796.16,-19424.15625,19424.15625,4.1649490642662945
2025-12-18,69,390832.0,442702.5,-51870.5,51870.5,13.271814999795309
2025-12-18,7,270979.0,384673.72,-113694.71875,113694.71875,41.95702203860816
2025-12-18,34,783320.0,565853.4,217466.625,217466.625,27.762169356074146
2025-12-18,68,816689.0,664136.9,152552.125,152552.125,18.679341218015672
2025-12-18,70,579980.0,507384.1,72595.90625,72595.90625,12.516967179902755
2025-12-18,74,391898.0,399644.34,-7746.34375,7746.34375,1.9766224247125528
2025-12-18,94,717078.0,684873.6,32204.375,32204.375,4.491056063636034
2025-12-18,25,304849.0,443347.66,-138498.65625,138498.65625,45.431888000288666
2025-12-18,54,358673.0,618008.0,-259335.0,259335.0,72.30402065391038
2025-12-18,21,331466.0,490815.22,-159349.21875,159349.21875,48.0740766021251
2025-12-18,85,578076.0,496376.16,81699.84375,81699.84375,14.133062737425528
2025-12-18,99,462559.0,495553.12,-32994.125,32994.125,7.132954931154728
2025-12-18,88,347019.0,503739.44,-156720.4375,156720.4375,45.161918367582174
2025-12-18,64,489351.0,740562.9,-251211.875,251211.875,51.3357232334255
2025-12-18,61,283242.0,447111.1,-163869.09375,163869.09375,57.85480040036435
2025-12-18,45,685557.0,448195.84,237361.15625,237361.15625,34.62311029571575
2025-12-18,84,602780.0,620120.5,-17340.5,17340.5,2.876754371412456
2025-12-18,14,588096.0,662938.0,-74842.0,74842.0,12.726153553161387
2025-12-18,15,987828.0,693318.5,294509.5,294509.5,29.813844110513166
2025-12-18,28,429801.0,393616.78,36184.21875,36184.21875,8.418830749579456
2025-12-18,10,390925.0,438726.2,-47801.1875,47801.1875,12.22771311632666
2025-12-18,81,597163.0,604749.94,-7586.9375,7586.9375,1.2704969162523465
2025-12-18,6,682985.0,758649.2,-75664.1875,75664.1875,11.078455236937854
2025-12-18,16,579228.0,678991.8,-99763.8125,99763.8125,17.22358250982342
2025-12-18,36,725152.0,681374.44,43777.5625,43777.5625,6.037018790543224
2025-12-18,56,433918.0,479522.34,-45604.34375,45604.34375,10.509899047746348
2025-12-18,48,408399.0,629614.7,-221215.6875,221215.6875,54.166559541037074
2025-12-18,22,578333.0,736808.25,-158475.25,158475.25,27.402076312435913
2025-12-18,96,696548.0,569484.5,127063.5,127063.5,18.24188713484211
2025-12-18,87,571975.0,727938.7,-155963.6875,155963.6875,27.267570698020016
2025-12-19,7,377381.0,465642.25,-88261.25,88261.25,23.387836165572722
2025-12-19,98,1114773.0,894571.25,220201.75,220201.75,19.753057348895243
2025-12-19,56,416197.0,579504.75,-163307.75,163307.75,39.238089174117064
2025-12-19,97,638226.0,788491.56,-150265.5625,150265.5625,23.54425587487818
2025-12-19,52,547150.0,523798.97,23351.03125,23351.03125,4.267756785159463
2025-12-19,43,676964.0,533368.25,143595.75,143595.75,21.211726177462907
2025-12-19,37,886665.0,882240.5,4424.5,4424.5,0.49900469737725067
2025-12-19,62,893586.0,784433.56,109152.4375,109152.4375,12.215101568287775
2025-12-19,95,392728.0,460561.7,-67833.6875,67833.6875,17.272434738546778
2025-12-19,16,589534.0,795834.44,-206300.4375,206300.4375,34.99381503017638
2025-12-19,65,752210.0,816160.44,-63950.4375,63950.4375,8.501673402374337
2025-12-19,27,532799.0,457227.9,75571.09375,75571.09375,14.183790463195315
2025-12-19,93,498371.0,558439.25,-60068.25,60068.25,12.05291840817383
2025-12-19,12,344443.0,580550.56,-236107.5625,236107.5625,68.54764431270196
2025-12-19,54,642047.0,764896.56,-122849.5625,122849.5625,19.134045093271986
2025-12-19,88,526503.0,595751.7,-69248.6875,69248.6875,13.15257225504888
2025-12-19,84,827135.0,750129.56,77005.4375,77005.4375,9.309899532724405
2025-12-19,15,489252.0,853960.25,-364708.25,364708.25,74.54404887460858
2025-12-19,58,441970.0,737100.25,-295130.25,295130.25,66.77608208701949
2025-12-19,6,433917.0,885153.0,-451236.0,451236.0,103.99131631164484
2025-12-19,72,846499.0,709791.75,136707.25,136707.25,16.14972374450531
2025-12-19,64,865853.0,872455.5,-6602.5,6602.5,0.7625428334832818
2025-12-19,77,453598.0,743429.25,-289831.25,289831.25,63.89605994735427
2025-12-19,40,557397.0,458846.56,98550.4375,98550.4375,17.68047504740786
2025-12-19,75,578058.0,743343.25,-165285.25,165285.25,28.593194800521747
2025-12-19,55,872163.0,841347.3,30815.6875,30815.6875,3.533248658794285
2025-12-19,57,483919.0,764276.06,-280357.0625,280357.0625,57.93470859792651
2025-12-19,29,562121.0,531945.2,30175.8125,30175.8125,5.368205866708413
2025-12-19,73,489325.0,768305.44,-278980.4375,278980.4375,57.01332192305727
2025-12-19,34,650103.0,652847.06,-2744.0625,2744.0625,0.42209657546573387
2025-12-19,5,613999.0,735875.2,-121876.1875,121876.1875,19.8495742664076
2025-12-19,63,553104.0,587029.06,-33925.0625,33925.0625,6.133577500795511
2025-12-19,13,644084.0,558132.2,85951.8125,85951.8125,13.344814108097703
2025-12-19,42,685806.0,813965.44,-128159.4375,128159.4375,18.68741852652208
2025-12-19,76,620773.0,805887.2,-185114.1875,185114.1875,29.81994827416785
2025-12-19,17,479212.0,569992.06,-90780.0625,90780.0625,18.943612117392718
2025-12-19,14,1347118.0,788941.5,558176.5,558176.5,41.43486316714646
2025-12-19,53,847055.0,733595.1,113459.875,113459.875,13.394629038256076
2025-12-19,51,1055212.0,794795.0,260417.0,260417.0,24.679116613533584
2025-12-19,79,759884.0,593240.9,166643.125,166643.125,21.930074195535106
2025-12-19,74,499034.0,464986.28,34047.71875,34047.71875,6.822725255193032
2025-12-19,3,373524.0,456208.16,-82684.15625,82684.15625,22.136236560435208
2025-12-19,68,925117.0,818702.75,106414.25,106414.25,11.502788295966889
2025-12-19,49,629588.0,532826.0,96762.0,96762.0,15.369098521572838
2025-12-19,30,450148.0,524702.9,-74554.875,74554.875,16.56230284262065
2025-12-19,80,1135155.0,840980.0,294175.0,294175.0,25.91496315481146
2025-12-19,71,530734.0,464025.9,66708.09375,66708.09375,12.569025867948916
2025-12-19,44,826174.0,893895.5,-67721.5,67721.5,8.197002084306696
2025-12-19,82,399290.0,524746.9,-125456.875,125456.875,31.41998923088482
2025-12-19,100,1085471.0,880882.2,204588.8125,204588.8125,18.847929838752027
2025-12-19,38,943658.0,823991.5,119666.5,119666.5,12.681130239981009
2025-12-19,90,695310.0,860572.6,-165262.625,165262.625,23.768193323841164
2025-12-19,91,1149464.0,787476.2,361987.8125,361987.8125,31.4918790410139
2025-12-19,32,717048.0,664912.5,52135.5,52135.5,7.270852160524818
2025-12-19,67,725074.0,582249.3,142824.6875,142824.6875,19.697946347545216
2025-12-19,89,488998.0,466442.75,22555.25,22555.25,4.612544427584571
2025-12-19,61,586568.0,531493.75,55074.25,55074.25,9.389235348672278
2025-12-19,85,359064.0,569771.25,-210707.25,210707.25,58.68236581779293
2025-12-19,18,442284.0,466194.2,-23910.1875,23910.1875,5.406071099112787
2025-12-19,21,647123.0,565232.9,81890.125,81890.125,12.654491495434408
2025-12-19,23,754484.0,593633.3,160850.6875,160850.6875,21.319297360845294
2025-12-19,47,371061.0,517741.28,-146680.28125,146680.28125,39.52996441285934
2025-12-19,99,609118.0,586861.56,22256.4375,22256.4375,3.653879461779163
2025-12-19,9,929723.0,792599.3,137123.6875,137123.6875,14.748875471511408
2025-12-19,2,784072.0,752693.56,31378.4375,31378.4375,4.001984192778214
2025-12-19,39,808322.0,846543.44,-38221.4375,38221.4375,4.728491554108388
2025-12-19,81,627688.0,733538.56,-105850.5625,105850.5625,16.863563187443443
2025-12-19,10,381339.0,532912.4,-151573.375,151573.375,39.74767201885986
2025-12-19,48,603711.0,721798.9,-118087.875,118087.875,19.56033184752307
2025-12-19,22,1012944.0,873319.9,139624.125,139624.125,13.7839925010662
2025-12-19,87,862430.0,886571.8,-24141.8125,24141.8125,2.7992779124102825
2025-12-19,1,467242.0,568753.5,-101511.5,101511.5,21.725679626403448
2025-12-19,69,421535.0,539025.7,-117490.6875,117490.6875,27.872107298326355
2025-12-19,20,690639.0,572389.2,118249.8125,118249.8125,17.121797711973983
2025-12-19,92,459461.0,533483.44,-74022.4375,74022.4375,16.110711790554586
2025-12-19,59,485947.0,532601.6,-46654.625,46654.625,9.60076407509461
2025-12-19,4,924699.0,857116.3,67582.6875,67582.6875,7.3086147492319125
2025-12-19,70,529880.0,579749.25,-49869.25,49869.25,9.411423341133842
2025-12-19,96,488536.0,697993.4,-209457.375,209457.375,42.87450157204382
2025-12-19,33,637806.0,457367.9,180438.09375,180438.09375,28.29043529693982
2025-12-19,66,558105.0,796441.4,-238336.375,238336.375,42.70457619981903
2025-12-19,36,1101268.0,802889.75,298378.25,298378.25,27.09406338874824
2025-12-19,41,864263.0,810987.94,53275.0625,53275.0625,6.164218819965682
2025-12-19,86,1104821.0,832749.4,272071.625,272071.625,24.625855681599102
2025-12-19,28,461901.0,472746.8,-10845.8125,10845.8125,2.348081623551367
2025-12-19,83,491044.0,804453.94,-313409.9375,313409.9375,63.825224928926936
2025-12-19,45,403927.0,550142.9,-146215.875,146215.875,36.19858910149606
2025-12-19,25,550206.0,539983.2,10222.8125,10222.8125,1.85799727738338
2025-12-19,35,808878.0,807492.7,1385.3125,1385.3125,0.1712634661840228
2025-12-19,78,449951.0,532346.8,-82395.8125,82395.8125,18.312174547895214
2025-12-19,31,706058.0,528974.6,177083.375,177083.375,25.080570576354916
2025-12-19,60,581175.0,579072.2,2102.8125,2102.8125,0.36182088011356306
2025-12-19,50,475711.0,450435.72,25275.28125,25275.28125,5.313158882178466
2025-12-19,24,539520.0,570627.94,-31107.9375,31107.9375,5.765854370551601
2025-12-19,11,817439.0,800754.6,16684.375,16684.375,2.041054439536161
2025-12-19,19,624493.0,726535.75,-102042.75,102042.75,16.34009508513306
2025-12-19,94,850349.0,786436.1,63912.875,63912.875,7.5160757524263575
2025-12-19,8,557183.0,452603.03,104579.96875,104579.96875,18.76941126165012
2025-12-19,26,492095.0,525252.2,-33157.1875,33157.1875,6.737964722258913
2025-12-19,46,1024917.0,790312.9,234604.125,234604.125,22.890060853708157
2025-12-20,14,555141.0,806667.7,-251526.6875,251526.6875,45.30861303704825
2025-12-20,29,612675.0,536452.6,76222.375,76222.375,12.440914840657772
2025-12-20,24,376690.0,577476.56,-200786.5625,200786.5625,53.302865088003394
2025-12-20,46,928648.0,812410.9,116237.125,116237.125,12.516812075188877
2025-12-20,69,428922.0,525749.1,-96827.125,96827.125,22.57452986790139
2025-12-20,2,676617.0,743382.8,-66765.8125,66765.8125,9.867593113977332
2025-12-20,1,626772.0,563692.1,63079.875,63079.875,10.06424585016561
2025-12-20,68,972925.0,745696.9,227228.125,227228.125,23.355153274918415
2025-12-20,37,748748.0,852455.7,-103707.6875,103707.6875,13.850813290987087
2025-12-20,55,774096.0,852053.2,-77957.1875,77957.1875,10.070738965192948
2025-12-20,47,526321.0,533768.94,-7447.9375,7447.9375,1.415094115568256
2025-12-20,80,778019.0,861348.4,-83329.375,83329.375,10.710455014594759
2025-12-20,45,481339.0,543076.0,-61737.0,61737.0,12.826095537656412
2025-12-20,31,554608.0,525639.25,28968.75,28968.75,5.223283832905404
2025-12-20,34,707305.0,652558.8,54746.1875,54746.1875,7.740110348435257
2025-12-20,76,802584.0,803046.44,-462.4375,462.4375,0.05761857948825295
2025-12-20,23,501702.0,586139.7,-84437.6875,84437.6875,16.830247338061238
2025-12-20,70,584807.0,584897.56,-90.5625,90.5625,0.015485878247011408
2025-12-20,63,461307.0,559946.25,-98639.25,98639.25,21.382560854268416
2025-12-20,42,898753.0,816017.75,82735.25,82735.25,9.205560370869415
2025-12-20,90,691309.0,821678.44,-130369.4375,130369.4375,18.858345182834306
2025-12-20,97,762452.0,803428.94,-40976.9375,40976.9375,5.374362910714379
2025-12-20,38,659422.0,835433.06,-176011.0625,176011.0625,26.69171827752183
2025-12-20,7,358188.0,437015.16,-78827.15625,78827.15625,22.007201874434653
2025-12-20,89,441123.0,460656.25,-19533.25,19533.25,4.428073349156585
2025-12-20,98,897218.0,832516.06,64701.9375,64701.9375,7.211395391086669
2025-12-20,6,872835.0,849666.3,23168.6875,23168.6875,2.6544177880126254
2025-12-20,77,613443.0,728552.3,-115109.3125,115109.3125,18.764467521839844
2025-12-20,53,903003.0,751696.06,151306.9375,151306.9375,16.755972848373705
2025-12-20,40,391588.0,468542.75,-76954.75,76954.75,19.651968395354302
2025-12-20,20,653012.0,572695.56,80316.4375,80316.4375,12.299381558072438
2025-12-20,50,602955.0,444828.34,158126.65625,158126.65625,26.225283188629334
2025-12-20,19,528757.0,742199.56,-213442.5625,213442.5625,40.36685329934166
2025-12-20,26,607116.0,533246.94,73869.0625,73869.0625,12.16720733764223
2025-12-20,17,629585.0,571862.8,57722.1875,57722.1875,9.168291414185536
2025-12-20,51,828357.0,749906.3,78450.6875,78450.6875,9.470637358047314
2025-12-20,67,398375.0,583318.7,-184943.6875,184943.6875,46.42452149356762
2025-12-20,78,450174.0,525546.1,-75372.125,75372.125,16.74288719472915
2025-12-20,35,862842.0,794522.0,68320.0,68320.0,7.918019753326797
2025-12-20,52,310139.0,527901.06,-217762.0625,217762.0625,70.21434340731092
2025-12-20,4,873776.0,860760.4,13015.625,13015.625,1.4895837148193587
2025-12-20,66,828296.0,778867.5,49428.5,49428.5,5.967492297439563
2025-12-20,92,590011.0,536036.2,53974.8125,53974.8125,9.148102747236916
2025-12-20,86,610771.0,861143.1,-250372.125,250372.125,40.99279844655362
2025-12-20,43,707346.0,536796.75,170549.25,170549.25,24.111149281963847
2025-12-20,83,666470.0,805161.1,-138691.125,138691.125,20.80980764325476
2025-12-20,18,318464.0,459768.22,-141304.21875,141304.21875,44.37054698490253
2025-12-20,65,436571.0,838173.25,-401602.25,401602.25,91.99013447984406
2025-12-20,22,748716.0,828994.1,-80278.125,80278.125,10.722106245892968
2025-12-20,3,318727.0,450742.38,-132015.375,132015.375,41.41957694202249
2025-12-20,72,691966.0,708146.56,-16180.5625,16180.5625,2.3383464649997254
2025-12-20,48,749646.0,734174.56,15471.4375,15471.4375,2.063832462255518
2025-12-20,15,1258427.0,856443.7,401983.3125,401983.3125,31.943315941250468
2025-12-20,84,791619.0,748323.44,43295.5625,43295.5625,5.4692424638620345
2025-12-20,64,1336814.0,827167.3,509646.6875,509646.6875,38.12397891554098
2025-12-20,81,1066358.0,728370.75,337987.25,337987.25,31.695476566031296
2025-12-20,99,486880.0,582163.5,-95283.5,95283.5,19.57022264212948
2025-12-20,21,660600.0,566280.1,94319.875,94319.875,14.277910233121405
2025-12-20,54,948893.0,756882.56,192010.4375,192010.4375,20.235204338107668
2025-12-20,79,771859.0,598186.7,173672.3125,173672.3125,22.50052308776603
2025-12-20,49,686170.0,536925.2,149244.8125,149244.8125,21.750413527260008
2025-12-20,85,952657.0,589471.44,363185.5625,363185.5625,38.1234339851594
2025-12-20,5,634084.0,738022.8,-103938.8125,103938.8125,16.391962657944372
2025-12-20,87,880617.0,861719.0,18898.0,18898.0,2.145995364613674
2025-12-20,27,565545.0,456389.6,109155.40625,109155.40625,19.30092322450026
2025-12-20,32,474034.0,662983.7,-188949.6875,188949.6875,39.859944117932464
2025-12-20,91,848961.0,799847.25,49113.75,49113.75,5.785159742320318
2025-12-20,93,541743.0,580551.94,-38808.9375,38808.9375,7.163717389980119
2025-12-20,44,750880.0,848854.9,-97974.875,97974.875,13.048007005113998
2025-12-20,71,351886.0,461528.38,-109642.375,109642.375,31.15849309151259
2025-12-20,30,470264.0,520005.66,-49741.65625,49741.65625,10.577389774679755
2025-12-20,16,984245.0,800662.3,183582.6875,183582.6875,18.652133107102397
2025-12-20,94,749551.0,788112.6,-38561.625,38561.625,5.144629918444508
2025-12-20,25,441628.0,505180.1,-63552.09375,63552.09375,14.390413141829775
2025-12-20,12,758088.0,578326.44,179761.5625,179761.5625,23.712492810861008
2025-12-20,73,577190.0,788467.44,-211277.4375,211277.4375,36.60448682409605
2025-12-20,96,719767.0,717718.06,2048.9375,2048.9375,0.28466677410884356
2025-12-20,88,455694.0,583434.9,-127740.875,127740.875,28.032160835999598
2025-12-20,59,424086.0,532877.2,-108791.1875,108791.1875,25.653095716434876
2025-12-20,39,685848.0,862427.2,-176579.1875,176579.1875,25.74611101876801
2025-12-20,10,584015.0,519259.84,64755.15625,64755.15625,11.08792689400101
2025-12-20,82,471375.0,522425.56,-51050.5625,51050.5625,10.830137894457703
2025-12-20,95,582621.0,462900.75,119720.25,119720.25,20.548564160921078
2025-12-20,74,323085.0,459144.88,-136059.875,136059.875,42.11271801538295
2025-12-20,60,414858.0,572496.06,-157638.0625,157638.0625,37.9980770528711
2025-12-20,8,418453.0,463858.5,-45405.5,45405.5,10.85080044831797
2025-12-20,11,642712.0,801022.2,-158310.1875,158310.1875,24.63159043241763
2025-12-20,36,805125.0,791397.06,13727.9375,13727.9375,1.7050690886508304
2025-12-20,75,866030.0,739053.0,126977.0,126977.0,14.661963211436094
2025-12-20,61,679192.0,525924.8,153267.1875,153267.1875,22.566106123158107
2025-12-20,28,589006.0,461201.78,127804.21875,127804.21875,21.698288090443903
2025-12-20,33,431500.0,460677.94,-29177.9375,29177.9375,6.761978563151796
2025-12-20,41,1164413.0,802913.4,361499.625,361499.625,31.045653475184494
2025-12-20,62,545937.0,810992.75,-265055.75,265055.75,48.55061115110352
2025-12-20,58,950144.0,734132.94,216011.0625,216011.0625,22.734560498198167
2025-12-20,100,762572.0,858996.25,-96424.25,96424.25,12.644609295909106
2025-12-20,9,970005.0,796586.25,173418.75,173418.75,17.878129494177866
2025-12-20,13,564916.0,584986.9,-20070.875,20070.875,3.552895474725446
2025-12-20,56,406515.0,584633.0,-178118.0,178118.0,43.81584935365239
2025-12-20,57,521332.0,761335.1,-240003.125,240003.125,46.036522791618395
2025-12-21,21,513997.0,491453.62,22543.375,22543.375,4.38589622118417
2025-12-21,5,567506.0,608214.94,-40708.9375,40708.9375,7.1733052161563045
2025-12-21,91,635480.0,630321.8,5158.1875,5158.1875,0.8116994240574055
2025-12-21,61,290952.0,458746.66,-167794.65625,167794.65625,57.67090662720998
2025-12-21,85,562401.0,479661.4,82739.59375,82739.59375,14.711850396780946
2025-12-21,54,563332.0,642120.2,-78788.1875,78788.1875,13.986101890181986
2025-12-21,44,817524.0,717717.5,99806.5,99806.5,12.208387765986076
2025-12-21,79,365889.0,486052.62,-120163.625,120163.625,32.841551672775076
2025-12-21,16,597605.0,673385.3,-75780.3125,75780.3125,12.680669087440702
2025-12-21,87,805001.0,691514.7,113486.3125,113486.3125,14.097661058806137
2025-12-21,10,699920.0,443306.3,256613.6875,256613.6875,36.663288304377645
2025-12-21,81,841919.0,638378.56,203540.4375,203540.4375,24.175774332210107
2025-12-21,51,830645.0,719410.3,111234.6875,111234.6875,13.391363037157872
2025-12-21,99,357558.0,488324.72,-130766.71875,130766.71875,36.57216975987112
2025-12-21,89,405146.0,379455.66,25690.34375,25690.34375,6.3410088585349484
2025-12-21,23,409992.0,497647.25,-87655.25,87655.25,21.379746434076765
2025-12-21,9,852350.0,639430.6,212919.375,212919.375,24.980275121722297
2025-12-21,47,395363.0,447940.06,-52577.0625,52577.0625,13.298427647503686
2025-12-21,6,719770.0,715893.94,3876.0625,3876.0625,0.5385140392069689
2025-12-21,15,594044.0,756705.56,-162661.5625,162661.5625,27.38207312926315
2025-12-21,39,604207.0,681575.8,-77368.8125,77368.8125,12.805017568482324
2025-12-21,2,761366.0,638521.4,122844.625,122844.625,16.13476632788961
2025-12-21,88,683126.0,483726.1,199399.90625,199399.90625,29.189330555417303
2025-12-21,68,547947.0,650770.44,-102823.4375,102823.4375,18.765215887667967
2025-12-21,60,295095.0,482167.9,-187072.90625,187072.90625,63.394129432894495
2025-12-21,22,644313.0,712593.9,-68280.875,68280.875,10.597469708045622
2025-12-21,82,443166.0,426245.62,16920.375,16920.375,3.818067044854524
2025-12-21,64,429601.0,731042.5,-301441.5,301441.5,70.1677835945447
2025-12-21,84,366417.0,634069.9,-267652.875,267652.875,73.04597630568452
2025-12-21,48,774536.0,631254.4,143281.625,143281.625,18.499027159486452
2025-12-21,58,714359.0,638595.1,75763.875,75763.875,10.605854339344784
2025-12-21,71,234412.0,369016.56,-134604.5625,134604.5625,57.4222149463338
2025-12-21,17,545659.0,485710.7,59948.3125,59948.3125,10.986405887193284
2025-12-21,8,318644.0,389130.16,-70486.15625,70486.15625,22.12066012540641
2025-12-21,26,554552.0,434076.97,120475.03125,120475.03125,21.724749211976516
2025-12-21,11,816439.0,638880.4,177558.625,177558.625,21.74793524072221
2025-12-21,52,622575.0,439374.47,183200.53125,183200.53125,29.42625888447175
2025-12-21,95,431015.0,404979.38,26035.625,26035.625,6.040538032319061
2025-12-21,78,624937.0,457646.38,167290.625,167290.625,26.769198335192186
2025-12-21,62,642654.0,635639.8,7014.1875,7014.1875,1.091440728603572
2025-12-21,43,554828.0,443931.9,110896.09375,110896.09375,19.98747246894533
2025-12-21,98,609879.0,724433.4,-114554.375,114554.375,18.783131572000347
2025-12-21,65,784232.0,717819.25,66412.75,66412.75,8.468508043538137
2025-12-21,33,520873.0,396645.97,124227.03125,124227.03125,23.84977360124253
2025-12-21,4,541378.0,678179.2,-136801.1875,136801.1875,25.269070316858095
2025-12-21,66,692506.0,655485.7,37020.3125,37020.3125,5.3458471839955175
2025-12-21,18,486430.0,395340.66,91089.34375,91089.34375,18.72609496741566
2025-12-21,92,378081.0,430117.47,-52036.46875,52036.46875,13.76331229286846
2025-12-21,86,680807.0,715417.94,-34610.9375,34610.9375,5.083810463170913
2025-12-21,35,578164.0,663777.56,-85613.5625,85613.5625,14.807833503988487
2025-12-21,12,293465.0,474539.56,-181074.5625,181074.5625,61.70226858398787
2025-12-21,19,417008.0,613513.5,-196505.5,196505.5,47.122717070176115
2025-12-21,100,1116965.0,676939.8,440025.1875,440025.1875,39.3947158147301
2025-12-21,27,357417.0,374784.6,-17367.59375,17367.59375,4.8591963308964035
2025-12-21,32,548540.0,550292.75,-1752.75,1752.75,0.3195300251576913
2025-12-21,93,476441.0,484795.6,-8354.59375,8354.59375,1.753542148975424
2025-12-21,90,639251.0,719869.9,-80618.875,80618.875,12.611458566353436
2025-12-21,30,393185.0,418316.72,-25131.71875,25131.71875,6.391830499637575
2025-12-21,41,669598.0,669717.56,-119.5625,119.5625,0.01785586277139418
2025-12-21,72,492681.0,613780.4,-121099.375,121099.375,24.579672242282534
2025-12-21,49,604840.0,446951.1,157888.90625,157888.90625,26.104243477613913
2025-12-21,3,460346.0,378644.88,81701.125,81701.125,17.74776472479396
2025-12-21,77,310184.0,638498.3,-328314.3125,328314.3125,105.84501860186212
2025-12-21,67,559750.0,517593.84,42156.15625,42156.15625,7.531247208575256
2025-12-21,59,478009.0,438261.03,39747.96875,39747.96875,8.315318069325055
2025-12-21,53,562600.0,655283.75,-92683.75,92683.75,16.474182367579097
2025-12-21,40,454194.0,371350.78,82843.21875,82843.21875,18.239610992219184
2025-12-21,75,535369.0,621307.4,-85938.375,85938.375,16.052176162609342
2025-12-21,20,439411.0,481568.44,-42157.4375,42157.4375,9.594078778182613
2025-12-21,73,831698.0,650650.2,181047.8125,181047.8125,21.768455917893274
2025-12-21,50,491640.0,378529.78,113110.21875,113110.21875,23.00671604222602
2025-12-21,42,628587.0,650168.7,-21581.6875,21581.6875,3.433365230270432
2025-12-21,83,830261.0,666800.75,163460.25,163460.25,19.68781503647648
2025-12-21,36,508244.0,668991.75,-160747.75,160747.75,31.628066440528563
2025-12-21,80,316617.0,721717.9,-405100.875,405100.875,127.94665952870503
2025-12-21,13,442077.0,480286.2,-38209.1875,38209.1875,8.64310685695026
2025-12-21,97,632169.0,664418.4,-32249.375,32249.375,5.101385072662532
2025-12-21,25,686020.0,425492.4,260527.59375,260527.59375,37.97667615375645
2025-12-21,29,652360.0,443035.1,209324.90625,209324.90625,32.08733004016187
2025-12-21,74,385058.0,386511.75,-1453.75,1453.75,0.3775405263622623
2025-12-21,38,824376.0,699735.9,124640.125,124640.125,15.119329650547808
2025-12-21,24,607164.0,483170.94,123993.0625,123993.0625,20.421675609884645
2025-12-21,34,557365.0,553366.3,3998.6875,3998.6875,0.7174270899679743
2025-12-21,56,304490.0,482723.47,-178233.46875,178233.46875,58.53508120135308
2025-12-21,69,509114.0,431773.78,77340.21875,77340.21875,15.191139656344157
2025-12-21,7,236291.0,381481.56,-145190.5625,145190.5625,61.445659166028335
2025-12-21,31,662192.0,452390.7,209801.3125,209801.3125,31.682852178824266
2025-12-21,96,820124.0,595331.7,224792.3125,224792.3125,27.409551787290702
2025-12-21,1,585015.0,468256.5,116758.5,116758.5,19.95820619984103
2025-12-21,28,247498.0,394067.53,-146569.53125,146569.53125,59.22049117568626
2025-12-21,57,459619.0,612446.0,-152827.0,152827.0,33.25080120708674
2025-12-21,76,523759.0,653768.8,-130009.8125,130009.8125,24.82244935170565
2025-12-21,94,755457.0,654463.7,100993.3125,100993.3125,13.368505752147374
2025-12-21,63,463880.0,485910.3,-22030.3125,22030.3125,4.749140402690351
2025-12-21,55,637038.0,714954.3,-77916.3125,77916.3125,12.231030566465423
2025-12-21,37,618135.0,722017.44,-103882.4375,103882.4375,16.80578473957954
2025-12-21,14,1043094.0,638279.7,404814.3125,404814.3125,38.80899636082654
2025-12-21,45,414961.0,445401.62,-30440.625,30440.625,7.335779747976316
2025-12-21,46,509578.0,675518.94,-165940.9375,165940.9375,32.56438415708685
2025-12-21,70,747712.0,500426.5,247285.5,247285.5,33.07229254044338
2025-12-22,53,534882.0,649691.6,-114809.625,114809.625,21.464477211796247
2025-12-22,4,559496.0,715039.75,-155543.75,155543.75,27.80069026409483
2025-12-22,46,654384.0,663420.2,-9036.1875,9036.1875,1.3808692602508619
2025-12-22,25,445447.0,430118.38,15328.625,15328.625,3.441178187303989
2025-12-22,79,492577.0,482218.12,10358.875,10358.875,2.1029960798007217
2025-12-22,75,747377.0,622112.56,125264.4375,125264.4375,16.76054220293105
2025-12-22,61,524685.0,436912.06,87772.9375,87772.9375,16.728691977091017
2025-12-22,40,557668.0,395053.44,162614.5625,162614.5625,29.1597442385075
2025-12-22,58,901164.0,619913.0,281251.0,281251.0,31.2097465056305
2025-12-22,96,609453.0,614717.25,-5264.25,5264.25,0.8637663609827173
2025-12-22,66,806550.0,676770.9,129779.125,129779.125,16.090648440890213
2025-12-22,83,772355.0,669392.3,102962.6875,102962.6875,13.331005496177276
2025-12-22,21,503638.0,492203.4,11434.59375,11434.59375,2.27039932451483
2025-12-22,14,821214.0,670860.44,150353.5625,150353.5625,18.308694505938767
2025-12-22,81,464157.0,621380.6,-157223.625,157223.625,33.87294062138457
2025-12-22,54,571210.0,619533.44,-48323.4375,48323.4375,8.459837450324748
2025-12-22,10,458916.0,443760.16,15155.84375,15155.84375,3.30253112770093
2025-12-22,20,478038.0,478835.16,-797.15625,797.15625,0.16675583321827972
2025-12-22,85,484708.0,502603.16,-17895.15625,17895.15625,3.6919457178342427
2025-12-22,43,378908.0,434730.1,-55822.09375,55822.09375,14.732360823735577
2025-12-22,13,420793.0,478797.03,-58004.03125,58004.03125,13.784457262834696
2025-12-22,76,509185.0,668561.75,-159376.75,159376.75,31.300362343745398
2025-12-22,100,876940.0,719803.8,157136.1875,157136.1875,17.91869312609757
2025-12-22,30,427513.0,427426.28,86.71875,86.71875,0.020284470881587226
2025-12-22,93,439172.0,481607.03,-42435.03125,42435.03125,9.66250836801982
2025-12-22,72,652340.0,616207.8,36132.1875,36132.1875,5.538858187448263
2025-12-22,98,853348.0,700181.4,153166.625,153166.625,17.948905370376448
2025-12-22,49,362531.0,444705.12,-82174.125,82174.125,22.666785736943876
2025-12-22,32,546811.0,607261.56,-60450.5625,60450.5625,11.055110906693539
2025-12-22,57,685787.0,625551.8,60235.1875,60235.1875,8.783366774231649
2025-12-22,95,305932.0,379596.97,-73664.96875,73664.96875,24.0788700593596
2025-12-22,71,553793.0,380453.53,173339.46875,173339.46875,31.300408049578092
2025-12-22,24,716332.0,483314.4,233017.59375,233017.59375,32.52927326295628
2025-12-22,27,442947.0,394064.12,48882.875,48882.875,11.035829343013951
2025-12-22,87,760217.0,711991.56,48225.4375,48225.4375,6.343641026180682
2025-12-22,26,567904.0,427263.7,140640.3125,140640.3125,24.76480399856314
2025-12-22,3,390749.0,382854.12,7894.875,7894.875,2.020446629421956
2025-12-22,38,880840.0,636455.5,244384.5,244384.5,27.744482539394216
2025-12-22,5,653393.0,612678.94,40714.0625,40714.0625,6.231175188592471
2025-12-22,91,909453.0,675525.7,233927.3125,233927.3125,25.721759398231686
2025-12-22,36,928939.0,656146.7,272792.3125,272792.3125,29.366009232037843
2025-12-22,37,655431.0,703074.5,-47643.5,47643.5,7.269033658768047
2025-12-22,44,715787.0,742598.4,-26811.375,26811.375,3.7457197462373584
2025-12-22,33,304648.0,379091.2,-74443.1875,74443.1875,24.43580378010031
2025-12-22,56,383359.0,485186.53,-101827.53125,101827.53125,26.56192531021836
2025-12-22,67,746784.0,490332.78,256451.21875,256451.21875,34.3407489648948
2025-12-22,59,355765.0,426316.22,-70551.21875,70551.21875,19.830848664146274
2025-12-22,16,470182.0,680128.7,-209946.6875,209946.6875,44.652217120178996
2025-12-22,70,815023.0,489551.5,325471.5,325471.5,39.93402640170891
2025-12-22,12,535594.0,475382.4,60211.59375,60211.59375,11.24202170860764
2025-12-22,77,619750.0,620733.6,-983.625,983.625,0.15871319080274304
2025-12-22,63,528196.0,489398.38,38797.625,38797.625,7.345308370377662
2025-12-22,41,691599.0,688436.06,3162.9375,3162.9375,0.4573369105507671
2025-12-22,39,610208.0,719195.75,-108987.75,108987.75,17.860754037967382
2025-12-22,11,821149.0,670838.5,150310.5,150310.5,18.30489959800231
2025-12-22,92,519951.0,426805.12,93145.875,93145.875,17.914356352810167
2025-12-22,89,403475.0,398184.44,5290.5625,5290.5625,1.3112491480265196
2025-12-22,35,527492.0,670972.4,-143480.375,143480.375,27.20048360923009
2025-12-22,2,557870.0,639389.5,-81519.5,81519.5,14.612633767723663
2025-12-22,55,599953.0,688464.4,-88511.375,88511.375,14.753051489033309
2025-12-22,60,430247.0,481546.03,-51299.03125,51299.03125,11.92315838344021
2025-12-22,7,430158.0,388659.4,41498.59375,41498.59375,9.64729093728351
2025-12-22,15,635189.0,728987.2,-93798.1875,93798.1875,14.766972900979077
2025-12-22,45,443309.0,436487.06,6821.9375,6821.9375,1.5388673588851118
2025-12-22,80,729332.0,686392.7,42939.3125,42939.3125,5.887485054817285
2025-12-22,17,400529.0,478858.06,-78329.0625,78329.0625,19.55640228298076
2025-12-22,94,654759.0,654710.94,48.0625,48.0625,0.007340487110524636
2025-12-22,97,706621.0,654929.56,51691.4375,51691.4375,7.315298795252334
2025-12-22,78,553654.0,450894.44,102759.5625,102759.5625,18.560249271205482
2025-12-22,47,385897.0,428310.16,-42413.15625,42413.15625,10.99079709093359
2025-12-22,6,712553.0,720014.25,-7461.25,7461.25,1.0471150917896634
2025-12-22,23,369243.0,482179.78,-112936.78125,112936.78125,30.58603175957296
2025-12-22,8,406378.0,375028.0,31350.0,31350.0,7.714492418388791
2025-12-22,74,506796.0,392929.28,113866.71875,113866.71875,22.46795924790251
2025-12-22,9,720908.0,662638.94,58269.0625,58269.0625,8.082732123932596
2025-12-22,19,758140.0,621332.25,136807.75,136807.75,18.045182947740525
2025-12-22,84,587447.0,625769.2,-38322.1875,38322.1875,6.523514036159858
2025-12-22,51,602496.0,654053.56,-51557.5625,51557.5625,8.557328596372423
2025-12-22,82,308696.0,443661.97,-134965.96875,134965.96875,43.72132089499054
2025-12-22,73,855702.0,656279.0,199423.0,199423.0,23.30519269558795
2025-12-22,99,454724.0,482883.72,-28159.71875,28159.71875,6.1927056302284464
2025-12-22,28,244790.0,388222.84,-143432.84375,143432.84375,58.59424149270803
2025-12-22,64,746087.0,766126.56,-20039.5625,20039.5625,2.6859551902124017
2025-12-22,1,569432.0,490149.2,79282.8125,79282.8125,13.923139637393051
2025-12-22,52,315308.0,431189.97,-115881.96875,115881.96875,36.75199130691261
2025-12-22,18,349256.0,394457.28,-45201.28125,45201.28125,12.942163126760885
2025-12-22,31,576330.0,452914.12,123415.875,123415.875,21.41409869345687
2025-12-22,88,555241.0,508204.0,47037.0,47037.0,8.471456538692207
2025-12-22,65,876677.0,690056.25,186620.75,186620.75,21.28728710802268
2025-12-22,50,394914.0,377533.84,17380.15625,17380.15625,4.4009977488769705
2025-12-22,86,511263.0,706182.25,-194919.25,194919.25,38.12504523112371
2025-12-22,69,388502.0,439925.2,-51423.1875,51423.1875,13.236273558437281
2025-12-22,42,765695.0,682146.56,83548.4375,83548.4375,10.911451361181673
2025-12-22,68,1117009.0,664819.94,452189.0625,452189.0625,40.48213241791248
2025-12-22,34,762037.0,576216.75,185820.25,185820.25,24.384675547250332
2025-12-22,29,385759.0,445178.66,-59419.65625,59419.65625,15.403310421791844
2025-12-22,48,740531.0,625480.06,115050.9375,115050.9375,15.536275658952833
2025-12-22,62,825889.0,636657.1,189231.875,189231.875,22.912507007600293
2025-12-22,22,739789.0,729696.75,10092.25,10092.25,1.3642065507867784
2025-12-22,90,837883.0,724621.5,113261.5,113261.5,13.517579423380113
2025-12-23,45,236853.0,437975.9,-201122.90625,201122.90625,84.9146543425669
2025-12-23,96,674985.0,625538.7,49446.3125,49446.3125,7.325542419461173
2025-12-23,95,486555.0,400706.06,85848.9375,85848.9375,17.644241144372167
2025-12-23,56,542624.0,493086.72,49537.28125,49537.28125,9.129209406513535
2025-12-23,97,606094.0,686580.4,-80486.375,80486.375,13.279520173438444
2025-12-23,78,362109.0,433803.62,-71694.625,71694.625,19.79918339505508
2025-12-23,49,458771.0,449718.06,9052.9375,9052.9375,1.9733020395796597
2025-12-23,52,469821.0,429286.47,40534.53125,40534.53125,8.627654202345148
2025-12-23,72,721363.0,634575.2,86787.8125,86787.8125,12.031087330511822
2025-12-23,67,395655.0,499656.6,-104001.59375,104001.59375,26.285929345010175
2025-12-23,75,657204.0,639172.3,18031.6875,18031.6875,2.743697162524878
2025-12-23,73,808327.0,655708.3,152618.6875,152618.6875,18.880810303255984
2025-12-23,33,353591.0,384151.44,-30560.4375,30560.4375,8.642877646772684
2025-12-23,14,775576.0,664779.9,110796.125,110796.125,14.285656724808401
2025-12-23,50,542378.0,390544.53,151833.46875,151833.46875,27.994031607107956
2025-12-23,53,617733.0,646764.5,-29031.5,29031.5,4.699684167755325
2025-12-23,19,569527.0,619712.44,-50185.4375,50185.4375,8.811774946578478
2025-12-23,20,608148.0,484076.94,124071.0625,124071.0625,20.40145860875971
2025-12-23,31,677364.0,433511.38,243852.625,243852.625,36.000233995311234
2025-12-23,35,578541.0,686891.94,-108350.9375,108350.9375,18.728307501110553
2025-12-23,62,467137.0,676426.5,-209289.5,209289.5,44.80259538422347
2025-12-23,59,570736.0,436154.44,134581.5625,134581.5625,23.580352825124052
2025-12-23,70,556418.0,482482.38,73935.625,73935.625,13.28778454327502
2025-12-23,13,490203.0,480168.4,10034.59375,10034.59375,2.04702822096152
2025-12-23,43,437438.0,429785.88,7652.125,7652.125,1.7493050443720026
2025-12-23,17,605589.0,477463.5,128125.5,128125.5,21.15717095257675
2025-12-23,8,354860.0,387033.2,-32173.1875,32173.1875,9.066445217832385
2025-12-23,3,591929.0,385384.97,206544.03125,206544.03125,34.89337931576254
2025-12-23,66,459201.0,667276.06,-208075.0625,208075.0625,45.31241493376539
2025-12-23,77,409630.0,607574.1,-197944.125,197944.125,48.32266313502429
2025-12-23,7,405788.0,399897.28,5890.71875,5890.71875,1.45167396522322
2025-12-23,57,451869.0,631370.1,-179501.125,179501.125,39.72415124737479
2025-12-23,85,507283.0,508847.97,-1564.96875,1564.96875,0.308500137004394
2025-12-23,41,610388.0,658526.2,-48138.1875,48138.1875,7.886489822866767
2025-12-23,2,621293.0,620945.4,347.625,347.625,0.05595186168200832
2025-12-23,92,379461.0,445304.75,-65843.75,65843.75,17.35191495305183
2025-12-23,68,723279.0,655600.6,67678.375,67678.375,9.357160238303615
2025-12-23,84,588335.0,637326.44,-48991.4375,48991.4375,8.327132925969048
2025-12-23,34,559182.0,607468.25,-48286.25,48286.25,8.635158141714147
2025-12-23,29,548778.0,448762.7,100015.3125,100015.3125,18.225095120431213
2025-12-23,80,561550.0,733876.9,-172326.875,172326.875,30.687717033211648
2025-12-23,65,370458.0,695500.9,-325042.875,325042.875,87.74081677275156
2025-12-23,48,576497.0,642581.9,-66084.875,66084.875,11.463177605434199
2025-12-23,69,544109.0,439732.2,104376.8125,104376.8125,19.183070395821424
2025-12-23,18,494333.0,391224.2,103108.8125,103108.8125,20.85816898730208
2025-12-23,1,589740.0,480760.0,108980.0,108980.0,18.479329874181843
2025-12-23,64,644594.0,718536.25,-73942.25,73942.25,11.471135319286248
2025-12-23,99,356314.0,493662.03,-137348.03125,137348.03125,38.54690841504965
2025-12-23,82,395377.0,446864.6,-51487.59375,51487.59375,13.022404881922823
2025-12-23,40,352569.0,394139.8,-41570.8125,41570.8125,11.79083030555721
2025-12-23,60,397245.0,490907.66,-93662.65625,93662.65625,23.578057936537906
2025-12-23,22,563851.0,735405.3,-171554.3125,171554.3125,30.425469228572798
2025-12-23,74,310085.0,414835.84,-104750.84375,104750.84375,33.781332134737255
2025-12-23,58,652013.0,632759.1,19253.875,19253.875,2.9529894342597465
2025-12-23,89,248684.0,415304.3,-166620.3125,166620.3125,67.0008173022792
2025-12-23,42,722607.0,689174.2,33432.8125,33432.8125,4.6266936938059
2025-12-23,90,733648.0,713629.8,20018.1875,20018.1875,2.7285820311648092
2025-12-23,94,607020.0,660110.7,-53090.6875,53090.6875,8.746118332180158
2025-12-23,15,809204.0,715687.1,93516.875,93516.875,11.55665011542207
2025-12-23,55,559645.0,721123.94,-161478.9375,161478.9375,28.853815811809273
2025-12-23,100,709058.0,656471.44,52586.5625,52586.5625,7.4163978828248185
2025-12-23,9,822822.0,673680.1,149141.875,149141.875,18.12565475886644
2025-12-23,88,491230.0,498479.72,-7249.71875,7249.71875,1.475829804775767
2025-12-23,6,678218.0,732758.1,-54540.125,54540.125,8.041680551091241
2025-12-23,47,480327.0,434912.72,45414.28125,45414.28125,9.45486746528927
2025-12-23,86,643335.0,711211.6,-67876.625,67876.625,10.550743391856496
2025-12-23,23,466062.0,482098.8,-16036.8125,16036.8125,3.4409182683848933
2025-12-23,39,934538.0,719721.4,214816.625,214816.625,22.986398091891395
2025-12-23,63,611155.0,477502.25,133652.75,133652.75,21.86887941684188
2025-12-23,28,248081.0,388705.94,-140624.9375,140624.9375,56.68508974891265
2025-12-23,76,602721.0,668596.44,-65875.4375,65875.4375,10.92967351394758
2025-12-23,93,349976.0,493142.06,-143166.0625,143166.0625,40.907394364184974
2025-12-23,30,413907.0,431236.16,-17329.15625,17329.15625,4.186727030468197
2025-12-23,98,653419.0,711368.7,-57949.6875,57949.6875,8.86868724356041
2025-12-23,11,650741.0,670984.75,-20243.75,20243.75,3.110876677510715
2025-12-23,32,587433.0,609942.9,-22509.875,22509.875,3.831905085345903
2025-12-23,24,474651.0,494870.16,-20219.15625,20219.15625,4.25979430149731
2025-12-23,71,281641.0,384644.3,-103003.3125,103003.3125,36.572556019897675
2025-12-23,26,600134.0,438971.44,161162.5625,161162.5625,26.85442959405733
2025-12-23,91,640817.0,655486.3,-14669.3125,14669.3125,2.28915782508891
2025-12-23,38,681115.0,729390.94,-48275.9375,48275.9375,7.087780697826358
2025-12-23,5,660495.0,614802.25,45692.75,45692.75,6.917955472789347
2025-12-23,54,674900.0,623260.4,51639.625,51639.625,7.651448362720403
2025-12-23,61,549687.0,444352.7,105334.3125,105334.3125,19.162598442386304
2025-12-23,51,879704.0,689502.56,190201.4375,190201.4375,21.62107225839601
2025-12-23,44,858764.0,762436.6,96327.375,96327.375,11.21697870427731
2025-12-23,87,752887.0,746951.4,5935.625,5935.625,0.788381921855471
2025-12-23,21,355429.0,465953.22,-110524.21875,110524.21875,31.09600475763092
2025-12-23,83,480944.0,676196.2,-195252.1875,195252.1875,40.59769692521375
2025-12-23,79,522504.0,482485.56,40018.4375,40018.4375,7.658972467196423
2025-12-23,4,685478.0,749231.6,-63753.625,63753.625,9.300608480505575
2025-12-23,10,445008.0,433056.12,11951.875,11951.875,2.6857663233020532
2025-12-23,25,287665.0,429058.97,-141393.96875,141393.96875,49.152301722489696
2025-12-23,46,529501.0,663104.5,-133603.5,133603.5,25.231963679010995
2025-12-23,81,502858.0,606703.06,-103845.0625,103845.0625,20.65097154663941
2025-12-23,27,356997.0,389491.72,-32494.71875,32494.71875,9.102238604245974
2025-12-23,36,920999.0,672786.06,248212.9375,248212.9375,26.950402497722582
2025-12-23,12,401323.0,481459.62,-80136.625,80136.625,19.968111720484497
2025-12-23,37,924849.0,719452.25,205396.75,205396.75,22.208679470919037
2025-12-23,16,960583.0,666870.8,293712.1875,293712.1875,30.576450707539067
2025-12-24,25,448434.0,440614.0,7820.0,7820.0,1.7438463631214405
2025-12-24,11,612495.0,672009.75,-59514.75,59514.75,9.716773198148557
2025-12-24,86,541316.0,714019.8,-172703.8125,172703.8125,31.904435209748094
2025-12-24,92,428909.0,428593.84,315.15625,315.15625,0.0734785817038113
2025-12-24,4,780784.0,751442.0,29342.0,29342.0,3.758017582327507
2025-12-24,28,495742.0,387747.34,107994.65625,107994.65625,21.784447605811085
2025-12-24,58,580243.0,623229.2,-42986.1875,42986.1875,7.408307812416521
2025-12-24,26,376690.0,444173.2,-67483.1875,67483.1875,17.914780721548222
2025-12-24,78,443186.0,428525.28,14660.71875,14660.71875,3.308028401167907
2025-12-24,67,641711.0,483118.34,158592.65625,158592.65625,24.71403112148615
2025-12-24,45,436785.0,452264.12,-15479.125,15479.125,3.5438774225305356
2025-12-24,46,396943.0,669649.44,-272706.4375,272706.4375,68.70166182550139
2025-12-24,36,878989.0,675228.8,203760.1875,203760.1875,23.18119879770964
2025-12-24,39,336863.0,734161.8,-397298.8125,397298.8125,117.94076894761372
2025-12-24,21,669296.0,469526.0,199770.0,199770.0,29.847780354282712
2025-12-24,99,576636.0,495634.6,81001.40625,81001.40625,14.047233653465966
2025-12-24,1,693668.0,485110.0,208558.0,208558.0,30.065968157677737
2025-12-24,69,364067.0,436696.34,-72629.34375,72629.34375,19.94944440171727
2025-12-24,48,670039.0,634131.8,35907.1875,35907.1875,5.358969776386151
2025-12-24,82,741887.0,442591.53,299295.46875,299295.46875,40.34246034099533
2025-12-24,10,498201.0,435956.2,62244.8125,62244.8125,12.493915608358876
2025-12-24,80,377151.0,727109.5,-349958.5,349958.5,92.79002309419835
2025-12-24,2,509980.0,611044.5,-101064.5,101064.5,19.817345778265814
2025-12-24,60,338635.0,486691.3,-148056.3125,148056.3125,43.72150324095265
2025-12-24,22,579659.0,745665.4,-166006.375,166006.375,28.638626330307993
2025-12-24,47,414176.0,433263.34,-19087.34375,19087.34375,4.608510331356718
2025-12-24,9,393783.0,673538.75,-279755.75,279755.75,71.04312527458016
2025-12-24,23,690507.0,482099.3,208407.6875,208407.6875,30.181835593266975
2025-12-24,90,572771.0,709948.7,-137177.6875,137177.6875,23.949831171620072
2025-12-24,89,397637.0,411694.8,-14057.8125,14057.8125,3.5353381350327053
2025-12-24,74,402571.0,379301.28,23269.71875,23269.71875,5.780276957356591
2025-12-24,68,597157.0,653034.6,-55877.625,55877.625,9.357275389889091
2025-12-24,81,465176.0,602329.06,-137153.0625,137153.0625,29.484122676148385
2025-12-24,87,626115.0,748102.94,-121987.9375,121987.9375,19.483311771799112
2025-12-24,85,620952.0,513152.5,107799.5,107799.5,17.360359576907715
2025-12-24,66,612177.0,652241.5,-40064.5,40064.5,6.5445941288222205
2025-12-24,8,354308.0,385357.9,-31049.90625,31049.90625,8.763535186899533
2025-12-24,31,491442.0,451292.78,40149.21875,40149.21875,8.169675923099776
2025-12-24,19,466894.0,593630.75,-126736.75,126736.75,27.144651676826005
2025-12-24,50,223912.0,388231.12,-164319.125,164319.125,73.3855822823252
2025-12-24,33,511716.0,387135.53,124580.46875,124580.46875,24.345627017720766
2025-12-24,20,677282.0,479572.2,197709.8125,197709.8125,29.191653181392685
2025-12-24,3,346271.0,383728.8,-37457.8125,37457.8125,10.817484715728433
2025-12-24,70,508487.0,486300.84,22186.15625,22186.15625,4.3631707890270555
2025-12-24,59,407525.0,428201.78,-20676.78125,20676.78125,5.073745475737685
2025-12-24,49,338461.0,433667.0,-95206.0,95206.0,28.129090205370783
2025-12-24,96,544772.0,621156.44,-76384.4375,76384.4375,14.021358935481265
2025-12-24,24,627177.0,495775.25,131401.75,131401.75,20.95130242339882
2025-12-24,30,432723.0,433686.5,-963.5,963.5,0.22265976155646916
2025-12-24,32,499712.0,571982.0,-72270.0,72270.0,14.462330302254097
2025-12-24,71,349057.0,390529.8,-41472.8125,41472.8125,11.881386850858169
2025-12-24,41,1003796.0,650876.94,352919.0625,352919.0625,35.15844479356363
2025-12-24,38,772101.0,697381.06,74719.9375,74719.9375,9.67748228534868
2025-12-24,91,819094.0,649929.44,169164.5625,169164.5625,20.652643347405792
2025-12-24,44,648388.0,743393.0,-95005.0,95005.0,14.652492026379266
2025-12-24,61,372495.0,433424.03,-60929.03125,60929.03125,16.3570064698855
2025-12-24,51,767234.0,693202.8,74031.1875,74031.1875,9.649101512706684
2025-12-24,79,362486.0,481760.78,-119274.78125,119274.78125,32.904658731647565
2025-12-24,94,619533.0,666132.94,-46599.9375,46599.9375,7.521784553849432
2025-12-24,42,898048.0,655495.94,242552.0625,242552.0625,27.008808270827394
2025-12-24,65,721216.0,706036.06,15179.9375,15179.9375,2.104769930228947
2025-12-24,88,440366.0,491022.53,-50656.53125,50656.53125,11.503279374429452
2025-12-24,53,503850.0,635557.44,-131707.4375,131707.4375,26.140207899176342
2025-12-24,13,520165.0,483547.47,36617.53125,36617.53125,7.039599213711034
2025-12-24,76,708403.0,680665.0,27738.0,27738.0,3.9155678335636637
2025-12-24,35,617267.0,661274.8,-44007.8125,44007.8125,7.129461400010044
2025-12-24,73,584163.0,666864.44,-82701.4375,82701.4375,14.157253626128325
2025-12-24,29,338230.0,439998.9,-101768.90625,101768.90625,30.08866932265027
2025-12-24,84,582694.0,627948.94,-45254.9375,45254.9375,7.76650137121714
2025-12-24,34,501889.0,560165.6,-58276.625,58276.625,11.611456915772212
2025-12-24,62,675610.0,662218.7,13391.3125,13391.3125,1.982106910791729
2025-12-24,12,302993.0,467648.3,-164655.3125,164655.3125,54.34294274125144
2025-12-24,98,389517.0,712849.25,-323332.25,323332.25,83.00850797269439
2025-12-24,95,313858.0,401189.12,-87331.125,87331.125,27.825043491005484
2025-12-24,43,444933.0,427024.44,17908.5625,17908.5625,4.025002078964698
2025-12-24,72,593924.0,611226.56,-17302.5625,17302.5625,2.9132620503633464
2025-12-24,100,771548.0,669193.5,102354.5,102354.5,13.266122133684489
2025-12-24,15,689584.0,727951.56,-38367.5625,38367.5625,5.563870753961809
2025-12-24,63,520213.0,476233.8,43979.1875,43979.1875,8.454073139271797
2025-12-24,27,339474.0,398515.75,-59041.75,59041.75,17.392127232129706
2025-12-24,37,732235.0,744710.94,-12475.9375,12475.9375,1.7038160563207168
2025-12-24,16,617593.0,664690.1,-47097.125,47097.125,7.625916258765885
2025-12-24,6,834047.0,726638.3,107408.6875,107408.6875,12.87801376900822
2025-12-24,17,694962.0,484673.75,210288.25,210288.25,30.258956604821556
2025-12-24,18,398382.0,385616.7,12765.3125,12765.3125,3.2042894759301372
2025-12-24,97,607277.0,656959.44,-49682.4375,49682.4375,8.181182145874123
2025-12-24,75,658685.0,619072.1,39612.875,39612.875,6.013933063603999
2025-12-24,54,657560.0,626504.3,31055.6875,31055.6875,4.722867494981447
2025-12-24,77,710587.0,632871.44,77715.5625,77715.5625,10.936811748596583
2025-12-24,56,542040.0,483292.4,58747.59375,58747.59375,10.838239567190614
2025-12-24,83,612633.0,680960.9,-68327.875,68327.875,11.153149601800752
2025-12-24,40,450365.0,391523.84,58841.15625,58841.15625,13.065215158815628
2025-12-24,52,318450.0,434180.62,-115730.625,115730.625,36.341851154027324
2025-12-24,7,372237.0,397748.12,-25511.125,25511.125,6.853462981917434
2025-12-24,64,435863.0,758015.56,-322152.5625,322152.5625,73.91142687036982
2025-12-24,5,600660.0,608451.8,-7791.8125,7791.8125,1.297208487330603
2025-12-24,14,672460.0,668024.2,4435.8125,4435.8125,0.6596396068167624
2025-12-24,93,444497.0,512758.66,-68261.65625,68261.65625,15.357056684297083
2025-12-24,55,559419.0,750189.9,-190770.875,190770.875,34.101608096972036
2025-12-24,57,652662.0,630329.2,22332.8125,22332.8125,3.4218037054401815
2025-12-25,9,615656.0,650868.6,-35212.625,35212.625,5.719529250100706
2025-12-25,90,673981.0,736858.1,-62877.125,62877.125,9.329213286427954
2025-12-25,66,665471.0,682657.2,-17186.1875,17186.1875,2.5825599462636237
2025-12-25,19,783067.0,626665.7,156401.3125,156401.3125,19.972915791369065
2025-12-25,40,304011.0,403280.53,-99269.53125,99269.53125,32.653269536299675
2025-12-25,57,644411.0,610623.0,33788.0,33788.0,5.2432376231938935
2025-12-25,72,775440.0,613165.06,162274.9375,162274.9375,20.92682057928402
2025-12-25,8,286438.0,386061.3,-99623.3125,99623.3125,34.780061479273
2025-12-25,35,972732.0,677982.1,294749.875,294749.875,30.30124176032042
2025-12-25,17,566790.0,477846.28,88943.71875,88943.71875,15.692534933573283
2025-12-25,23,462839.0,502066.34,-39227.34375,39227.34375,8.475375616575095
2025-12-25,6,705848.0,729973.8,-24125.8125,24125.8125,3.4179897796692775
2025-12-25,60,569174.0,487168.22,82005.78125,82005.78125,14.407857922181968
2025-12-25,12,461869.0,474107.03,-12238.03125,12238.03125,2.649675827994518
2025-12-25,32,946485.0,620383.25,326101.75,326101.75,34.45397972498244
2025-12-25,41,830194.0,676705.5,153488.5,153488.5,18.488269007003183
2025-12-25,27,340360.0,388101.5,-47741.5,47741.5,14.02676577741215
2025-12-25,79,474787.0,487775.38,-12988.375,12988.375,2.7356214470910114
2025-12-25,83,790526.0,683581.06,106944.9375,106944.9375,13.528326392806814
2025-12-25,20,514451.0,485571.9,28879.09375,28879.09375,5.61357519958169
2025-12-25,54,605039.0,626311.7,-21272.6875,21272.6875,3.5159200481291286
2025-12-25,59,346909.0,434274.3,-87365.3125,87365.3125,25.183927917695996
2025-12-25,75,782775.0,622978.1,159796.875,159796.875,20.41415157612341
2025-12-25,77,712466.0,640173.0,72293.0,72293.0,10.146870166436011
2025-12-25,3,265972.0,385727.2,-119755.1875,119755.1875,45.025486705367484
2025-12-25,64,747927.0,749532.7,-1605.6875,1605.6875,0.21468505616189815
2025-12-25,99,352719.0,488499.1,-135780.09375,135780.09375,38.49525932824713
2025-12-25,39,715954.0,713389.56,2564.4375,2564.4375,0.3581846738756959
2025-12-25,48,494283.0,638643.3,-144360.3125,144360.3125,29.206003949154635
2025-12-25,47,453937.0,437769.97,16167.03125,16167.03125,3.5615143180661635
2025-12-25,34,680550.0,605602.7,74947.3125,74947.3125,11.012756226581441
2025-12-25,82,460780.0,437189.34,23590.65625,23590.65625,5.119722264421199
2025-12-25,10,488930.0,433585.12,55344.875,55344.875,11.319590738960587
2025-12-25,53,792502.0,607195.8,185306.1875,185306.1875,23.382425217854337
2025-12-25,29,412385.0,447725.97,-35340.96875,35340.96875,8.569896759096475
2025-12-25,33,252365.0,381627.4,-129262.40625,129262.40625,51.22041735185149
2025-12-25,73,607769.0,704503.3,-96734.3125,96734.3125,15.91629591176911
2025-12-25,84,498041.0,634588.25,-136547.25,136547.25,27.416869293893477
2025-12-25,81,621490.0,628452.4,-6962.375,6962.375,1.1202714444319297
2025-12-25,2,638782.0,613785.6,24996.375,24996.375,3.9131307707480802
2025-12-25,15,872320.0,718345.6,153974.375,153974.375,17.651134331438005
2025-12-25,50,427813.0,371494.53,56318.46875,56318.46875,13.164272415751743
2025-12-25,22,389502.0,734262.75,-344760.75,344760.75,88.51321687693516
2025-12-25,49,557612.0,456263.94,101348.0625,101348.0625,18.175373288236266
2025-12-25,68,651666.0,665362.1,-13696.125,13696.125,2.1017093112115717
2025-12-25,94,654675.0,660694.8,-6019.8125,6019.8125,0.9195115897200901
2025-12-25,89,523692.0,396020.03,127671.96875,127671.96875,24.37920929668584
2025-12-25,4,691839.0,717555.5,-25716.5,25716.5,3.717122047181497
2025-12-25,42,495437.0,690597.0,-195160.0,195160.0,39.39148670769442
2025-12-25,61,456027.0,465505.56,-9478.5625,9478.5625,2.078509057577731
2025-12-25,100,604832.0,691681.7,-86849.6875,86849.6875,14.359307625919262
2025-12-25,76,503514.0,671913.2,-168399.1875,168399.1875,33.444787533216555
2025-12-25,24,469798.0,499974.8,-30176.8125,30176.8125,6.423359081988429
2025-12-25,44,829216.0,721768.3,107447.6875,107447.6875,12.957744122158763
2025-12-25,96,768763.0,636808.9,131954.125,131954.125,17.164473966619102
2025-12-25,65,1058477.0,684477.1,373999.875,373999.875,35.33377437582489
2025-12-25,13,696193.0,480913.1,215279.90625,215279.90625,30.922446254127806
2025-12-25,92,799443.0,435899.94,363543.0625,363543.0625,45.47454446408312
2025-12-25,70,615247.0,487765.4,127481.59375,127481.59375,20.720392582166188
2025-12-25,37,647717.0,745007.4,-97290.375,97290.375,15.020506641017606
2025-12-25,5,676593.0,603367.94,73225.0625,73225.0625,10.822616033568186
2025-12-25,31,408459.0,438491.34,-30032.34375,30032.34375,7.352596894669968
2025-12-25,71,360242.0,392740.62,-32498.625,32498.625,9.021331493829148
2025-12-25,45,540279.0,444284.03,95994.96875,95994.96875,17.76766610399442
2025-12-25,91,752678.0,659734.4,92943.625,92943.625,12.348391343974448
2025-12-25,86,723506.0,706064.94,17441.0625,17441.0625,2.4106313562016073
2025-12-25,97,565626.0,668719.8,-103093.8125,103093.8125,18.226498163097173
2025-12-25,18,403740.0,392410.44,11329.5625,11329.5625,2.806153093575073
2025-12-25,56,459586.0,483471.0,-23885.0,23885.0,5.197068666147358
2025-12-25,58,904588.0,629422.06,275165.9375,275165.9375,30.418924140050496
2025-12-25,7,310439.0,400135.9,-89696.90625,89696.90625,28.89356886538096
2025-12-25,25,573952.0,460125.16,113826.84375,113826.84375,19.832119018663583
2025-12-25,28,392201.0,405469.8,-13268.8125,13268.8125,3.3831664121203158
2025-12-25,14,817688.0,672126.94,145561.0625,145561.0625,17.801540746592835
2025-12-25,95,373767.0,395928.56,-22161.5625,22161.5625,5.929245358739536
2025-12-25,38,567531.0,752099.3,-184568.3125,184568.3125,32.52127416828332
2025-12-25,21,470079.0,491778.3,-21699.3125,21699.3125,4.616099102491283
2025-12-25,88,490674.0,496885.38,-6211.375,6211.375,1.2658863114817576
2025-12-25,87,761995.0,741299.56,20695.4375,20695.4375,2.7159545010137864
2025-12-25,62,689774.0,667228.7,22545.3125,22545.3125,3.2685071487182755
2025-12-25,98,717984.0,717047.5,936.5,936.5,0.13043466149663502
2025-12-25,80,618812.0,716512.2,-97700.1875,97700.1875,15.788347268637324
2025-12-25,43,390640.0,427607.88,-36967.875,36967.875,9.46341260495597
2025-12-25,11,971123.0,648384.1,322738.875,322738.875,33.2335733990442
2025-12-25,69,343021.0,436952.25,-93931.25,93931.25,27.38352753913026
2025-12-25,55,778825.0,735578.2,43246.8125,43246.8125,5.552827978043848
2025-12-25,51,571913.0,675984.06,-104071.0625,104071.0625,18.19700942276185
2025-12-25,85,490841.0,499080.06,-8239.0625,8239.0625,1.6785603688363442
2025-12-25,1,467896.0,473165.2,-5269.1875,5269.1875,1.1261450194060219
2025-12-25,26,346538.0,441415.06,-94877.0625,94877.0625,27.378545065764794
2025-12-25,63,571856.0,483605.7,88250.3125,88250.3125,15.432261356005709
2025-12-25,52,631461.0,428532.75,202928.25,202928.25,32.136307705464
2025-12-25,74,385827.0,397110.94,-11283.9375,11283.9375,2.9246106415569675
2025-12-25,30,337762.0,443454.25,-105692.25,105692.25,31.291930412539003
2025-12-25,93,546485.0,500234.22,46250.78125,46250.78125,8.463321271398117
2025-12-25,36,471021.0,636773.7,-165752.6875,165752.6875,35.19008441237227
2025-12-25,46,621984.0,667916.1,-45932.125,45932.125,7.384775974944693
2025-12-25,67,403845.0,491258.72,-87413.71875,87413.71875,21.64536362961037
2025-12-25,78,436097.0,440319.56,-4222.5625,4222.5625,0.968262221478249
2025-12-25,16,803138.0,674774.2,128363.8125,128363.8125,15.982784091899523
2025-12-26,83,1052160.0,785351.5,266808.5,266808.5,25.35816795924574
2025-12-26,91,451550.0,815876.75,-364326.75,364326.75,80.68358985715868
2025-12-26,81,663502.0,763197.3,-99695.3125,99695.3125,15.025623509801026
2025-12-26,40,375987.0,463827.88,-87840.875,87840.875,23.362742594823757
2025-12-26,5,665922.0,703129.8,-37207.8125,37207.8125,5.587413015338133
2025-12-26,87,930593.0,869422.9,61170.125,61170.125,6.573241470761117
2025-12-26,85,694940.0,586608.7,108331.3125,108331.3125,15.588584985754167
2025-12-26,27,330832.0,459659.8,-128827.8125,128827.8125,38.940553664699905
2025-12-26,44,901772.0,914786.2,-13014.1875,13014.1875,1.4431793735001752
2025-12-26,10,478063.0,522898.38,-44835.375,44835.375,9.378549479880267
2025-12-26,61,758027.0,535543.7,222483.3125,222483.3125,29.350315028356512
2025-12-26,72,1034586.0,739840.8,294745.1875,294745.1875,28.489191570347945
2025-12-26,16,730071.0,797245.5,-67174.5,67174.5,9.201091400699383
2025-12-26,12,463266.0,577982.4,-114716.375,114716.375,24.762528439384717
2025-12-26,39,778516.0,818515.94,-39999.9375,39999.9375,5.137972437303794
2025-12-26,79,736058.0,589180.44,146877.5625,146877.5625,19.95461804640395
2025-12-26,88,593427.0,578681.9,14745.125,14745.125,2.4847411728822584
2025-12-26,69,460998.0,541249.75,-80251.75,80251.75,17.408264244096504
2025-12-26,1,468079.0,554034.44,-85955.4375,85955.4375,18.363446661781452
2025-12-26,63,461457.0,586857.5,-125400.5,125400.5,27.174904704013592
2025-12-26,36,629655.0,784893.75,-155238.75,155238.75,24.654572742215976
2025-12-26,46,660282.0,775672.6,-115390.625,115390.625,17.475961028772556
2025-12-26,37,587314.0,868681.2,-281367.1875,281367.1875,47.907454530285335
2025-12-26,38,813527.0,860022.5,-46495.5,46495.5,5.7152989390641
2025-12-26,96,814757.0,732059.25,82697.75,82697.75,10.14998950607359
2025-12-26,80,693506.0,827189.56,-133683.5625,133683.5625,19.276482467347076
2025-12-26,76,1068271.0,769647.94,298623.0625,298623.0625,27.953867745169532
2025-12-26,70,462665.0,583123.9,-120458.875,120458.875,26.035873688305795
2025-12-26,14,695962.0,798986.9,-103024.875,103024.875,14.80323279144551
2025-12-26,13,328312.0,583966.6,-255654.625,255654.625,77.86941232729842
2025-12-26,31,421473.0,527766.0,-106293.0,106293.0,25.219409072467275
2025-12-26,45,516802.0,533509.0,-16707.0,16707.0,3.2327661270660717
2025-12-26,56,628819.0,571191.44,57627.5625,57627.5625,9.164411778270058
2025-12-26,97,1017014.0,792477.25,224536.75,224536.75,22.07803924036444
2025-12-26,25,536913.0,527275.1,9637.875,9637.875,1.7950533885378077
2025-12-26,94,741948.0,814470.5,-72522.5,72522.5,9.774606845762776
2025-12-26,24,416140.0,568498.44,-152358.4375,152358.4375,36.61230295092997
2025-12-26,21,390918.0,559255.1,-168337.125,168337.125,43.062004052000674
2025-12-26,55,686235.0,843228.5,-156993.5,156993.5,22.877512805380082
2025-12-26,89,350128.0,474750.12,-124622.125,124622.125,35.59330444865878
2025-12-26,64,795237.0,859801.4,-64564.375,64564.375,8.118884684691482
2025-12-26,99,401104.0,585457.0,-184353.0,184353.0,45.96139654553433
2025-12-26,34,700601.0,641672.4,58928.625,58928.625,8.411153423988832
2025-12-26,48,637970.0,731061.7,-93091.6875,93091.6875,14.591859726946407
2025-12-26,29,522958.0,538475.44,-15517.4375,15517.4375,2.9672435453707564
2025-12-26,82,331459.0,526243.06,-194784.0625,194784.0625,58.7656580451881
2025-12-26,54,576069.0,749689.1,-173620.125,173620.125,30.13877243871828
2025-12-26,2,595480.0,733099.7,-137619.6875,137619.6875,23.110715305299927
2025-12-26,15,821663.0,832698.44,-11035.4375,11035.4375,1.343061267210523
2025-12-26,74,514188.0,466225.56,47962.4375,47962.4375,9.327801796230172
2025-12-26,22,674860.0,854419.75,-179559.75,179559.75,26.606962925643835
2025-12-26,6,801800.0,862996.94,-61196.9375,61196.9375,7.6324441880768275
2025-12-26,9,440737.0,772699.8,-331962.8125,331962.8125,75.31993286245539
2025-12-26,41,893411.0,818986.8,74424.1875,74424.1875,8.330341522546734
2025-12-26,23,490068.0,591001.8,-100933.8125,100933.8125,20.595879041275904
2025-12-26,68,785519.0,805995.1,-20476.125,20476.125,2.6067001562024594
2025-12-26,42,863342.0,773901.8,89440.1875,89440.1875,10.359763280368615
2025-12-26,90,620589.0,872559.5,-251970.5,251970.5,40.60183148589485
2025-12-26,84,592101.0,744786.4,-152685.375,152685.375,25.78704900008613
2025-12-26,60,776268.0,579093.8,197174.1875,197174.1875,25.400272521861005
2025-12-26,47,716840.0,517907.44,198932.5625,198932.5625,27.751320029574245
2025-12-26,57,610201.0,758085.25,-147884.25,147884.25,24.23533393095062
2025-12-26,28,462621.0,458476.8,4144.1875,4144.1875,0.8958061782755214
2025-12-26,19,811490.0,736067.94,75422.0625,75422.0625,9.29426887577173
2025-12-26,26,499550.0,542567.2,-43017.1875,43017.1875,8.61118756881193
2025-12-26,98,679722.0,854744.56,-175022.5625,175022.5625,25.749138986232605
2025-12-26,11,736841.0,773908.44,-37067.4375,37067.4375,5.030588349453953
2025-12-26,93,596734.0,586124.1,10609.875,10609.875,1.777990696022013
2025-12-26,62,845664.0,791594.8,54069.1875,54069.1875,6.393696255250313
2025-12-26,30,417447.0,531442.5,-113995.5,113995.5,27.30777799337401
2025-12-26,32,814137.0,640520.5,173616.5,173616.5,21.32521921986103
2025-12-26,78,460131.0,507146.12,-47015.125,47015.125,10.217769504771468
2025-12-26,51,857832.0,783003.94,74828.0625,74828.0625,8.722927391377333
2025-12-26,52,594687.0,536479.7,58207.3125,58207.3125,9.787890520559554
2025-12-26,75,862908.0,758237.94,104670.0625,104670.0625,12.129921440060818
2025-12-26,95,423130.0,466848.03,-43718.03125,43718.03125,10.332056637440031
2025-12-26,49,711129.0,516323.03,194805.96875,194805.96875,27.393900227666144
2025-12-26,66,544128.0,792491.0,-248363.0,248363.0,45.644223418019294
2025-12-26,8,326322.0,445243.53,-118921.53125,118921.53125,36.44300146787529
2025-12-26,50,340771.0,453406.4,-112635.40625,112635.40625,33.053107878898146
2025-12-26,73,569516.0,796982.75,-227466.75,227466.75,39.94036164041045
2025-12-26,35,712673.0,794725.44,-82052.4375,82052.4375,11.513336060156622
2025-12-26,20,664893.0,581056.0,83837.0,83837.0,12.609096501241554
2025-12-26,59,508219.0,540793.0,-32574.0,32574.0,6.409441598995709
2025-12-26,33,512539.0,456157.97,56381.03125,56381.03125,11.000339730244917
2025-12-26,77,597761.0,755821.4,-158060.375,158060.375,26.44206882014718
2025-12-26,3,408574.0,453640.3,-45066.3125,45066.3125,11.030146925648719
2025-12-26,53,467891.0,759708.2,-291817.1875,291817.1875,62.36862591928462
2025-12-26,17,622723.0,579917.0,42806.0,42806.0,6.874003369074211
2025-12-26,4,955938.0,829376.7,126561.3125,126561.3125,13.239489642633728
2025-12-26,100,590859.0,845243.94,-254384.9375,254384.9375,43.05340825814619
2025-12-26,92,580939.0,539990.25,40948.75,40948.75,7.048717679480979
2025-12-26,67,478595.0,586549.3,-107954.3125,107954.3125,22.556506545200012
2025-12-26,71,518530.0,456371.4,62158.59375,62158.59375,11.987463357954217
2025-12-26,43,479799.0,519156.3,-39357.3125,39357.3125,8.202875058097245
2025-12-26,86,520196.0,835070.9,-314874.875,314874.875,60.53004540596236
2025-12-26,65,784633.0,850805.06,-66172.0625,66172.0625,8.433504899742937
2025-12-26,58,891649.0,757043.5,134605.5,134605.5,15.096243028366544
2025-12-26,18,473684.0,478121.5,-4437.5,4437.5,0.9368059719137654
2025-12-26,7,470033.0,464439.72,5593.28125,5593.28125,1.1899762888988645
2025-12-27,73,892176.0,833921.56,58254.4375,58254.4375,6.529478208335575
2025-12-27,39,948687.0,864464.6,84222.375,84222.375,8.877783188765104
2025-12-27,50,498372.0,448864.88,49507.125,49507.125,9.933769353013412
2025-12-27,38,1200808.0,909911.2,290896.8125,290896.8125,24.225089481415846
2025-12-27,6,854261.0,789004.5,65256.5,65256.5,7.63894172858178
2025-12-27,19,807966.0,739107.6,68858.375,68858.375,8.52243473116443
2025-12-27,9,773746.0,790334.7,-16588.6875,16588.6875,2.143944847533945
2025-12-27,57,807786.0,760949.5,46836.5,46836.5,5.798132178572048
2025-12-27,8,298747.0,475117.94,-176370.9375,176370.9375,59.03688991019157
2025-12-27,23,560729.0,583061.75,-22332.75,22332.75,3.982806311070054
2025-12-27,68,1024897.0,821447.5,203449.5,203449.5,19.8507264632446
2025-12-27,42,704138.0,810127.94,-105989.9375,105989.9375,15.052438229437978
2025-12-27,22,1580146.0,808877.94,771268.0625,771268.0625,48.80992405132184
2025-12-27,47,428039.0,513375.28,-85336.28125,85336.28125,19.936566819845854
2025-12-27,51,554106.0,821574.44,-267468.4375,267468.4375,48.27026552681256
2025-12-27,35,913871.0,818620.56,95250.4375,95250.4375,10.422744293231759
2025-12-27,2,768347.0,762144.25,6202.75,6202.75,0.8072849897246946
2025-12-27,97,866020.0,830970.4,35049.625,35049.625,4.0472073393224175
2025-12-27,100,743031.0,811008.25,-67977.25,67977.25,9.148642519625696
2025-12-27,25,483638.0,524343.0,-40705.0,40705.0,8.41641889181578
2025-12-27,54,492628.0,788855.56,-296227.5625,296227.5625,60.13210018512956
2025-12-27,18,475961.0,467404.28,8556.71875,8556.71875,1.7977772863743038
2025-12-27,94,798262.0,801342.2,-3080.1875,3080.1875,0.38586172209124325
2025-12-27,33,510489.0,428089.34,82399.65625,82399.65625,16.1413186670036
2025-12-27,28,659174.0,456418.75,202755.25,202755.25,30.758987763473684
2025-12-27,82,459160.0,529153.7,-69993.6875,69993.6875,15.243855627667916
2025-12-27,53,741700.0,762380.4,-20680.375,20680.375,2.788239854388567
2025-12-27,29,367053.0,541292.2,-174239.1875,174239.1875,47.469762541104416
2025-12-27,77,1072577.0,773187.6,299389.375,299389.375,27.913089223431044
2025-12-27,15,751485.0,850525.4,-99040.375,99040.375,13.17928834241535
2025-12-27,90,1117901.0,928856.25,189044.75,189044.75,16.910687976842315
2025-12-27,45,735605.0,525396.06,210208.9375,210208.9375,28.57633342622739
2025-12-27,31,483609.0,538743.56,-55134.5625,55134.5625,11.400648561130996
2025-12-27,1,558566.0,562772.7,-4206.6875,4206.6875,0.7531227285584873
2025-12-27,98,954810.0,887590.7,67219.3125,67219.3125,7.040072108587049
2025-12-27,63,481390.0,590114.56,-108724.5625,108724.5625,22.585546542304577
2025-12-27,24,614828.0,577074.7,37753.3125,37753.3125,6.140467333953561
2025-12-27,26,604242.0,538897.44,65344.5625,65344.5625,10.814303292389473
2025-12-27,11,1038391.0,820684.1,217706.875,217706.875,20.965789861429844
2025-12-27,69,479216.0,527237.6,-48021.625,48021.625,10.020872633634937
2025-12-27,88,367581.0,580348.8,-212767.8125,212767.8125,57.88324546154453
2025-12-27,37,689212.0,882755.25,-193543.25,193543.25,28.08181662536346
2025-12-27,58,659732.0,762505.75,-102773.75,102773.75,15.578105958176957
2025-12-27,95,438820.0,458036.25,-19216.25,19216.25,4.379073424183036
2025-12-27,76,531908.0,772502.1,-240594.125,240594.125,45.23228171037096
2025-12-27,96,1080973.0,754914.5,326058.5,326058.5,30.16342683859819
2025-12-27,4,824056.0,830991.8,-6935.8125,6935.8125,0.8416676172493133
2025-12-27,46,857451.0,820683.3,36767.6875,36767.6875,4.288021997758473
2025-12-27,70,484832.0,579921.3,-95089.3125,95089.3125,19.612837539601347
2025-12-27,36,1106526.0,821962.56,284563.4375,284563.4375,25.716832455812156
2025-12-27,65,1227945.0,845089.06,382855.9375,382855.9375,31.178590042713637
2025-12-27,17,552249.0,578719.9,-26470.875,26470.875,4.793286180690233
2025-12-27,86,660452.0,885416.5,-224964.5,224964.5,34.06220285501445
2025-12-27,56,766646.0,572802.25,193843.75,193843.75,25.28464897749418
2025-12-27,84,861319.0,757492.0,103827.0,103827.0,12.054418862233389
2025-12-27,60,569148.0,589661.0,-20513.0,20513.0,3.604159199364664
2025-12-27,89,440687.0,462808.0,-22121.0,22121.0,5.019662481534513
2025-12-27,74,443814.0,460831.16,-17017.15625,17017.15625,3.8342991095368784
2025-12-27,52,754981.0,545534.8,209446.1875,209446.1875,27.741915028325216
2025-12-27,13,384077.0,584652.56,-200575.5625,200575.5625,52.222747652163505
2025-12-27,92,547100.0,522607.78,24492.21875,24492.21875,4.476735286053738
2025-12-27,55,954570.0,847125.56,107444.4375,107444.4375,11.255794493855872
2025-12-27,78,531752.0,524339.75,7412.25,7412.25,1.3939298770855586
2025-12-27,48,912918.0,776898.4,136019.625,136019.625,14.899435108081995
2025-12-27,14,536027.0,848042.4,-312015.375,312015.375,58.20889152971772
2025-12-27,62,1014989.0,819002.6,195986.375,195986.375,19.30921172544727
2025-12-27,66,1034709.0,807796.44,226912.5625,226912.5625,21.93008493209202
2025-12-27,80,722234.0,824591.25,-102357.25,102357.25,14.172311190002132
2025-12-27,41,661038.0,828762.2,-167724.1875,167724.1875,25.372851106895517
2025-12-27,12,574614.0,570900.6,3713.375,3713.375,0.6462381703195537
2025-12-27,34,566954.0,706110.75,-139156.75,139156.75,24.544627959234788
2025-12-27,59,388593.0,532155.7,-143562.6875,143562.6875,36.9442289233208
2025-12-27,81,905604.0,765826.2,139777.8125,139777.8125,15.434760944077103
2025-12-27,5,666676.0,705771.56,-39095.5625,39095.5625,5.864252275468144
2025-12-27,30,416002.0,531866.2,-115864.1875,115864.1875,27.851834245989203
2025-12-27,44,750836.0,851232.3,-100396.3125,100396.3125,13.371270490493265
2025-12-27,79,645292.0,579841.8,65450.1875,65450.1875,10.142724146587902
2025-12-27,64,897669.0,888285.9,9383.125,9383.125,1.0452767111262615
2025-12-27,20,405692.0,571167.2,-165475.1875,165475.1875,40.78837825246739
2025-12-27,72,750877.0,769243.06,-18366.0625,18366.0625,2.4459482045661276
2025-12-27,67,532627.0,584185.94,-51558.9375,51558.9375,9.680120891355488
2025-12-27,93,550825.0,582174.56,-31349.5625,31349.5625,5.69138337947624
2025-12-27,21,336199.0,562632.3,-226433.3125,226433.3125,67.35097739731528
2025-12-27,83,921831.0,818818.7,103012.3125,103012.3125,11.174750306726503
2025-12-27,85,753567.0,586591.9,166975.125,166975.125,22.15796671032569
2025-12-27,87,979639.0,872914.4,106724.625,106724.625,10.894280954514878
2025-12-27,32,593828.0,655279.7,-61451.6875,61451.6875,10.348398441973096
2025-12-27,3,465945.0,450601.3,15343.6875,15343.6875,3.293025464378843
2025-12-27,61,766203.0,535522.3,230680.6875,230680.6875,30.10699351216323
2025-12-27,99,722541.0,578671.7,143869.3125,143869.3125,19.911577682096933
2025-12-27,40,360956.0,458558.5,-97602.5,97602.5,27.03999933509901
2025-12-27,27,529506.0,446244.0,83262.0,83262.0,15.724467711414036
2025-12-27,7,563719.0,473004.6,90714.40625,90714.40625,16.092132117242812
2025-12-27,16,776904.0,799819.5,-22915.5,22915.5,2.949592227611133
2025-12-27,91,703738.0,811720.5,-107982.5,107982.5,15.344133754323341
2025-12-27,49,383108.0,525997.1,-142889.125,142889.125,37.29734826732932
2025-12-27,75,839257.0,781625.9,57631.125,57631.125,6.866922170443619
2025-12-27,10,361354.0,521258.0,-159904.0,159904.0,44.25134355784079
2025-12-27,43,438958.0,521285.72,-82327.71875,82327.71875,18.75526103864151
2025-12-27,71,412185.0,452981.0,-40796.0,40796.0,9.897497482926356
2025-12-28,93,510622.0,508842.9,1779.09375,1779.09375,0.3484169796836016
2025-12-28,60,541285.0,479216.94,62068.0625,62068.0625,11.466798913696111
2025-12-28,98,827301.0,687262.6,140038.375,140038.375,16.927137160477262
2025-12-28,85,445919.0,495520.25,-49601.25,49601.25,11.123376667062852
2025-12-28,84,746318.0,605227.9,141090.125,141090.125,18.90482676285444
2025-12-28,52,369772.0,441966.22,-72194.21875,72194.21875,19.523982007831854
2025-12-28,26,451890.0,441899.84,9990.15625,9990.15625,2.2107495740113747
2025-12-28,10,421021.0,442639.2,-21618.1875,21618.1875,5.134705275983858
2025-12-28,89,325649.0,386019.0,-60370.0,60370.0,18.538364926654157
2025-12-28,100,754086.0,705449.9,48636.125,48636.125,6.449678816474513
2025-12-28,72,801315.0,643278.25,158036.75,158036.75,19.72217542414656
2025-12-28,63,586587.0,495779.56,90807.4375,90807.4375,15.480642683864456
2025-12-28,30,316613.0,435371.38,-118758.375,118758.375,37.5090015255217
2025-12-28,80,820841.0,705547.06,115293.9375,115293.9375,14.045830739448931
2025-12-28,59,476247.0,443925.22,32321.78125,32321.78125,6.786768473082246
2025-12-28,74,429591.0,384899.72,44691.28125,44691.28125,10.403216373248043
2025-12-28,75,740050.0,641331.75,98718.25,98718.25,13.339402743057901
2025-12-28,55,774907.0,748658.9,26248.125,26248.125,3.387261310066885
2025-12-28,62,547224.0,708141.4,-160917.375,160917.375,29.406125279593
2025-12-28,1,544035.0,486229.72,57805.28125,57805.28125,10.625287205786393
2025-12-28,88,441015.0,483565.56,-42550.5625,42550.5625,9.648325453782752
2025-12-28,78,298901.0,429962.0,-131061.0,131061.0,43.847628478994714
2025-12-28,11,924220.0,657254.3,266965.6875,266965.6875,28.88551291900197
2025-12-28,13,602592.0,496641.88,105950.125,105950.125,17.582398206414954
2025-12-28,56,712426.0,465419.25,247006.75,247006.75,34.67121497530972
2025-12-28,38,634580.0,712577.6,-77997.625,77997.625,12.291220177125027
2025-12-28,86,802889.0,737663.1,65225.875,65225.875,8.123896952131615
2025-12-28,71,321553.0,380753.53,-59200.53125,59200.53125,18.410816024108
2025-12-28,31,401579.0,455598.62,-54019.625,54019.625,13.451805248780438
2025-12-28,45,412254.0,459382.5,-47128.5,47128.5,11.431908483604767
2025-12-28,51,505060.0,690109.6,-185049.625,185049.625,36.63913693422563
2025-12-28,97,698630.0,703554.3,-4924.3125,4924.3125,0.7048527117358259
2025-12-28,65,546346.0,721547.75,-175201.75,175201.75,32.06791117716612
2025-12-28,91,770451.0,699680.3,70770.6875,70770.6875,9.18561822880365
2025-12-28,25,530773.0,434818.06,95954.9375,95954.9375,18.078338103106226
2025-12-28,18,322604.0,393157.62,-70553.625,70553.625,21.870040359078004
2025-12-28,94,878146.0,689488.4,188657.625,188657.625,21.483628576569274
2025-12-28,41,544673.0,690952.2,-146279.1875,146279.1875,26.856331688921607
2025-12-28,61,465635.0,451355.3,14279.6875,14279.6875,3.066712661204592
2025-12-28,46,559290.0,675459.3,-116169.3125,116169.3125,20.77085456560997
2025-12-28,92,408437.0,446088.34,-37651.34375,37651.34375,9.218396900868433
2025-12-28,5,743134.0,600020.44,143113.5625,143113.5625,19.258109910191163
2025-12-28,37,763485.0,732385.3,31099.6875,31099.6875,4.073385528202912
2025-12-28,81,433652.0,646616.06,-212964.0625,212964.0625,49.1094385590289
2025-12-28,28,466435.0,387377.25,79057.75,79057.75,16.949360575428514
2025-12-28,76,506526.0,683099.4,-176573.375,176573.375,34.85968637345368
2025-12-28,27,380035.0,374709.3,5325.6875,5325.6875,1.4013676371913113
2025-12-28,7,295807.0,377447.66,-81640.65625,81640.65625,27.59929827556481
2025-12-28,96,751274.0,618245.75,133028.25,133028.25,17.707021672518948
2025-12-28,4,1013546.0,753154.94,260391.0625,260391.0625,25.691094681445144
2025-12-28,95,378979.0,404184.16,-25205.15625,25205.15625,6.650805519567047
2025-12-28,58,967734.0,644999.7,322734.3125,322734.3125,33.34948575744988
2025-12-28,44,870208.0,713401.75,156806.25,156806.25,18.019398810399352
2025-12-28,24,493387.0,494292.5,-905.5,905.5,0.18352733249964026
2025-12-28,67,463471.0,483993.72,-20522.71875,20522.71875,4.428048087151084
2025-12-28,69,397504.0,432950.84,-35446.84375,35446.84375,8.917355234161166
2025-12-28,70,330925.0,487668.3,-156743.3125,156743.3125,47.365207373271886
2025-12-28,14,827292.0,650366.2,176925.8125,176925.8125,21.38613844930206
2025-12-28,87,1012491.0,749672.56,262818.4375,262818.4375,25.957607277496784
2025-12-28,43,441126.0,428745.5,12380.5,12380.5,2.8065677380158958
2025-12-28,32,742664.0,565521.94,177142.0625,177142.0625,23.852248459599494
2025-12-28,99,525436.0,479449.53,45986.46875,45986.46875,8.75205900433164
2025-12-28,82,663353.0,434889.78,228463.21875,228463.21875,34.440670163547914
2025-12-28,73,639572.0,707325.4,-67753.375,67753.375,10.593549279830887
2025-12-28,16,743226.0,713575.2,29650.8125,29650.8125,3.989474601265295
2025-12-28,20,611680.0,485980.38,125699.625,125699.625,20.54989945723254
2025-12-28,6,633792.0,724326.9,-90534.875,90534.875,14.284635179995961
2025-12-28,19,560648.0,614328.7,-53680.6875,53680.6875,9.574757691100299
2025-12-28,3,335700.0,404407.44,-68707.4375,68707.4375,20.46691614536789
2025-12-28,57,607409.0,657075.94,-49666.9375,49666.9375,8.17685241739915
2025-12-28,33,411770.0,382037.2,29732.8125,29732.8125,7.220733054860723
2025-12-28,36,674942.0,699821.25,-24879.25,24879.25,3.6861315490812543
2025-12-28,54,779276.0,658083.1,121192.875,121192.875,15.55198350776875
2025-12-28,64,706269.0,758477.3,-52208.3125,52208.3125,7.3921285657447795
2025-12-28,47,563654.0,444531.03,119122.96875,119122.96875,21.134058970574145
2025-12-28,35,622707.0,689560.9,-66853.875,66853.875,10.736008267130448
2025-12-28,2,649924.0,636414.0,13510.0,13510.0,2.0787045869978646
2025-12-28,22,749292.0,711849.8,37442.1875,37442.1875,4.997008843014472
2025-12-28,83,617203.0,683037.3,-65834.3125,65834.3125,10.666557437342334
2025-12-28,17,464636.0,472130.3,-7494.3125,7494.3125,1.6129427121445605
2025-12-28,50,381045.0,380887.47,157.53125,157.53125,0.04134190187510661
2025-12-28,39,507625.0,753956.25,-246331.25,246331.25,48.52622506771731
2025-12-28,21,466773.0,455696.62,11076.375,11076.375,2.3729682308102653
2025-12-28,79,552069.0,480490.34,71578.65625,71578.65625,12.965527180479253
2025-12-28,8,432940.0,387533.1,45406.90625,45406.90625,10.488036737192221
2025-12-28,53,555426.0,627738.1,-72312.125,72312.125,13.01921858177327
2025-12-28,15,486217.0,704277.4,-218060.375,218060.375,44.8483650304288
2025-12-28,90,629875.0,742870.06,-112995.0625,112995.0625,17.939283588013495
2025-12-28,49,460987.0,434474.2,26512.8125,26512.8125,5.751314570692883
2025-12-28,66,715261.0,681225.7,34035.3125,34035.3125,4.75844656705734
2025-12-28,68,634108.0,667547.4,-33439.375,33439.375,5.2734510525020974
2025-12-28,40,406430.0,402014.94,4415.0625,4415.0625,1.0863032994611619
2025-12-28,34,542048.0,615418.94,-73370.9375,73370.9375,13.535874590442177
2025-12-28,42,697919.0,649555.56,48363.4375,48363.4375,6.9296633993343075
2025-12-28,48,368639.0,637901.6,-269262.625,269262.625,73.0423598696828
2025-12-28,12,268036.0,481998.94,-213962.9375,213962.9375,79.82619405602233
2025-12-28,77,283618.0,624108.3,-340490.3125,340490.3125,120.05243408387338
2025-12-28,23,378764.0,478564.5,-99800.5,99800.5,26.348993040521272
2025-12-28,9,879260.0,672091.9,207168.125,207168.125,23.561645588335644
2025-12-28,29,407878.0,475771.0,-67893.0,67893.0,16.645418482977753
2025-12-29,79,327779.0,490675.28,-162896.28125,162896.28125,49.696985240055035
2025-12-29,71,452445.0,377815.56,74629.4375,74629.4375,16.494698250616096
2025-12-29,43,462087.0,432011.0,30076.0,30076.0,6.508731039825834
2025-12-29,64,752198.0,747583.06,4614.9375,4614.9375,0.6135269569980245
2025-12-29,2,542206.0,609687.25,-67481.25,67481.25,12.44568485040741
2025-12-29,24,360131.0,476768.97,-116637.96875,116637.96875,32.38765025782285
2025-12-29,5,413375.0,624267.25,-210892.25,210892.25,51.01717568793468
2025-12-29,18,273850.0,389958.97,-116108.96875,116108.96875,42.39874703304729
2025-12-29,70,411470.0,483773.1,-72303.09375,72303.09375,17.571899227161154
2025-12-29,94,640609.0,680141.06,-39532.0625,39532.0625,6.171012661389397
2025-12-29,69,428771.0,440974.44,-12203.4375,12203.4375,2.8461433958919797
2025-12-29,35,659134.0,694286.56,-35152.5625,35152.5625,5.333143564131118
2025-12-29,33,402837.0,381165.53,21671.46875,21671.46875,5.379711583096886
2025-12-29,30,419447.0,433838.3,-14391.3125,14391.3125,3.4310204864976983
2025-12-29,67,578526.0,480263.22,98262.78125,98262.78125,16.98502422535893
2025-12-29,14,389952.0,668231.25,-278279.25,278279.25,71.36243691531266
2025-12-29,99,523208.0,479389.4,43818.59375,43818.59375,8.374985426446079
2025-12-29,54,560356.0,626830.75,-66474.75,66474.75,11.862949624881324
2025-12-29,92,438031.0,421783.5,16247.5,16247.5,3.709212361682164
2025-12-29,97,419631.0,703675.4,-284044.375,284044.375,67.68908278940306
2025-12-29,16,840798.0,685860.7,154937.3125,154937.3125,18.427412113254313
2025-12-29,3,396509.0,375327.22,21181.78125,21181.78125,5.342068212827451
2025-12-29,51,754741.0,677841.06,76899.9375,76899.9375,10.188917456451948
2025-12-29,45,487288.0,440229.3,47058.6875,47058.6875,9.657263774195139
2025-12-29,29,338592.0,444615.3,-106023.3125,106023.3125,31.312999864143276
2025-12-29,82,248692.0,436834.47,-188142.46875,188142.46875,75.65280296511348
2025-12-29,36,685650.0,653946.5,31703.5,31703.5,4.623860570261796
2025-12-29,65,829258.0,701039.44,128218.5625,128218.5625,15.461842092569503
2025-12-29,34,527140.0,611172.3,-84032.3125,84032.3125,15.941175494176122
2025-12-29,10,412517.0,421730.38,-9213.375,9213.375,2.2334534091928333
2025-12-29,31,429801.0,456747.62,-26946.625,26946.625,6.269558470082666
2025-12-29,25,517824.0,444155.84,73668.15625,73668.15625,14.226485495071683
2025-12-29,61,710734.0,443376.1,267357.90625,267357.90625,37.617154413606215
2025-12-29,77,405118.0,608183.5,-203065.5,203065.5,50.12502530127024
2025-12-29,38,627049.0,684862.94,-57813.9375,57813.9375,9.22000314170025
2025-12-29,56,395741.0,492520.4,-96779.40625,96779.40625,24.455238716736453
2025-12-29,13,429193.0,485234.88,-56041.875,56041.875,13.057499772829473
2025-12-29,91,732421.0,714013.25,18407.75,18407.75,2.513274469191899
2025-12-29,86,748469.0,739110.2,9358.8125,9358.8125,1.2503941379001668
2025-12-29,53,429276.0,635860.9,-206584.875,206584.875,48.124021608475665
2025-12-29,27,347524.0,377795.38,-30271.375,30271.375,8.71058545596851
2025-12-29,87,1000426.0,767225.5,233200.5,233200.5,23.310119888927318
2025-12-29,58,657332.0,626066.2,31265.8125,31265.8125,4.756471995886401
2025-12-29,72,559876.0,639652.25,-79776.25,79776.25,14.248914045252878
2025-12-29,73,687313.0,687532.56,-219.5625,219.5625,0.03194505269069551
2025-12-29,63,312569.0,495993.0,-183424.0,183424.0,58.68272285479365
2025-12-29,55,788167.0,727585.0,60582.0,60582.0,7.686442086512122
2025-12-29,42,762844.0,689962.7,72881.3125,72881.3125,9.553894701931194
2025-12-29,7,536789.0,367418.9,169370.09375,169370.09375,31.552452406811614
2025-12-29,59,283849.0,432267.28,-148418.28125,148418.28125,52.287759072605496
2025-12-29,40,432420.0,388667.78,43752.21875,43752.21875,10.117991478192497
2025-12-29,23,446771.0,476039.56,-29268.5625,29268.5625,6.551133018929161
2025-12-29,9,673084.0,713624.5,-40540.5,40540.5,6.023096671440712
2025-12-29,78,327599.0,433386.53,-105787.53125,105787.53125,32.291774776479784
2025-12-29,41,456711.0,668673.1,-211962.125,211962.125,46.4105583180611
2025-12-29,62,634203.0,657001.94,-22798.9375,22798.9375,3.594895877187588
2025-12-29,37,836213.0,731452.5,104760.5,104760.5,12.527968352560888
2025-12-29,66,553819.0,640216.4,-86397.375,86397.375,15.600290889261654
2025-12-29,75,709629.0,647250.0,62379.0,62379.0,8.790367924647951
2025-12-29,74,491709.0,396956.78,94752.21875,94752.21875,19.269978534051642
2025-12-29,89,466339.0,404771.38,61567.625,61567.625,13.202332423408722
2025-12-29,68,727475.0,661900.75,65574.25,65574.25,9.013952369497234
2025-12-29,90,606172.0,690113.06,-83941.0625,83941.0625,13.847730099707672
2025-12-29,52,412803.0,421919.5,-9116.5,9116.5,2.208438407666611
2025-12-29,84,859642.0,639334.44,220307.5625,220307.5625,25.627826758115585
2025-12-29,60,583700.0,487673.56,96026.4375,96026.4375,16.451334161384274
2025-12-29,12,366604.0,476612.88,-110008.875,110008.875,30.00754901746844
2025-12-29,17,460549.0,480006.94,-19457.9375,19457.9375,4.224944034185288
2025-12-29,49,404853.0,447559.9,-42706.90625,42706.90625,10.548743926808001
2025-12-29,1,463463.0,480984.06,-17521.0625,17521.0625,3.7804662939652145
2025-12-29,6,655741.0,705649.2,-49908.1875,49908.1875,7.610960348674248
2025-12-29,8,327501.0,399394.44,-71893.4375,71893.4375,21.952127627091215
2025-12-29,95,605750.0,412447.75,193302.25,193302.25,31.911225753198515
2025-12-29,21,514909.0,482716.3,32192.6875,32192.6875,6.252112023677971
2025-12-29,4,620076.0,751192.94,-131116.9375,131116.9375,21.145301140505357
2025-12-29,57,690622.0,620109.56,70512.4375,70512.4375,10.209990052445477
2025-12-29,96,413943.0,619116.1,-205173.125,205173.125,49.565550087814024
2025-12-29,20,416369.0,476917.47,-60548.46875,60548.46875,14.54202132003103
2025-12-29,93,470990.0,515763.66,-44773.65625,44773.65625,9.506285961485382
2025-12-29,76,452720.0,650599.25,-197879.25,197879.25,43.70897022442128
2025-12-29,22,550648.0,782803.94,-232155.9375,232155.9375,42.1604977226831
2025-12-29,28,400732.0,386949.75,13782.25,13782.25,3.4392686383917432
2025-12-29,88,350893.0,495083.88,-144190.875,144190.875,41.092548155705586
2025-12-29,44,444568.0,756250.1,-311682.125,311682.125,70.10898782638426
2025-12-29,15,722972.0,692375.06,30596.9375,30596.9375,4.232105461898939
2025-12-29,81,635142.0,629944.44,5197.5625,5197.5625,0.8183307827226038
2025-12-29,47,304675.0,426287.84,-121612.84375,121612.84375,39.91559653729384
2025-12-29,11,538281.0,686987.75,-148706.75,148706.75,27.62623053758167
2025-12-29,32,657292.0,596737.3,60554.6875,60554.6875,9.212752855656237
2025-12-29,50,426754.0,379814.56,46939.4375,46939.4375,10.999179269555762
2025-12-29,100,777797.0,703366.0,74431.0,74431.0,9.569463497544989
2025-12-29,46,966399.0,677908.8,288490.1875,288490.1875,29.852078437581163
2025-12-29,39,805716.0,706717.2,98998.8125,98998.8125,12.287060515119471
2025-12-29,80,808031.0,753404.5,54626.5,54626.5,6.760446071994762
2025-12-29,83,365832.0,668417.06,-302585.0625,302585.0625,82.71148026963196
2025-12-29,85,367477.0,473264.84,-105787.84375,105787.84375,28.78760949664877
2025-12-29,26,420778.0,440491.53,-19713.53125,19713.53125,4.685019475828109
2025-12-29,19,588857.0,604796.44,-15939.4375,15939.4375,2.7068435120920697
2025-12-29,98,691712.0,709082.0,-17370.0,17370.0,2.5111607142857144
2025-12-29,48,409917.0,617796.0,-207879.0,207879.0,50.71246130314185
2025-12-30,50,384238.0,467211.25,-82973.25,82973.25,21.594233261676358
2025-12-30,98,754331.0,891060.3,-136729.3125,136729.3125,18.12590394667593
2025-12-30,26,441868.0,573757.44,-131889.4375,131889.4375,29.848153181493114
2025-12-30,27,377394.0,475114.8,-97720.8125,97720.8125,25.89357872674181
2025-12-30,28,364485.0,476099.34,-111614.34375,111614.34375,30.62247932013663
2025-12-30,29,473544.0,545764.8,-72220.8125,72220.8125,15.251130306793033
2025-12-30,30,485058.0,520249.03,-35191.03125,35191.03125,7.255015121902948
2025-12-30,31,373604.0,558040.94,-184436.9375,184436.9375,49.36696007002067
2025-12-30,32,631975.0,679448.06,-47473.0625,47473.0625,7.511857668420428
2025-12-30,33,399359.0,478190.56,-78831.5625,78831.5625,19.73952321094554
2025-12-30,34,726386.0,693614.2,32771.8125,32771.8125,4.511625017552651
2025-12-30,35,585812.0,891981.7,-306169.6875,306169.6875,52.26415428499246
2025-12-30,36,705297.0,835027.0,-129730.0,129730.0,18.39366961719673
2025-12-30,37,950132.0,903048.75,47083.25,47083.25,4.955443033178548
2025-12-30,38,611494.0,901261.5,-289767.5,289767.5,47.38681000958309
2025-12-30,39,643813.0,884896.25,-241083.25,241083.25,37.446160608748194
2025-12-30,40,352151.0,494793.5,-142642.5,142642.5,40.5060613202859
2025-12-30,41,629567.0,825499.3,-195932.3125,195932.3125,31.121757096544133
2025-12-30,42,450989.0,889372.44,-438383.4375,438383.4375,97.20490688242951
2025-12-30,43,450134.0,536647.9,-86513.875,86513.875,19.21958239102134
2025-12-30,44,781094.0,899555.75,-118461.75,118461.75,15.166132373312301
2025-12-30,45,617787.0,552386.7,65400.3125,65400.3125,10.586223488030665
2025-12-30,46,586754.0,869858.75,-283104.75,283104.75,48.249308909696396
2025-12-30,25,460396.0,531983.5,-71587.5,71587.5,15.54911424078402
2025-12-30,47,405255.0,513792.38,-108537.375,108537.375,26.782488803346045
2025-12-30,24,591902.0,612556.3,-20654.3125,20654.3125,3.489481789215106
2025-12-30,22,487086.0,815097.94,-328011.9375,328011.9375,67.34168863403998
2025-12-30,1,405052.0,615807.4,-210755.375,210755.375,52.031683586304965
2025-12-30,2,724599.0,789343.44,-64744.4375,64744.4375,8.935209336474381
2025-12-30,3,434885.0,475553.44,-40668.4375,40668.4375,9.351538337721466
2025-12-30,4,532439.0,947307.2,-414868.1875,414868.1875,77.9184446481193
2025-12-30,5,600987.0,718364.7,-117377.6875,117377.6875,19.530819718230177
2025-12-30,6,743804.0,923456.3,-179652.3125,179652.3125,24.153179130523633
2025-12-30,7,387435.0,488934.72,-101499.71875,101499.71875,26.19787028791926
2025-12-30,8,519566.0,482779.84,36786.15625,36786.15625,7.080170036145553
2025-12-30,9,787178.0,863862.1,-76684.125,76684.125,9.741649919078023
2025-12-30,10,388918.0,520238.78,-131320.78125,131320.78125,33.76567329102793
2025-12-30,11,545562.0,833295.5,-287733.5,287733.5,52.74075173857417
2025-12-30,12,524179.0,614707.3,-90528.3125,90528.3125,17.27049586114667
2025-12-30,13,460188.0,621594.7,-161406.6875,161406.6875,35.07407570384278
2025-12-30,14,758846.0,852595.8,-93749.8125,93749.8125,12.354260614143055
2025-12-30,15,758306.0,856376.44,-98070.4375,98070.4375,12.932831535026757
2025-12-30,16,1075868.0,884185.94,191682.0625,191682.0625,17.816503743953717
2025-12-30,17,458481.0,656396.06,-197915.0625,197915.0625,43.16756037872889
2025-12-30,18,533114.0,497062.75,36051.25,36051.25,6.762390408055313
2025-12-30,19,741707.0,731836.4,9870.625,9870.625,1.3307984150075436
2025-12-30,20,435997.0,617400.56,-181403.5625,181403.5625,41.60660795831164
2025-12-30,21,329268.0,601936.3,-272668.3125,272668.3125,82.81044999817777
2025-12-30,23,286044.0,613158.2,-327114.1875,327114.1875,114.35799649704241
2025-12-30,99,457748.0,618408.44,-160660.4375,160660.4375,35.09800971276773
2025-12-30,48,580324.0,800773.9,-220449.875,220449.875,37.98737860229803
2025-12-30,51,807365.0,868510.9,-61145.875,61145.875,7.573510741733911
2025-12-30,77,609846.0,717584.8,-107738.8125,107738.8125,17.66656049232101
2025-12-30,78,338781.0,521965.62,-183184.625,183184.625,54.07169380809431
2025-12-30,79,642952.0,623894.9,19057.125,19057.125,2.9640043113638344
2025-12-30,80,651278.0,865947.5,-214669.5,214669.5,32.96126999530154
2025-12-30,81,608360.0,787533.25,-179173.25,179173.25,29.45184594647906
2025-12-30,82,561719.0,515118.38,46600.625,46600.625,8.296074193680472
2025-12-30,83,636524.0,848305.0,-211781.0,211781.0,33.271487013843945
2025-12-30,84,602957.0,791924.94,-188967.9375,188967.9375,31.340201291302694
2025-12-30,85,480660.0,640590.0,-159930.0,159930.0,33.27299962551491
2025-12-30,86,953057.0,935125.94,17931.0625,17931.0625,1.881426032231021
2025-12-30,87,777474.0,894898.56,-117424.5625,117424.5625,15.103342684128343
2025-12-30,88,662722.0,668955.6,-6233.625,6233.625,0.9406093354377855
2025-12-30,89,399928.0,487022.47,-87094.46875,87094.46875,21.777537144185956
2025-12-30,90,679601.0,861645.25,-182044.25,182044.25,26.78693086090221
2025-12-30,91,680287.0,900817.3,-220530.3125,220530.3125,32.41724632397796
2025-12-30,92,438645.0,539363.4,-100718.375,100718.375,22.961249985751575
2025-12-30,93,582705.0,627490.1,-44785.125,44785.125,7.685728627693258
2025-12-30,94,548814.0,827678.6,-278864.625,278864.625,50.812228733232025
2025-12-30,95,329064.0,490551.2,-161487.1875,161487.1875,49.07470507256947
2025-12-30,96,388690.0,794605.3,-405915.3125,405915.3125,104.431632534925
2025-12-30,97,650320.0,869971.5,-219651.5,219651.5,33.77591032107271
2025-12-30,76,522813.0,824662.5,-301849.5,301849.5,57.73565309202334
2025-12-30,49,492949.0,553462.8,-60513.8125,60513.8125,12.275876916273285
2025-12-30,75,491964.0,825459.0,-333495.0,333495.0,67.78849671927215
2025-12-30,73,563660.0,887507.0,-323847.0,323847.0,57.45431643189156
2025-12-30,52,434607.0,538831.5,-104224.5,104224.5,23.981321055574348
2025-12-30,53,1041043.0,763278.7,277764.3125,277764.3125,26.68134865706796
2025-12-30,54,683001.0,683331.8,-330.8125,330.8125,0.048435141383394754
2025-12-30,55,955461.0,874718.4,80742.625,80742.625,8.450645813905538
2025-12-30,56,243278.0,593503.44,-350225.4375,350225.4375,143.9609983229063
2025-12-30,57,729422.0,752409.44,-22987.4375,22987.4375,3.1514593061355427
2025-12-30,58,531809.0,855773.4,-323964.375,323964.375,60.91742994195284
2025-12-30,59,557239.0,528879.3,28359.6875,28359.6875,5.089322086214353
2025-12-30,60,694685.0,614659.06,80025.9375,80025.9375,11.519744560484249
2025-12-30,61,575981.0,552520.8,23460.1875,23460.1875,4.073083573937335
2025-12-30,62,807023.0,845270.7,-38247.6875,38247.6875,4.73935532196728
2025-12-30,63,615761.0,640823.75,-25062.75,25062.75,4.070207434377949
2025-12-30,64,728161.0,926985.3,-198824.3125,198824.3125,27.304993332518496
2025-12-30,65,957774.0,879262.7,78511.3125,78511.3125,8.197269136560399
2025-12-30,66,625074.0,864983.75,-239909.75,239909.75,38.38101568774257
2025-12-30,67,383273.0,632421.2,-249148.1875,249148.1875,65.00541063419547
2025-12-30,68,566832.0,865435.0,-298603.0,298603.0,52.67927710503288
2025-12-30,69,257854.0,532341.4,-274487.375,274487.375,106.45069496691926
2025-12-30,70,499774.0,648971.06,-149197.0625,149197.0625,29.85290601351811
2025-12-30,71,375210.0,470680.1,-95470.09375,95470.09375,25.44444277871059
2025-12-30,72,643705.0,852555.06,-208850.0625,208850.0625,32.44499615507103
2025-12-30,74,339035.0,473475.16,-134440.15625,134440.15625,39.6537691536272
2025-12-30,100,566377.0,963205.75,-396828.75,396828.75,70.06441822319762
