date,atm_id,actual_failure,failure_probability,predicted_failure,risk_level
2025-12-04,95,1,0.7705861,1,HIGH
2025-04-10,42,0,0.42686477,0,MEDIUM
2025-03-21,97,0,0.024462864,0,LOW
2025-07-24,94,0,0.047531433,0,LOW
2025-09-30,85,1,0.7417789,1,HIGH
2025-12-10,83,1,0.76384914,1,HIGH
2025-05-20,18,1,0.76389766,1,HIGH
2025-12-16,6,0,0.7747438,1,HIGH
2025-04-11,52,0,0.13479926,0,LOW
2025-01-22,42,0,0.15184464,0,LOW
2025-02-14,60,0,0.053357888,0,LOW
2025-09-14,50,1,0.68012357,1,HIGH
2025-03-16,52,0,0.08865395,0,LOW
2025-11-23,51,0,0.76810974,1,HIGH
2025-01-13,80,1,0.112352714,0,LOW
2025-06-28,73,0,0.053067576,0,LOW
2025-04-18,4,1,0.69865614,1,HIGH
2025-01-08,57,0,0.10479502,0,LOW
2025-12-20,54,1,0.6561995,1,HIGH
2025-10-18,100,0,0.72174037,1,HIGH
2025-02-01,50,0,0.08911217,0,LOW
2025-05-16,82,0,0.031328857,0,LOW
2025-01-09,52,0,0.053654466,0,LOW
2025-02-10,90,0,0.549704,1,HIGH
2025-06-30,81,0,0.062800586,0,LOW
2025-02-09,6,0,0.07657578,0,LOW
2025-03-30,62,1,0.73024064,1,HIGH
2025-01-30,97,0,0.085527495,0,LOW
2025-06-28,47,0,0.039155547,0,LOW
2025-02-21,39,0,0.63998497,1,HIGH
2025-07-23,14,0,0.35586753,0,MEDIUM
2025-12-06,3,1,0.6969928,1,HIGH
2025-09-19,76,1,0.73928684,1,HIGH
2025-02-14,69,1,0.45186538,0,MEDIUM
2025-12-02,92,1,0.7605558,1,HIGH
2025-06-26,36,1,0.7042112,1,HIGH
2025-02-12,55,0,0.07311685,0,LOW
2025-10-01,1,1,0.691881,1,HIGH
2025-03-19,29,1,0.7113992,1,HIGH
2025-02-19,55,1,0.02055768,0,LOW
2025-07-09,27,0,0.09610027,0,LOW
2025-08-12,4,1,0.73219657,1,HIGH
2025-11-24,35,0,0.72482085,1,HIGH
2025-02-04,35,0,0.1844906,0,LOW
2025-01-23,65,0,0.053796474,0,LOW
2025-10-20,98,1,0.7729085,1,HIGH
2025-01-12,75,0,0.013243008,0,LOW
2025-08-12,80,1,0.7424116,1,HIGH
2025-07-09,75,0,0.09238501,0,LOW
2025-02-20,41,0,0.10669711,0,LOW
2025-04-04,33,0,0.71996194,1,HIGH
2025-02-05,99,0,0.034410406,0,LOW
2025-06-07,96,1,0.73205316,1,HIGH
2025-11-08,80,1,0.7978455,1,HIGH
2025-01-21,34,0,0.027374255,0,LOW
2025-12-30,80,1,0.71663576,1,HIGH
2025-03-22,92,0,0.0473996,0,LOW
2025-05-06,40,0,0.22703335,0,MEDIUM
2025-03-28,5,0,0.27891797,0,MEDIUM
2025-11-06,53,1,0.7441645,1,HIGH
2025-11-10,98,0,0.7322296,1,HIGH
2025-08-19,38,0,0.16271167,0,LOW
2025-10-20,84,0,0.72451806,1,HIGH
2025-04-28,95,0,0.23917937,0,MEDIUM
2025-01-04,9,0,0.09193915,0,LOW
2025-02-12,2,0,0.1313298,0,LOW
2025-04-18,29,0,0.720652,1,HIGH
2025-10-27,67,1,0.7770573,1,HIGH
2025-06-05,6,0,0.09554638,0,LOW
2025-08-07,27,0,0.16222718,0,LOW
2025-12-23,72,0,0.6450376,1,HIGH
2025-10-13,51,1,0.7775737,1,HIGH
2025-05-19,64,1,0.74411845,1,HIGH
2025-01-27,34,0,0.010234792,0,LOW
2025-03-16,26,1,0.10434603,0,LOW
2025-10-26,36,1,0.72684544,1,HIGH
2025-07-23,2,1,0.75345093,1,HIGH
2025-12-15,57,0,0.7252093,1,HIGH
2025-11-03,5,0,0.73096746,1,HIGH
2025-04-26,92,0,0.08052566,0,LOW
2025-02-02,88,0,0.018640175,0,LOW
2025-01-16,97,0,0.028686523,0,LOW
2025-08-20,25,1,0.7316893,1,HIGH
2025-01-17,15,0,0.11311089,0,LOW
2025-06-18,80,1,0.7340123,1,HIGH
2025-11-25,72,1,0.6449395,1,HIGH
2025-03-11,90,0,0.2541831,0,MEDIUM
2025-11-24,34,1,0.20610605,0,MEDIUM
2025-12-29,28,1,0.7291393,1,HIGH
2025-08-09,20,1,0.75793666,1,HIGH
2025-12-24,71,0,0.19465292,0,LOW
2025-12-26,12,0,0.7453334,1,HIGH
2025-09-21,65,1,0.75556624,1,HIGH
2025-06-13,31,0,0.069186114,0,LOW
2025-09-20,52,0,0.74672073,1,HIGH
2025-07-24,19,0,0.108475454,0,LOW
2025-11-04,47,0,0.07958829,0,LOW
2025-04-29,50,0,0.08652154,0,LOW
2025-01-11,94,0,0.047275897,0,LOW
2025-09-07,2,1,0.75808406,1,HIGH
2025-01-06,29,0,0.14036542,0,LOW
2025-06-23,5,1,0.7287946,1,HIGH
2025-03-26,94,0,0.020345476,0,LOW
2025-08-15,24,1,0.75332904,1,HIGH
2025-12-28,52,1,0.71454537,1,HIGH
2025-05-23,95,0,0.3160693,0,MEDIUM
2025-12-23,24,0,0.6615199,1,HIGH
2025-04-18,27,0,0.068256274,0,LOW
2025-07-07,46,0,0.76030415,1,HIGH
2025-07-10,79,1,0.7514562,1,HIGH
2025-03-30,5,0,0.2497257,0,MEDIUM
2025-06-27,34,0,0.043609794,0,LOW
2025-06-07,6,0,0.09153951,0,LOW
2025-10-13,60,0,0.7422246,1,HIGH
2025-03-28,25,0,0.1424133,0,LOW
2025-06-29,72,1,0.7305512,1,HIGH
2025-06-11,61,0,0.121286005,0,LOW
2025-04-26,98,0,0.14748657,0,LOW
2025-01-22,87,0,0.1420424,0,LOW
2025-11-29,42,1,0.74644357,1,HIGH
2025-06-14,58,0,0.13006575,0,LOW
2025-12-04,77,1,0.82456857,1,HIGH
2025-06-28,61,0,0.09785387,0,LOW
2025-12-30,25,0,0.7610548,1,HIGH
2025-02-21,93,1,0.4467315,0,MEDIUM
2025-10-26,3,0,0.6703878,1,HIGH
2025-11-09,88,0,0.03575777,0,LOW
2025-11-20,34,0,0.08118529,0,LOW
2025-01-18,26,0,0.03857696,0,LOW
2025-02-18,23,0,0.19194107,0,LOW
2025-03-02,86,0,0.024687838,0,LOW
2025-01-23,38,0,0.021459544,0,LOW
2025-04-12,56,1,0.71478707,1,HIGH
2025-08-28,94,0,0.03080195,0,LOW
2025-07-14,17,0,0.060948256,0,LOW
2025-07-08,39,1,0.7636394,1,HIGH
2025-03-30,56,0,0.65123296,1,HIGH
2025-11-21,22,0,0.15829332,0,LOW
2025-06-13,26,0,0.22841041,0,MEDIUM
2025-11-03,28,1,0.76275784,1,HIGH
2025-10-15,7,0,0.76231647,1,HIGH
2025-09-03,31,0,0.24269418,0,MEDIUM
2025-04-10,100,0,0.14694454,0,LOW
2025-10-04,57,1,0.75967425,1,HIGH
2025-04-02,65,0,0.062361088,0,LOW
2025-08-01,64,0,0.7423503,1,HIGH
2025-05-02,23,1,0.7268851,1,HIGH
2025-12-28,60,1,0.41553056,0,MEDIUM
2025-09-04,31,0,0.14449216,0,LOW
2025-02-14,70,0,0.19003306,0,LOW
2025-11-15,36,1,0.67727906,1,HIGH
2025-11-09,34,0,0.073726825,0,LOW
2025-03-06,96,0,0.39169288,0,MEDIUM
2025-02-21,2,0,0.194122,0,LOW
2025-07-21,72,0,0.7933228,1,HIGH
2025-03-17,42,0,0.346621,0,MEDIUM
2025-01-12,22,0,0.016039778,0,LOW
2025-10-24,40,1,0.74443567,1,HIGH
2025-11-06,21,0,0.72591263,1,HIGH
2025-11-04,9,0,0.68170905,1,HIGH
2025-12-10,41,1,0.7296504,1,HIGH
2025-03-28,49,1,0.6165507,1,HIGH
2025-06-11,25,0,0.2819201,0,MEDIUM
2025-10-18,19,1,0.6082668,1,HIGH
2025-11-11,10,1,0.6894565,1,HIGH
2025-09-13,71,0,0.1134951,0,LOW
2025-02-13,88,0,0.02140482,0,LOW
2025-02-24,52,0,0.037382055,0,LOW
2025-11-02,24,1,0.7202888,1,HIGH
2025-03-09,80,0,0.3052861,0,MEDIUM
2025-07-07,40,1,0.6504696,1,HIGH
2025-03-10,21,0,0.43963754,0,MEDIUM
2025-11-23,10,0,0.75243205,1,HIGH
2025-06-16,16,0,0.06463384,0,LOW
2025-02-14,19,0,0.04331889,0,LOW
2025-05-30,56,1,0.74098974,1,HIGH
2025-11-30,10,1,0.7277901,1,HIGH
2025-10-21,84,1,0.747723,1,HIGH
2025-11-20,77,1,0.7733696,1,HIGH
2025-10-21,83,0,0.7547708,1,HIGH
2025-09-09,37,0,0.027182076,0,LOW
2025-10-01,100,1,0.76076674,1,HIGH
2025-06-07,94,0,0.048834506,0,LOW
2025-05-29,77,1,0.69902813,1,HIGH
2025-09-22,71,0,0.06466158,0,LOW
2025-06-20,73,0,0.057732455,0,LOW
2025-03-04,10,0,0.23401593,0,MEDIUM
2025-02-03,12,0,0.03999793,0,LOW
2025-02-04,93,0,0.12893136,0,LOW
2025-02-12,36,0,0.14230488,0,LOW
2025-01-13,79,0,0.39525855,0,MEDIUM
2025-06-28,96,1,0.7635924,1,HIGH
2025-08-11,62,1,0.726605,1,HIGH
2025-11-18,24,0,0.74285126,1,HIGH
2025-08-04,63,0,0.7399899,1,HIGH
2025-03-08,48,0,0.09121741,0,LOW
2025-01-06,31,0,0.06587616,0,LOW
2025-02-06,64,0,0.24933267,0,MEDIUM
2025-09-23,97,0,0.30313167,0,MEDIUM
2025-05-26,9,0,0.72255075,1,HIGH
2025-02-11,52,0,0.070642024,0,LOW
2025-09-12,99,1,0.7632466,1,HIGH
2025-07-26,51,1,0.71883035,1,HIGH
2025-04-11,42,0,0.7119695,1,HIGH
2025-02-20,54,0,0.10104794,0,LOW
2025-10-26,29,0,0.6710299,1,HIGH
2025-05-24,69,1,0.7451252,1,HIGH
2025-08-12,46,1,0.76644474,1,HIGH
2025-01-05,44,0,0.16959666,0,LOW
2025-12-03,78,0,0.739315,1,HIGH
2025-06-30,7,1,0.75247365,1,HIGH
2025-06-20,67,1,0.7427592,1,HIGH
2025-05-14,55,0,0.32201806,0,MEDIUM
2025-03-07,78,0,0.08882753,0,LOW
2025-07-06,3,1,0.7306221,1,HIGH
2025-02-18,4,0,0.17925681,0,LOW
2025-01-08,2,0,0.11323116,0,LOW
2025-03-25,21,0,0.22186567,0,MEDIUM
2025-02-10,80,0,0.17525971,0,LOW
2025-03-15,84,0,0.090269946,0,LOW
2025-11-28,74,0,0.7704464,1,HIGH
2025-10-15,100,1,0.6818833,1,HIGH
2025-10-09,9,0,0.7203082,1,HIGH
2025-02-11,36,0,0.26347494,0,MEDIUM
2025-02-08,98,0,0.058891308,0,LOW
2025-07-10,32,0,0.6860728,1,HIGH
2025-12-29,23,1,0.76591045,1,HIGH
2025-12-05,5,1,0.6978446,1,HIGH
2025-10-31,19,0,0.65577847,1,HIGH
2025-11-10,79,1,0.66988,1,HIGH
2025-09-05,7,0,0.7434272,1,HIGH
2025-04-03,5,1,0.23242274,0,MEDIUM
2025-11-02,26,1,0.7985904,1,HIGH
2025-08-05,23,1,0.750309,1,HIGH
2025-03-13,46,0,0.33750796,0,MEDIUM
2025-01-01,97,0,0.01683353,0,LOW
2025-05-22,15,0,0.071500264,0,LOW
2025-12-30,10,1,0.65311337,1,HIGH
2025-06-24,6,0,0.17337185,0,LOW
2025-08-01,10,0,0.7411678,1,HIGH
2025-05-03,61,0,0.043313418,0,LOW
2025-11-17,52,0,0.7487923,1,HIGH
2025-01-16,14,0,0.02108423,0,LOW
2025-11-15,74,1,0.7622333,1,HIGH
2025-03-08,93,1,0.20150988,0,MEDIUM
2025-04-04,84,0,0.060439765,0,LOW
2025-05-28,34,0,0.039720714,0,LOW
2025-04-03,82,0,0.045975253,0,LOW
2025-04-17,74,0,0.23938851,0,MEDIUM
2025-01-04,58,0,0.12152584,0,LOW
2025-01-06,81,0,0.032014467,0,LOW
2025-11-07,5,0,0.7290765,1,HIGH
2025-10-24,69,0,0.71539664,1,HIGH
2025-01-31,77,0,0.21995503,0,MEDIUM
2025-11-18,34,0,0.109370045,0,LOW
2025-01-14,35,0,0.1454142,0,LOW
2025-12-06,97,1,0.7420326,1,HIGH
2025-10-15,43,0,0.76735973,1,HIGH
2025-07-05,78,0,0.7166278,1,HIGH
2025-06-25,82,0,0.039797846,0,LOW
2025-01-02,20,0,0.25626677,0,MEDIUM
2025-03-03,46,0,0.13116391,0,LOW
2025-07-28,68,0,0.028333444,0,LOW
2025-08-25,100,0,0.7228378,1,HIGH
2025-02-04,96,1,0.089211516,0,LOW
2025-12-04,72,1,0.66684943,1,HIGH
2025-12-23,78,1,0.67829525,1,HIGH
2025-04-18,20,1,0.7056152,1,HIGH
2025-06-08,4,0,0.7048498,1,HIGH
2025-04-07,79,0,0.6191247,1,HIGH
2025-02-04,63,0,0.3527781,0,MEDIUM
2025-01-24,31,0,0.10569944,0,LOW
2025-01-30,9,0,0.16520871,0,LOW
2025-11-01,11,0,0.7694473,1,HIGH
2025-12-12,12,1,0.74877465,1,HIGH
2025-03-29,41,0,0.06945726,0,LOW
2025-10-15,61,0,0.41517353,0,MEDIUM
2025-05-19,50,0,0.19236788,0,LOW
2025-08-23,23,0,0.7527629,1,HIGH
2025-09-03,83,0,0.75445837,1,HIGH
2025-08-20,28,1,0.67265564,1,HIGH
2025-05-20,72,0,0.78859407,1,HIGH
2025-05-06,20,1,0.7198871,1,HIGH
2025-11-13,22,0,0.30032057,0,MEDIUM
2025-02-04,80,0,0.09457857,0,LOW
2025-07-24,17,0,0.06551584,0,LOW
2025-03-02,20,0,0.21674822,0,MEDIUM
2025-12-20,11,1,0.8638061,1,HIGH
2025-11-12,74,0,0.7324276,1,HIGH
2025-07-22,75,0,0.08489477,0,LOW
2025-08-29,54,0,0.7489294,1,HIGH
2025-04-08,77,0,0.7395207,1,HIGH
2025-02-15,39,1,0.4307495,0,MEDIUM
2025-04-28,72,1,0.25696567,0,MEDIUM
2025-10-11,12,1,0.75849503,1,HIGH
2025-06-22,4,1,0.746601,1,HIGH
2025-07-14,33,0,0.76328003,1,HIGH
2025-09-06,44,1,0.7236193,1,HIGH
2025-04-09,75,0,0.07941032,0,LOW
2025-03-16,73,0,0.08531075,0,LOW
2025-06-22,82,0,0.053662628,0,LOW
2025-03-05,45,0,0.073184446,0,LOW
2025-10-25,49,1,0.7480102,1,HIGH
2025-09-03,61,0,0.12540013,0,LOW
2025-02-09,16,0,0.020062478,0,LOW
2025-05-06,52,0,0.24281546,0,MEDIUM
2025-09-12,35,1,0.7120344,1,HIGH
2025-02-03,96,0,0.14528395,0,LOW
2025-12-20,3,1,0.67198217,1,HIGH
2025-11-23,28,1,0.79474527,1,HIGH
2025-08-11,88,1,0.5004622,1,HIGH
2025-04-11,30,0,0.64449275,1,HIGH
2025-06-23,32,1,0.35739413,0,MEDIUM
2025-01-01,96,0,0.08176965,0,LOW
2025-01-04,74,0,0.08558514,0,LOW
2025-10-17,46,0,0.7946098,1,HIGH
2025-07-31,43,0,0.77351797,1,HIGH
2025-11-09,48,1,0.7625704,1,HIGH
2025-11-27,73,0,0.08271534,0,LOW
2025-01-06,86,0,0.05571536,0,LOW
2025-11-13,12,1,0.7492719,1,HIGH
2025-12-15,10,1,0.7535593,1,HIGH
2025-04-14,74,0,0.3156799,0,MEDIUM
2025-07-20,26,1,0.20847233,0,MEDIUM
2025-08-19,62,0,0.80452573,1,HIGH
2025-08-03,71,0,0.07253613,0,LOW
2025-01-27,53,0,0.045255743,0,LOW
2025-07-18,44,1,0.7528207,1,HIGH
2025-09-08,95,1,0.72372735,1,HIGH
2025-09-04,78,0,0.7149705,1,HIGH
2025-02-02,76,0,0.068902776,0,LOW
2025-02-10,76,0,0.0454373,0,LOW
2025-10-08,82,1,0.051867,0,LOW
2025-09-11,15,0,0.74809307,1,HIGH
2025-10-30,74,0,0.7634911,1,HIGH
2025-08-05,24,0,0.7276798,1,HIGH
2025-08-20,91,1,0.7553785,1,HIGH
2025-09-21,54,0,0.7555518,1,HIGH
2025-04-28,36,0,0.68008447,1,HIGH
2025-02-15,8,0,0.13329314,0,LOW
2025-07-27,16,0,0.02866934,0,LOW
2025-05-19,6,0,0.10381992,0,LOW
2025-07-28,71,0,0.031794515,0,LOW
2025-05-22,17,0,0.025430072,0,LOW
2025-10-18,59,0,0.74027663,1,HIGH
2025-02-06,32,0,0.054000095,0,LOW
2025-03-05,81,0,0.04635968,0,LOW
2025-09-04,65,1,0.7452431,1,HIGH
2025-05-28,23,1,0.74996054,1,HIGH
2025-08-16,82,0,0.059078246,0,LOW
2025-09-18,21,1,0.75714535,1,HIGH
2025-09-08,47,0,0.08614384,0,LOW
2025-02-16,17,0,0.037140127,0,LOW
2025-11-10,96,0,0.73492783,1,HIGH
2025-02-03,88,0,0.017217513,0,LOW
2025-10-05,40,0,0.7425806,1,HIGH
2025-08-01,86,0,0.5278486,1,HIGH
2025-04-08,13,0,0.114112414,0,LOW
2025-06-09,25,0,0.30009383,0,MEDIUM
2025-12-12,19,0,0.7633931,1,HIGH
2025-09-27,99,0,0.7610013,1,HIGH
2025-12-26,43,1,0.7284388,1,HIGH
2025-12-06,82,0,0.13887712,0,LOW
2025-07-09,61,0,0.067511484,0,LOW
2025-02-12,42,0,0.09270356,0,LOW
2025-07-30,28,1,0.7159243,1,HIGH
2025-09-13,48,1,0.77126575,1,HIGH
2025-02-11,100,0,0.04881617,0,LOW
2025-10-08,13,0,0.72496605,1,HIGH
2025-09-02,50,1,0.69992244,1,HIGH
2025-07-20,17,0,0.04726454,0,LOW
2025-06-15,30,1,0.7524141,1,HIGH
2025-03-16,16,0,0.018646143,0,LOW
2025-02-18,63,0,0.3599853,0,MEDIUM
2025-03-05,62,0,0.17845622,0,LOW
2025-08-03,33,0,0.7410855,1,HIGH
2025-12-01,76,1,0.77330095,1,HIGH
2025-01-19,96,0,0.10669559,0,LOW
2025-05-27,48,1,0.7172777,1,HIGH
2025-03-11,82,0,0.046878386,0,LOW
2025-08-10,22,0,0.052031286,0,LOW
2025-07-22,57,0,0.7338206,1,HIGH
2025-12-21,69,1,0.7180346,1,HIGH
2025-05-23,17,0,0.030660102,0,LOW
2025-09-03,77,1,0.7574197,1,HIGH
2025-08-23,63,0,0.7563906,1,HIGH
2025-06-16,1,1,0.7628242,1,HIGH
2025-01-04,76,0,0.050275322,0,LOW
2025-10-28,22,0,0.14113502,0,LOW
2025-07-15,33,0,0.75258803,1,HIGH
2025-06-16,9,0,0.7638146,1,HIGH
2025-01-26,51,0,0.15602817,0,LOW
2025-09-24,81,0,0.20033805,0,MEDIUM
2025-10-10,46,0,0.7489682,1,HIGH
2025-06-23,22,0,0.077835895,0,LOW
2025-06-08,46,1,0.7364632,1,HIGH
2025-12-03,28,0,0.75986904,1,HIGH
2025-05-24,21,0,0.7275999,1,HIGH
2025-01-15,1,0,0.054692585,0,LOW
2025-08-15,95,1,0.7350146,1,HIGH
2025-02-21,9,0,0.49084857,0,MEDIUM
2025-05-12,23,0,0.74432033,1,HIGH
2025-02-15,97,0,0.036738236,0,LOW
2025-08-14,62,1,0.77079695,1,HIGH
2025-08-20,5,0,0.70619726,1,HIGH
2025-02-14,32,0,0.046119522,0,LOW
2025-01-09,48,0,0.09046166,0,LOW
2025-02-19,25,0,0.05509209,0,LOW
2025-07-15,67,0,0.747353,1,HIGH
2025-10-08,25,1,0.73632044,1,HIGH
2025-06-20,93,0,0.7137813,1,HIGH
2025-08-02,39,0,0.7659505,1,HIGH
2025-05-12,25,0,0.12694147,0,LOW
2025-02-13,67,0,0.08995729,0,LOW
2025-11-18,40,1,0.70929384,1,HIGH
2025-10-25,51,1,0.7497157,1,HIGH
2025-12-30,67,0,0.66835135,1,HIGH
2025-09-13,88,0,0.046371076,0,LOW
2025-05-13,42,0,0.67152387,1,HIGH
2025-07-03,43,0,0.6830714,1,HIGH
2025-01-24,96,0,0.069388494,0,LOW
2025-03-30,33,0,0.66525537,1,HIGH
2025-04-12,93,1,0.83149576,1,HIGH
2025-06-07,68,0,0.02458461,0,LOW
2025-10-21,85,1,0.7569119,1,HIGH
2025-03-21,82,0,0.01667553,0,LOW
2025-09-15,6,1,0.73572856,1,HIGH
2025-08-29,95,1,0.7510783,1,HIGH
2025-05-11,12,0,0.20300509,0,MEDIUM
2025-08-22,15,1,0.74949926,1,HIGH
2025-02-01,3,0,0.07404979,0,LOW
2025-06-11,38,0,0.2639845,0,MEDIUM
2025-10-14,33,0,0.71507764,1,HIGH
2025-05-20,5,1,0.73914003,1,HIGH
2025-07-04,59,1,0.7593947,1,HIGH
2025-11-29,51,0,0.76535034,1,HIGH
2025-11-28,97,0,0.7226304,1,HIGH
2025-05-14,14,0,0.13431224,0,LOW
2025-06-19,3,1,0.72986877,1,HIGH
2025-06-12,16,0,0.05802406,0,LOW
2025-05-23,22,0,0.040300924,0,LOW
2025-12-01,13,1,0.7522051,1,HIGH
2025-04-20,24,0,0.48373047,0,MEDIUM
2025-01-01,91,0,0.086893044,0,LOW
2025-11-04,19,1,0.6598398,1,HIGH
2025-05-02,98,0,0.06550138,0,LOW
2025-12-06,28,0,0.7538613,1,HIGH
2025-07-05,46,1,0.742271,1,HIGH
2025-08-06,62,1,0.7485292,1,HIGH
2025-02-09,14,0,0.052352767,0,LOW
2025-07-28,73,0,0.0152066555,0,LOW
2025-02-25,19,0,0.0338629,0,LOW
2025-11-26,75,0,0.4570917,0,MEDIUM
2025-09-20,27,0,0.6160024,1,HIGH
2025-10-31,22,1,0.20071425,0,MEDIUM
2025-09-01,68,0,0.07409152,0,LOW
2025-02-16,16,0,0.027582474,0,LOW
2025-11-01,36,1,0.7060825,1,HIGH
2025-08-13,50,0,0.6308073,1,HIGH
2025-06-24,35,1,0.7475797,1,HIGH
2025-12-27,85,0,0.783537,1,HIGH
2025-09-12,38,0,0.26800054,0,MEDIUM
2025-02-03,90,0,0.22849119,0,MEDIUM
2025-01-12,28,0,0.046202313,0,LOW
2025-05-21,8,0,0.16631192,0,LOW
2025-07-11,39,1,0.7764317,1,HIGH
2025-06-30,34,0,0.03820187,0,LOW
2025-10-04,33,0,0.7991195,1,HIGH
2025-03-28,59,1,0.6808325,1,HIGH
2025-03-23,13,0,0.088671714,0,LOW
2025-04-03,1,0,0.6760793,1,HIGH
2025-05-29,81,0,0.06639379,0,LOW
2025-08-01,49,1,0.7440433,1,HIGH
2025-11-29,60,0,0.7315731,1,HIGH
2025-04-28,24,0,0.3527345,0,MEDIUM
2025-12-04,62,0,0.7355104,1,HIGH
2025-12-28,51,1,0.73441005,1,HIGH
2025-05-25,24,1,0.72008216,1,HIGH
2025-05-20,20,1,0.73258126,1,HIGH
2025-04-23,46,0,0.44833645,0,MEDIUM
2025-10-06,91,1,0.7636323,1,HIGH
2025-09-20,79,0,0.74756116,1,HIGH
2025-12-29,54,0,0.7267067,1,HIGH
2025-03-24,78,0,0.12374178,0,LOW
2025-06-21,29,1,0.7364048,1,HIGH
2025-05-16,73,0,0.023068182,0,LOW
2025-11-30,77,1,0.78301054,1,HIGH
2025-01-22,91,1,0.38100672,0,MEDIUM
2025-05-26,68,0,0.050511036,0,LOW
2025-02-22,39,0,0.33850643,0,MEDIUM
2025-03-25,35,1,0.6900628,1,HIGH
2025-03-20,70,0,0.14139184,0,LOW
2025-12-14,59,1,0.77338266,1,HIGH
2025-06-04,98,0,0.09594466,0,LOW
2025-05-03,30,1,0.684326,1,HIGH
2025-01-03,2,0,0.27591702,0,MEDIUM
2025-01-20,19,0,0.0116146635,0,LOW
2025-06-29,81,0,0.07642991,0,LOW
2025-07-17,45,0,0.47161227,0,MEDIUM
2025-05-09,17,0,0.046373796,0,LOW
2025-01-07,5,0,0.06803915,0,LOW
2025-12-06,85,1,0.75362307,1,HIGH
2025-01-22,52,0,0.05017735,0,LOW
2025-06-30,80,1,0.75348973,1,HIGH
2025-11-29,76,1,0.7510266,1,HIGH
2025-12-15,5,0,0.69981897,1,HIGH
2025-03-28,19,0,0.032626107,0,LOW
2025-06-12,84,0,0.2742088,0,MEDIUM
2025-07-18,12,1,0.7410188,1,HIGH
2025-06-13,18,1,0.7673424,1,HIGH
2025-07-16,71,0,0.07548525,0,LOW
2025-10-26,82,0,0.06513489,0,LOW
2025-09-09,88,0,0.087980494,0,LOW
2025-01-25,13,0,0.049948405,0,LOW
2025-03-22,7,0,0.16381374,0,LOW
2025-09-10,10,1,0.75358945,1,HIGH
2025-11-09,86,0,0.75623673,1,HIGH
2025-10-10,100,1,0.75221467,1,HIGH
2025-12-01,58,1,0.77982974,1,HIGH
2025-11-25,51,0,0.7515451,1,HIGH
2025-01-31,83,0,0.04937708,0,LOW
2025-09-12,42,1,0.76815546,1,HIGH
2025-01-05,65,0,0.038231213,0,LOW
2025-03-27,94,0,0.03642629,0,LOW
2025-02-04,84,0,0.049774837,0,LOW
2025-01-18,1,0,0.07205881,0,LOW
2025-10-27,79,1,0.6927609,1,HIGH
2025-10-15,14,0,0.73326784,1,HIGH
2025-05-20,37,0,0.019768974,0,LOW
2025-12-06,65,1,0.8038368,1,HIGH
2025-07-09,91,1,0.7509191,1,HIGH
2025-04-17,96,0,0.3281136,0,MEDIUM
2025-10-30,36,1,0.69306684,1,HIGH
2025-07-17,7,1,0.72230655,1,HIGH
2025-09-28,24,1,0.7541854,1,HIGH
2025-03-03,63,0,0.14931652,0,LOW
2025-06-09,6,0,0.20102651,0,MEDIUM
2025-11-11,87,0,0.7217087,1,HIGH
2025-12-01,86,1,0.7658472,1,HIGH
2025-02-23,56,0,0.24292251,0,MEDIUM
2025-08-30,63,1,0.7589808,1,HIGH
2025-02-22,89,0,0.05940717,0,LOW
2025-03-01,100,0,0.046505403,0,LOW
2025-06-21,91,1,0.7295875,1,HIGH
2025-01-11,1,0,0.048343156,0,LOW
2025-06-12,59,1,0.7759597,1,HIGH
2025-10-17,33,0,0.71803325,1,HIGH
2025-02-20,81,0,0.08686872,0,LOW
2025-04-07,86,0,0.06294303,0,LOW
2025-03-27,70,0,0.2876098,0,MEDIUM
2025-02-28,19,0,0.047153685,0,LOW
2025-01-02,87,0,0.14043187,0,LOW
2025-02-25,54,0,0.05451871,0,LOW
2025-12-04,89,0,0.7216075,1,HIGH
2025-04-28,25,0,0.15579835,0,LOW
2025-06-20,37,0,0.22212489,0,MEDIUM
2025-09-27,77,1,0.6830798,1,HIGH
2025-04-05,61,0,0.05231641,0,LOW
2025-12-30,91,1,0.72371763,1,HIGH
2025-10-31,8,1,0.75760615,1,HIGH
2025-06-14,91,1,0.77844954,1,HIGH
2025-11-23,60,1,0.7387523,1,HIGH
2025-03-12,99,0,0.1694042,0,LOW
2025-02-21,29,0,0.34552485,0,MEDIUM
2025-04-22,85,0,0.25763968,0,MEDIUM
2025-07-07,2,1,0.75847006,1,HIGH
2025-01-17,84,0,0.044823952,0,LOW
2025-09-23,2,1,0.76459473,1,HIGH
2025-04-19,77,1,0.74333733,1,HIGH
2025-08-10,36,0,0.75630254,1,HIGH
2025-02-02,87,0,0.16105647,0,LOW
2025-08-21,83,1,0.7443611,1,HIGH
2025-01-25,95,0,0.04170747,0,LOW
2025-08-19,55,1,0.72635007,1,HIGH
2025-01-19,50,0,0.023246706,0,LOW
2025-10-14,56,1,0.7418657,1,HIGH
2025-07-03,2,0,0.75349575,1,HIGH
2025-12-11,55,1,0.63780093,1,HIGH
2025-01-03,26,1,0.049645398,0,LOW
2025-03-23,68,0,0.020752579,0,LOW
2025-04-12,7,0,0.263297,0,MEDIUM
2025-04-28,11,0,0.6769901,1,HIGH
2025-06-07,87,1,0.62798005,1,HIGH
2025-10-06,50,1,0.7353808,1,HIGH
2025-05-20,59,1,0.71773577,1,HIGH
2025-07-18,24,0,0.7284367,1,HIGH
2025-05-06,18,1,0.62704265,1,HIGH
2025-12-22,90,1,0.75621754,1,HIGH
2025-05-02,96,1,0.37499863,0,MEDIUM
2025-07-05,65,1,0.677098,1,HIGH
2025-04-07,88,0,0.011393638,0,LOW
2025-12-02,3,0,0.6621577,1,HIGH
2025-08-28,6,1,0.74491745,1,HIGH
2025-01-23,97,0,0.052666526,0,LOW
2025-07-05,22,0,0.055080894,0,LOW
2025-11-29,7,1,0.623827,1,HIGH
2025-12-07,18,1,0.80725473,1,HIGH
2025-09-04,40,0,0.7318638,1,HIGH
2025-06-01,99,1,0.68199295,1,HIGH
2025-06-12,18,1,0.7671389,1,HIGH
2025-10-06,65,1,0.7687502,1,HIGH
2025-01-31,41,0,0.03778299,0,LOW
2025-09-03,14,1,0.40961692,0,MEDIUM
2025-05-08,70,1,0.7470516,1,HIGH
2025-11-16,23,0,0.63985884,1,HIGH
2025-02-08,39,0,0.1639776,0,LOW
2025-07-05,55,1,0.66149503,1,HIGH
2025-05-05,46,0,0.63341755,1,HIGH
2025-08-10,97,0,0.10050452,0,LOW
2025-04-13,51,0,0.21905495,0,MEDIUM
2025-07-19,70,1,0.7320233,1,HIGH
2025-04-22,70,0,0.68201274,1,HIGH
2025-03-06,45,0,0.07360404,0,LOW
2025-12-03,55,0,0.7337762,1,HIGH
2025-05-25,95,0,0.18358074,0,LOW
2025-04-01,68,0,0.043404885,0,LOW
2025-06-08,80,1,0.75782424,1,HIGH
2025-12-12,36,1,0.7629815,1,HIGH
2025-12-10,25,0,0.7638724,1,HIGH
2025-04-18,28,0,0.11819786,0,LOW
2025-06-13,85,0,0.13451506,0,LOW
2025-04-03,9,0,0.670462,1,HIGH
2025-10-19,81,0,0.43942162,0,MEDIUM
2025-08-11,59,0,0.7356599,1,HIGH
2025-02-23,23,0,0.38469556,0,MEDIUM
2025-03-16,56,1,0.3532453,0,MEDIUM
2025-07-02,57,1,0.7558977,1,HIGH
2025-10-24,100,1,0.73019725,1,HIGH
2025-03-25,49,0,0.2402766,0,MEDIUM
2025-04-21,55,0,0.2749497,0,MEDIUM
2025-11-11,37,0,0.15746473,0,LOW
2025-12-23,91,1,0.6185846,1,HIGH
2025-10-29,76,0,0.737816,1,HIGH
2025-09-10,58,0,0.71615595,1,HIGH
2025-08-28,82,0,0.07625927,0,LOW
2025-11-22,95,0,0.8037444,1,HIGH
2025-04-30,63,1,0.73489165,1,HIGH
2025-08-11,21,1,0.7380557,1,HIGH
2025-06-15,66,0,0.77433974,1,HIGH
2025-11-01,78,0,0.72799593,1,HIGH
2025-06-20,42,1,0.7408019,1,HIGH
2025-09-09,35,0,0.7369805,1,HIGH
2025-01-13,31,0,0.0699377,0,LOW
2025-01-15,22,0,0.027186798,0,LOW
2025-12-23,64,1,0.77651477,1,HIGH
2025-05-12,73,0,0.029817238,0,LOW
2025-01-10,89,0,0.07955148,0,LOW
2025-08-18,25,1,0.7127503,1,HIGH
2025-03-26,68,0,0.028242521,0,LOW
2025-05-05,22,0,0.093055636,0,LOW
2025-11-16,52,1,0.7917377,1,HIGH
2025-09-12,54,1,0.7516652,1,HIGH
2025-12-25,16,0,0.67163974,1,HIGH
2025-09-02,74,1,0.7102392,1,HIGH
2025-01-06,49,0,0.4136125,0,MEDIUM
2025-11-28,10,1,0.7099017,1,HIGH
2025-03-25,70,0,0.5530392,1,HIGH
2025-05-21,22,0,0.037158992,0,LOW
2025-08-27,7,1,0.7591359,1,HIGH
2025-04-11,86,0,0.048806176,0,LOW
2025-12-03,90,1,0.7829695,1,HIGH
2025-01-24,14,0,0.05825628,0,LOW
2025-09-30,72,1,0.74762905,1,HIGH
2025-07-15,60,1,0.6974834,1,HIGH
2025-01-20,72,0,0.12459092,0,LOW
2025-11-10,74,1,0.74541783,1,HIGH
2025-07-27,33,1,0.7600832,1,HIGH
2025-08-20,57,1,0.7399278,1,HIGH
2025-09-09,34,0,0.083400905,0,LOW
2025-05-17,82,0,0.060280908,0,LOW
2025-07-29,12,1,0.69392025,1,HIGH
2025-12-15,1,1,0.7223146,1,HIGH
2025-05-19,51,0,0.20191936,0,MEDIUM
2025-01-23,10,0,0.16371441,0,LOW
2025-03-24,25,0,0.10375699,0,LOW
2025-11-14,96,1,0.70057917,1,HIGH
2025-03-21,12,0,0.08407578,0,LOW
2025-03-22,14,0,0.033736825,0,LOW
2025-06-09,19,0,0.0667196,0,LOW
2025-10-20,33,1,0.70621663,1,HIGH
2025-10-26,73,0,0.06434741,0,LOW
2025-04-11,96,0,0.37259564,0,MEDIUM
2025-03-31,50,0,0.061101917,0,LOW
2025-06-03,21,1,0.73476285,1,HIGH
2025-10-01,34,0,0.04176617,0,LOW
2025-08-28,21,0,0.727699,1,HIGH
2025-08-04,31,0,0.26082566,0,MEDIUM
2025-05-06,37,0,0.022632476,0,LOW
2025-03-31,39,0,0.69685507,1,HIGH
2025-05-23,2,1,0.766877,1,HIGH
2025-03-19,49,0,0.23368119,0,MEDIUM
2025-01-02,92,0,0.016193936,0,LOW
2025-03-27,50,0,0.095487714,0,LOW
2025-05-27,36,0,0.73598915,1,HIGH
2025-04-12,24,0,0.18244636,0,LOW
2025-03-07,95,0,0.11755262,0,LOW
2025-11-03,80,0,0.7475655,1,HIGH
2025-02-10,86,0,0.21777126,0,MEDIUM
2025-07-14,5,0,0.73888546,1,HIGH
2025-06-17,25,0,0.224592,0,MEDIUM
2025-08-04,85,0,0.6137153,1,HIGH
2025-07-16,31,0,0.13567314,0,LOW
2025-01-11,26,0,0.020065773,0,LOW
2025-11-16,73,0,0.059624534,0,LOW
2025-08-17,54,0,0.7241707,1,HIGH
2025-07-14,81,0,0.09293664,0,LOW
2025-04-01,55,1,0.11459782,0,LOW
2025-10-22,9,0,0.7773054,1,HIGH
2025-12-03,7,1,0.726973,1,HIGH
2025-03-22,16,0,0.031920023,0,LOW
2025-12-24,17,0,0.16936216,0,LOW
2025-11-17,93,1,0.790348,1,HIGH
2025-06-01,45,0,0.42324093,0,MEDIUM
2025-12-07,65,1,0.7498831,1,HIGH
2025-11-02,48,1,0.7316645,1,HIGH
2025-12-28,44,1,0.8156886,1,HIGH
2025-07-17,89,1,0.035246395,0,LOW
2025-04-11,6,0,0.055826418,0,LOW
2025-03-16,81,0,0.023624027,0,LOW
2025-03-15,100,0,0.06422755,0,LOW
2025-01-13,71,0,0.020722663,0,LOW
2025-11-26,87,0,0.73068875,1,HIGH
2025-11-03,81,0,0.6622211,1,HIGH
2025-07-17,43,0,0.66520447,1,HIGH
2025-06-27,6,1,0.29109868,0,MEDIUM
2025-03-14,75,0,0.028324762,0,LOW
2025-02-10,78,0,0.054727606,0,LOW
2025-02-23,61,0,0.048595246,0,LOW
2025-10-20,87,1,0.7650934,1,HIGH
2025-01-19,32,0,0.03625197,0,LOW
2025-07-29,17,0,0.094182216,0,LOW
2025-11-06,55,1,0.7600598,1,HIGH
2025-12-24,9,0,0.699226,1,HIGH
2025-09-04,67,0,0.80098724,1,HIGH
2025-12-19,13,0,0.7723998,1,HIGH
2025-04-21,98,0,0.1506947,0,LOW
2025-10-26,100,1,0.752554,1,HIGH
2025-03-01,19,0,0.036517315,0,LOW
2025-11-04,42,1,0.71519446,1,HIGH
2025-10-18,5,1,0.77206194,1,HIGH
2025-03-09,27,0,0.065096065,0,LOW
2025-10-27,55,0,0.752036,1,HIGH
2025-12-20,79,1,0.60959864,1,HIGH
2025-02-08,53,0,0.039614514,0,LOW
2025-12-21,86,0,0.7551125,1,HIGH
2025-07-21,100,0,0.32988778,0,MEDIUM
2025-04-15,79,1,0.6956019,1,HIGH
2025-02-03,5,0,0.13800657,0,LOW
2025-08-10,28,0,0.7740683,1,HIGH
2025-07-17,15,1,0.3009195,0,MEDIUM
2025-02-17,42,0,0.20072626,0,MEDIUM
2025-09-16,100,1,0.7371451,1,HIGH
2025-05-21,39,0,0.792518,1,HIGH
2025-07-23,16,0,0.10773474,0,LOW
2025-07-15,36,1,0.7374302,1,HIGH
2025-10-25,7,1,0.7679856,1,HIGH
2025-07-05,49,1,0.74597955,1,HIGH
2025-06-16,26,0,0.14722602,0,LOW
2025-02-16,19,0,0.017148396,0,LOW
2025-08-12,95,1,0.7487275,1,HIGH
2025-09-24,13,0,0.7411175,1,HIGH
2025-04-16,92,0,0.121220626,0,LOW
2025-03-30,8,0,0.08786169,0,LOW
2025-06-26,85,0,0.35074353,0,MEDIUM
2025-05-08,52,0,0.26784074,0,MEDIUM
2025-09-13,66,1,0.74252194,1,HIGH
2025-05-05,21,1,0.6912193,1,HIGH
2025-11-06,97,1,0.66878194,1,HIGH
2025-02-23,94,0,0.3090068,0,MEDIUM
2025-04-04,11,0,0.6550474,1,HIGH
2025-08-25,3,1,0.7538133,1,HIGH
2025-12-27,98,0,0.7540095,1,HIGH
2025-12-09,93,0,0.7822815,1,HIGH
2025-05-09,76,0,0.12864794,0,LOW
2025-11-15,48,0,0.70550394,1,HIGH
2025-04-16,60,0,0.18841691,0,LOW
2025-02-17,16,0,0.02583114,0,LOW
2025-05-05,92,0,0.17310286,0,LOW
2025-02-23,35,0,0.79126656,1,HIGH
2025-08-27,49,0,0.7409202,1,HIGH
2025-01-05,51,0,0.029192092,0,LOW
2025-07-01,48,1,0.75088036,1,HIGH
2025-07-26,64,1,0.75773007,1,HIGH
2025-02-08,58,0,0.014562591,0,LOW
2025-02-04,31,0,0.09677444,0,LOW
2025-11-26,91,1,0.66829526,1,HIGH
2025-09-10,83,1,0.75494176,1,HIGH
2025-01-18,47,0,0.016418703,0,LOW
2025-07-29,81,0,0.06581028,0,LOW
2025-07-09,42,1,0.7455092,1,HIGH
2025-03-07,4,0,0.28257322,0,MEDIUM
2025-03-01,46,0,0.22886504,0,MEDIUM
2025-07-05,91,0,0.7326249,1,HIGH
2025-03-25,56,1,0.6753272,1,HIGH
2025-09-04,36,0,0.73144275,1,HIGH
2025-01-17,36,0,0.12050047,0,LOW
2025-07-25,52,0,0.6571021,1,HIGH
2025-10-11,86,1,0.73785156,1,HIGH
2025-02-25,99,0,0.08275002,0,LOW
2025-08-08,11,1,0.7750509,1,HIGH
2025-01-13,15,0,0.041438136,0,LOW
2025-04-25,24,0,0.3116356,0,MEDIUM
2025-04-03,68,0,0.03004501,0,LOW
2025-11-08,56,1,0.70510906,1,HIGH
2025-12-18,35,1,0.7462317,1,HIGH
2025-07-02,41,0,0.08307546,0,LOW
2025-11-17,6,0,0.74298525,1,HIGH
2025-03-01,98,0,0.060724057,0,LOW
2025-10-04,55,0,0.750977,1,HIGH
2025-08-14,4,0,0.73267907,1,HIGH
2025-03-13,21,0,0.29455894,0,MEDIUM
2025-04-11,67,1,0.2435552,0,MEDIUM
2025-06-01,90,1,0.7351925,1,HIGH
2025-01-18,67,0,0.08741081,0,LOW
2025-11-06,50,1,0.748242,1,HIGH
2025-10-31,71,0,0.06395901,0,LOW
2025-11-15,21,1,0.76345056,1,HIGH
2025-08-25,51,0,0.7133316,1,HIGH
2025-06-14,62,1,0.7403093,1,HIGH
2025-08-26,59,0,0.77209496,1,HIGH
2025-12-13,72,1,0.7136086,1,HIGH
2025-02-13,38,0,0.038815845,0,LOW
2025-03-31,83,0,0.063777365,0,LOW
2025-07-19,44,0,0.7552278,1,HIGH
2025-10-14,82,0,0.12732483,0,LOW
2025-01-01,50,0,0.06872847,0,LOW
2025-05-13,3,0,0.6643454,1,HIGH
2025-05-19,28,0,0.3574218,0,MEDIUM
2025-12-25,68,0,0.38547724,0,MEDIUM
2025-08-23,53,0,0.6831914,1,HIGH
2025-06-14,7,1,0.72766596,1,HIGH
2025-05-08,34,0,0.018944757,0,LOW
2025-06-27,36,0,0.72931796,1,HIGH
2025-07-06,52,0,0.49921286,0,MEDIUM
2025-10-05,15,1,0.7653476,1,HIGH
2025-07-10,56,1,0.77170247,1,HIGH
2025-06-28,11,0,0.7290896,1,HIGH
2025-02-06,62,0,0.22138081,0,MEDIUM
2025-08-20,51,0,0.77398026,1,HIGH
2025-02-07,47,0,0.036438577,0,LOW
2025-08-07,39,0,0.7283485,1,HIGH
2025-08-05,72,1,0.71599334,1,HIGH
2025-09-14,94,0,0.035880126,0,LOW
2025-10-27,31,0,0.659197,1,HIGH
2025-09-12,72,1,0.7376876,1,HIGH
2025-01-26,86,0,0.116087705,0,LOW
2025-08-17,4,1,0.76003796,1,HIGH
2025-05-09,1,1,0.73507124,1,HIGH
2025-04-22,2,1,0.69453907,1,HIGH
2025-07-15,54,1,0.7350911,1,HIGH
2025-07-12,51,0,0.64452386,1,HIGH
2025-08-13,85,1,0.666962,1,HIGH
2025-10-22,79,1,0.71384794,1,HIGH
2025-04-07,83,0,0.10825709,0,LOW
2025-06-08,85,0,0.09719733,0,LOW
2025-12-18,31,1,0.707009,1,HIGH
2025-12-12,98,0,0.7919104,1,HIGH
2025-07-11,16,0,0.07264631,0,LOW
2025-10-05,21,1,0.72212416,1,HIGH
2025-09-28,65,0,0.76460147,1,HIGH
2025-02-17,25,1,0.040116057,0,LOW
2025-09-21,32,0,0.7270685,1,HIGH
2025-06-15,22,0,0.06394147,0,LOW
2025-02-01,72,0,0.13005689,0,LOW
2025-07-01,24,0,0.759536,1,HIGH
2025-07-08,8,0,0.3922064,0,MEDIUM
2025-07-15,48,1,0.72737604,1,HIGH
2025-12-28,87,1,0.66784316,1,HIGH
2025-01-07,68,0,0.01925749,0,LOW
2025-02-28,16,0,0.028555658,0,LOW
2025-08-27,99,0,0.754311,1,HIGH
2025-08-28,91,0,0.74980074,1,HIGH
2025-05-30,60,0,0.5281266,1,HIGH
2025-01-20,65,0,0.04895365,0,LOW
2025-04-15,9,0,0.69793254,1,HIGH
2025-10-11,98,1,0.7412161,1,HIGH
2025-09-07,61,1,0.19632272,0,LOW
2025-01-19,65,0,0.051739562,0,LOW
2025-03-27,61,0,0.048982564,0,LOW
2025-10-07,84,1,0.7182535,1,HIGH
2025-09-13,40,1,0.7443112,1,HIGH
2025-05-16,22,0,0.03231103,0,LOW
2025-06-15,36,0,0.72705424,1,HIGH
2025-04-09,25,0,0.14342432,0,LOW
2025-12-28,32,1,0.7670429,1,HIGH
2025-06-23,52,0,0.5225278,1,HIGH
2025-08-14,81,0,0.11548654,0,LOW
2025-12-29,49,0,0.7306781,1,HIGH
2025-12-29,79,1,0.81556046,1,HIGH
2025-11-06,84,0,0.76850194,1,HIGH
2025-06-23,95,0,0.39622134,0,MEDIUM
2025-09-28,22,0,0.4920896,0,MEDIUM
2025-05-20,14,0,0.0738031,0,LOW
2025-09-03,6,0,0.6570542,1,HIGH
2025-12-18,77,0,0.7956163,1,HIGH
2025-10-05,48,1,0.7579069,1,HIGH
2025-06-21,16,0,0.10602548,0,LOW
2025-06-26,5,1,0.7285013,1,HIGH
2025-05-24,46,0,0.7040201,1,HIGH
2025-10-14,74,0,0.74899065,1,HIGH
2025-07-03,66,0,0.7175663,1,HIGH
2025-11-16,96,1,0.69809484,1,HIGH
2025-12-27,47,0,0.12849087,0,LOW
2025-02-16,55,0,0.14984453,0,LOW
2025-06-15,6,0,0.1498024,0,LOW
2025-03-22,11,0,0.75306857,1,HIGH
2025-10-16,17,0,0.1450823,0,LOW
2025-12-09,11,1,0.74598265,1,HIGH
2025-12-28,55,0,0.6623161,1,HIGH
2025-04-09,50,0,0.15419327,0,LOW
2025-05-11,76,0,0.11608202,0,LOW
2025-05-14,99,0,0.54005843,1,HIGH
2025-06-27,61,0,0.09110098,0,LOW
2025-02-07,40,0,0.102631725,0,LOW
2025-09-26,71,0,0.025384273,0,LOW
2025-08-26,61,0,0.11677881,0,LOW
2025-05-25,16,0,0.026672926,0,LOW
2025-03-27,58,0,0.02923151,0,LOW
2025-01-15,3,0,0.1006504,0,LOW
2025-12-20,14,0,0.76323974,1,HIGH
2025-05-02,55,0,0.22584243,0,MEDIUM
2025-05-04,83,0,0.14132132,0,LOW
2025-01-10,13,0,0.033604283,0,LOW
2025-02-07,8,0,0.09300936,0,LOW
2025-04-18,70,0,0.6994796,1,HIGH
2025-06-12,33,0,0.7377435,1,HIGH
2025-09-27,63,0,0.7350111,1,HIGH
2025-09-10,53,0,0.7586016,1,HIGH
2025-07-24,51,0,0.71051055,1,HIGH
2025-07-09,92,0,0.1197727,0,LOW
2025-03-02,47,0,0.026100162,0,LOW
2025-05-05,4,1,0.7403518,1,HIGH
2025-04-10,39,0,0.7119087,1,HIGH
2025-07-03,95,0,0.6091578,1,HIGH
2025-02-26,71,0,0.28619036,0,MEDIUM
2025-03-13,16,0,0.046828736,0,LOW
2025-04-01,70,1,0.53973883,1,HIGH
2025-07-14,94,0,0.05791477,0,LOW
2025-03-15,11,0,0.2474508,0,MEDIUM
2025-07-18,82,0,0.042557046,0,LOW
2025-03-22,44,1,0.7336039,1,HIGH
2025-06-16,18,0,0.7473359,1,HIGH
2025-08-06,1,0,0.7427045,1,HIGH
2025-07-25,12,1,0.7039373,1,HIGH
2025-11-11,56,1,0.73201936,1,HIGH
2025-09-09,82,0,0.069851294,0,LOW
2025-10-03,91,0,0.7568407,1,HIGH
2025-10-14,21,0,0.7423523,1,HIGH
2025-06-09,13,0,0.24014734,0,MEDIUM
2025-05-25,93,0,0.6961088,1,HIGH
2025-08-18,67,1,0.77452505,1,HIGH
2025-03-06,32,0,0.25175837,0,MEDIUM
2025-06-16,35,1,0.73935044,1,HIGH
2025-09-08,94,0,0.07910808,0,LOW
2025-03-18,13,0,0.048284452,0,LOW
2025-02-06,20,1,0.13971938,0,LOW
2025-12-26,10,0,0.79566115,1,HIGH
2025-07-10,37,0,0.025969947,0,LOW
2025-01-18,39,0,0.087279595,0,LOW
2025-03-29,18,0,0.39144373,0,MEDIUM
2025-11-05,37,0,0.058009077,0,LOW
2025-02-07,86,0,0.032947972,0,LOW
2025-03-28,40,0,0.18740986,0,LOW
2025-09-08,64,1,0.8036035,1,HIGH
2025-03-19,69,0,0.66711336,1,HIGH
2025-03-13,45,0,0.0760354,0,LOW
2025-08-16,93,1,0.78546596,1,HIGH
2025-11-01,24,1,0.76279324,1,HIGH
2025-08-29,24,1,0.75969565,1,HIGH
2025-03-26,77,1,0.6979711,1,HIGH
2025-01-11,66,0,0.057440437,0,LOW
2025-12-16,20,0,0.63888806,1,HIGH
2025-10-27,37,0,0.10285822,0,LOW
2025-09-10,17,0,0.11365386,0,LOW
2025-06-30,51,0,0.60049844,1,HIGH
2025-02-05,84,0,0.055728767,0,LOW
2025-04-09,78,0,0.24055928,0,MEDIUM
2025-02-23,57,0,0.8381333,1,HIGH
2025-09-06,46,1,0.79300267,1,HIGH
2025-04-20,13,0,0.38515845,0,MEDIUM
2025-04-13,45,0,0.07661897,0,LOW
2025-12-19,12,0,0.77589345,1,HIGH
2025-03-20,57,1,0.6429129,1,HIGH
2025-12-15,16,0,0.49781376,0,MEDIUM
2025-02-15,59,0,0.59625965,1,HIGH
2025-09-14,10,1,0.7460017,1,HIGH
2025-04-24,41,0,0.077417634,0,LOW
2025-03-02,94,0,0.085899234,0,LOW
2025-09-15,9,1,0.74682957,1,HIGH
2025-08-23,9,0,0.7487149,1,HIGH
2025-11-23,94,0,0.05014843,0,LOW
2025-07-15,45,0,0.5081041,1,HIGH
2025-02-14,63,0,0.33093625,0,MEDIUM
2025-05-14,52,0,0.24841224,0,MEDIUM
2025-07-03,82,0,0.052059706,0,LOW
2025-12-18,41,1,0.77163637,1,HIGH
2025-09-25,28,1,0.78289,1,HIGH
2025-11-01,48,1,0.75923085,1,HIGH
2025-10-28,90,1,0.72782487,1,HIGH
2025-01-25,90,0,0.18344209,0,LOW
2025-05-08,30,1,0.6867131,1,HIGH
2025-05-19,27,0,0.074091636,0,LOW
2025-10-06,29,1,0.60294765,1,HIGH
2025-06-30,19,0,0.12182473,0,LOW
2025-04-13,83,1,0.27502295,0,MEDIUM
2025-10-06,64,1,0.6939406,1,HIGH
2025-02-28,5,0,0.18914922,0,LOW
2025-07-07,47,0,0.06149834,0,LOW
2025-03-26,96,1,0.25202724,0,MEDIUM
2025-06-16,42,0,0.7672359,1,HIGH
2025-05-15,98,0,0.15108587,0,LOW
2025-09-20,59,1,0.7154657,1,HIGH
2025-05-03,25,0,0.17379007,0,LOW
2025-09-02,20,0,0.74825925,1,HIGH
2025-05-20,9,1,0.7474596,1,HIGH
2025-03-01,95,0,0.15688768,0,LOW
2025-06-10,62,1,0.73666644,1,HIGH
2025-04-06,70,0,0.62612635,1,HIGH
2025-03-23,29,1,0.74949396,1,HIGH
2025-07-27,97,0,0.1694258,0,LOW
2025-08-08,42,0,0.7555415,1,HIGH
2025-03-01,66,0,0.22621708,0,MEDIUM
2025-06-09,87,1,0.66320485,1,HIGH
2025-05-19,70,1,0.7179485,1,HIGH
2025-06-14,42,1,0.74233854,1,HIGH
2025-02-20,79,0,0.13161883,0,LOW
2025-12-10,18,1,0.82663757,1,HIGH
2025-06-30,67,0,0.76467204,1,HIGH
2025-12-20,76,1,0.76469004,1,HIGH
2025-04-01,21,0,0.18898766,0,LOW
2025-04-15,37,0,0.015875692,0,LOW
2025-05-07,75,0,0.045397285,0,LOW
2025-04-04,96,0,0.23009701,0,MEDIUM
2025-01-27,1,0,0.17243417,0,LOW
2025-07-23,52,1,0.65832376,1,HIGH
2025-09-19,14,1,0.73071575,1,HIGH
2025-05-07,92,0,0.20881599,0,MEDIUM
2025-11-05,77,0,0.7499151,1,HIGH
2025-02-07,69,0,0.2891022,0,MEDIUM
2025-04-01,50,1,0.05800952,0,LOW
2025-06-06,30,1,0.7568911,1,HIGH
2025-06-05,22,0,0.084917605,0,LOW
2025-05-10,13,0,0.21460237,0,MEDIUM
2025-02-02,57,0,0.4289967,0,MEDIUM
2025-08-26,89,1,0.12799075,0,LOW
2025-08-31,24,1,0.74923074,1,HIGH
2025-06-20,23,0,0.7420734,1,HIGH
2025-05-24,9,0,0.7407911,1,HIGH
2025-01-18,35,0,0.12932731,0,LOW
2025-03-10,43,0,0.14035574,0,LOW
2025-06-22,16,0,0.078552395,0,LOW
2025-04-14,29,0,0.69475555,1,HIGH
2025-12-14,64,1,0.7772721,1,HIGH
2025-05-22,18,1,0.70046186,1,HIGH
2025-08-14,57,1,0.7153814,1,HIGH
2025-12-06,8,0,0.7312008,1,HIGH
2025-04-14,12,0,0.103569105,0,LOW
2025-07-14,37,0,0.019872937,0,LOW
2025-02-09,85,0,0.046267834,0,LOW
2025-09-29,20,1,0.75281763,1,HIGH
2025-01-07,86,0,0.05710279,0,LOW
2025-12-01,60,1,0.75086904,1,HIGH
2025-09-08,17,0,0.0804704,0,LOW
2025-04-05,69,1,0.7663812,1,HIGH
2025-05-15,21,1,0.7240242,1,HIGH
2025-08-16,72,0,0.73662406,1,HIGH
2025-04-15,23,0,0.42164135,0,MEDIUM
2025-01-09,75,0,0.015742132,0,LOW
2025-02-16,70,0,0.12799597,0,LOW
2025-05-30,22,0,0.027334131,0,LOW
2025-10-27,57,1,0.79729366,1,HIGH
2025-11-28,99,0,0.74802774,1,HIGH
2025-01-15,12,0,0.026159974,0,LOW
2025-11-13,49,0,0.69957054,1,HIGH
2025-01-05,36,0,0.12596926,0,LOW
2025-11-16,80,1,0.76248664,1,HIGH
2025-08-31,83,1,0.74828106,1,HIGH
2025-02-12,9,0,0.3475866,0,MEDIUM
2025-06-05,99,0,0.719665,1,HIGH
2025-05-02,15,0,0.04904173,0,LOW
2025-12-01,84,1,0.77564526,1,HIGH
2025-10-02,39,1,0.7032428,1,HIGH
2025-07-26,59,1,0.76735294,1,HIGH
2025-08-25,5,1,0.73143536,1,HIGH
2025-04-04,44,0,0.7107726,1,HIGH
2025-08-02,76,0,0.53159827,1,HIGH
2025-04-21,90,1,0.6558796,1,HIGH
2025-08-08,89,0,0.05652257,0,LOW
2025-05-13,79,0,0.7234501,1,HIGH
2025-07-01,60,1,0.71745086,1,HIGH
2025-04-28,99,1,0.5545502,1,HIGH
2025-10-13,27,1,0.692009,1,HIGH
2025-02-08,85,0,0.05757074,0,LOW
2025-11-06,12,0,0.7569696,1,HIGH
2025-07-28,2,0,0.745846,1,HIGH
2025-11-18,15,1,0.76266396,1,HIGH
2025-02-04,90,0,0.15877452,0,LOW
2025-08-21,69,0,0.7473374,1,HIGH
2025-12-07,4,0,0.7172183,1,HIGH
2025-05-28,100,0,0.18094036,0,LOW
2025-01-18,93,0,0.29490888,0,MEDIUM
2025-11-21,67,1,0.7003307,1,HIGH
2025-11-09,3,0,0.70289844,1,HIGH
2025-09-01,53,0,0.71328557,1,HIGH
2025-10-27,76,0,0.700064,1,HIGH
2025-05-02,41,0,0.10190286,0,LOW
2025-05-09,9,1,0.74967456,1,HIGH
2025-05-29,20,0,0.75029683,1,HIGH
2025-08-28,2,1,0.7630221,1,HIGH
2025-04-21,4,1,0.691492,1,HIGH
2025-01-29,28,0,0.35028645,0,MEDIUM
2025-04-16,42,0,0.33393902,0,MEDIUM
2025-06-08,90,1,0.726011,1,HIGH
2025-09-25,39,0,0.7672976,1,HIGH
2025-03-27,19,0,0.040751368,0,LOW
2025-11-02,23,0,0.6877309,1,HIGH
2025-08-30,80,1,0.76417416,1,HIGH
2025-04-08,11,0,0.605712,1,HIGH
2025-11-12,28,1,0.77412426,1,HIGH
2025-11-11,21,1,0.7494139,1,HIGH
2025-10-14,42,0,0.76182175,1,HIGH
2025-10-25,53,1,0.7408278,1,HIGH
2025-03-03,11,0,0.35843566,0,MEDIUM
2025-07-27,12,1,0.6907232,1,HIGH
2025-06-25,11,1,0.75350523,1,HIGH
2025-02-08,24,0,0.09128784,0,LOW
2025-08-26,41,0,0.20299454,0,MEDIUM
2025-09-18,57,1,0.7003409,1,HIGH
2025-01-18,91,0,0.12220644,0,LOW
2025-05-18,27,0,0.08370019,0,LOW
2025-10-30,91,0,0.7568491,1,HIGH
2025-07-16,48,0,0.7264098,1,HIGH
2025-06-18,21,1,0.74370635,1,HIGH
2025-09-21,96,1,0.7287353,1,HIGH
2025-02-27,54,0,0.25437215,0,MEDIUM
2025-04-17,46,1,0.45514914,0,MEDIUM
2025-06-14,1,1,0.7542559,1,HIGH
2025-05-25,90,0,0.7376677,1,HIGH
2025-10-17,1,0,0.716601,1,HIGH
2025-02-03,16,0,0.026500277,0,LOW
2025-07-09,80,0,0.7483773,1,HIGH
2025-11-30,11,1,0.7838335,1,HIGH
2025-11-13,51,0,0.7503481,1,HIGH
2025-07-07,44,1,0.7405185,1,HIGH
2025-08-25,43,1,0.7542382,1,HIGH
2025-07-10,100,0,0.15318358,0,LOW
2025-05-28,28,0,0.25514126,0,MEDIUM
2025-04-24,31,0,0.095845856,0,LOW
2025-11-12,94,0,0.14068963,0,LOW
2025-10-30,95,1,0.7720354,1,HIGH
2025-05-16,88,0,0.05780322,0,LOW
2025-01-11,82,0,0.020747041,0,LOW
2025-03-06,8,0,0.09179217,0,LOW
2025-08-23,11,1,0.7680436,1,HIGH
2025-05-14,84,0,0.11018778,0,LOW
2025-12-22,4,0,0.7335813,1,HIGH
2025-02-08,90,1,0.2555594,0,MEDIUM
2025-12-12,41,1,0.76439553,1,HIGH
2025-11-29,24,1,0.6645003,1,HIGH
2025-07-16,42,1,0.76635146,1,HIGH
2025-11-01,18,1,0.6921907,1,HIGH
2025-03-09,99,0,0.15965809,0,LOW
2025-11-27,85,0,0.7590425,1,HIGH
2025-01-14,29,0,0.13971815,0,LOW
2025-10-24,23,0,0.70607954,1,HIGH
2025-05-20,42,1,0.69913405,1,HIGH
2025-12-21,78,1,0.6850494,1,HIGH
2025-05-01,41,1,0.1494365,0,LOW
2025-08-01,52,0,0.733208,1,HIGH
2025-09-20,68,0,0.07591146,0,LOW
2025-09-30,91,0,0.74368554,1,HIGH
2025-12-02,80,0,0.71116245,1,HIGH
2025-01-07,12,0,0.046297375,0,LOW
2025-12-03,47,0,0.10533297,0,LOW
2025-02-19,30,0,0.24830371,0,MEDIUM
2025-01-13,3,0,0.048031025,0,LOW
2025-12-24,85,1,0.76110744,1,HIGH
2025-09-02,49,0,0.61980695,1,HIGH
2025-05-28,6,0,0.18913768,0,LOW
2025-10-12,42,1,0.7681416,1,HIGH
2025-02-02,46,0,0.08930047,0,LOW
2025-12-27,66,0,0.8184373,1,HIGH
2025-11-24,89,1,0.6645336,1,HIGH
2025-05-19,25,0,0.122249156,0,LOW
2025-03-19,8,0,0.09483986,0,LOW
2025-04-07,72,0,0.38636294,0,MEDIUM
2025-09-11,71,0,0.059399415,0,LOW
2025-04-23,5,0,0.612136,1,HIGH
2025-06-13,57,1,0.7553335,1,HIGH
2025-07-12,94,0,0.0547681,0,LOW
2025-02-20,61,0,0.12824653,0,LOW
2025-12-19,51,1,0.74112445,1,HIGH
2025-12-15,18,0,0.8038643,1,HIGH
2025-03-03,26,0,0.04083154,0,LOW
2025-04-29,6,0,0.056321,0,LOW
2025-04-18,54,0,0.17886782,0,LOW
2025-01-22,15,0,0.077194415,0,LOW
2025-11-21,69,0,0.7893833,1,HIGH
2025-03-22,62,1,0.6461805,1,HIGH
2025-11-22,25,1,0.75866777,1,HIGH
2025-07-04,12,0,0.65101486,1,HIGH
2025-04-17,9,1,0.7389095,1,HIGH
2025-12-19,29,1,0.7549964,1,HIGH
2025-06-24,14,0,0.11345357,0,LOW
2025-07-01,92,0,0.116358235,0,LOW
2025-04-29,44,1,0.75084615,1,HIGH
2025-10-28,96,0,0.71383184,1,HIGH
2025-01-08,69,0,0.2578111,0,MEDIUM
2025-06-29,50,1,0.23826838,0,MEDIUM
2025-08-04,74,0,0.5560877,1,HIGH
2025-05-08,32,0,0.09459313,0,LOW
2025-04-16,25,0,0.08394042,0,LOW
2025-03-21,50,0,0.070040636,0,LOW
2025-07-11,41,0,0.0977006,0,LOW
2025-11-09,83,1,0.7423484,1,HIGH
2025-05-10,76,0,0.11241861,0,LOW
2025-04-21,69,1,0.67789966,1,HIGH
2025-09-24,76,1,0.7182214,1,HIGH
2025-02-07,55,0,0.109205164,0,LOW
2025-01-27,17,0,0.02078229,0,LOW
2025-09-06,9,1,0.7379335,1,HIGH
2025-07-07,67,1,0.7429906,1,HIGH
2025-10-05,31,1,0.47057778,0,MEDIUM
2025-05-31,32,0,0.30074438,0,MEDIUM
2025-11-20,47,0,0.100932,0,LOW
2025-03-30,34,0,0.029773865,0,LOW
2025-01-31,93,1,0.2550766,0,MEDIUM
2025-02-22,59,0,0.28083983,0,MEDIUM
2025-04-24,28,0,0.25885412,0,MEDIUM
2025-01-07,75,0,0.01361598,0,LOW
2025-10-12,93,1,0.7185196,1,HIGH
2025-05-06,93,1,0.6985183,1,HIGH
2025-01-02,31,0,0.031648215,0,LOW
2025-09-14,23,1,0.76269406,1,HIGH
2025-12-25,24,1,0.8022132,1,HIGH
2025-11-28,79,1,0.7103565,1,HIGH
2025-06-21,39,0,0.7187778,1,HIGH
2025-04-21,19,0,0.06797463,0,LOW
2025-03-25,81,0,0.024429886,0,LOW
2025-08-29,37,0,0.035886098,0,LOW
2025-07-03,99,0,0.7069879,1,HIGH
2025-04-25,39,1,0.6122781,1,HIGH
2025-08-28,29,1,0.7052861,1,HIGH
2025-12-04,70,0,0.64421356,1,HIGH
2025-04-24,21,1,0.51751053,1,HIGH
2025-10-02,35,1,0.68860954,1,HIGH
2025-05-21,30,0,0.7554358,1,HIGH
2025-05-18,28,1,0.2601688,0,MEDIUM
2025-08-18,23,0,0.7521775,1,HIGH
2025-01-30,23,1,0.16860934,0,LOW
2025-05-28,37,0,0.02351738,0,LOW
2025-02-12,23,0,0.33443746,0,MEDIUM
2025-05-23,71,0,0.055648953,0,LOW
2025-08-27,70,0,0.75869906,1,HIGH
2025-03-24,11,0,0.53445244,1,HIGH
2025-06-11,7,0,0.7576967,1,HIGH
2025-07-19,46,1,0.75370705,1,HIGH
2025-12-18,80,1,0.75667334,1,HIGH
2025-11-30,12,1,0.7614797,1,HIGH
2025-02-21,91,0,0.32765546,0,MEDIUM
2025-05-31,87,1,0.7296305,1,HIGH
2025-07-10,97,0,0.08638298,0,LOW
2025-06-07,7,1,0.7053753,1,HIGH
2025-04-11,39,1,0.6529185,1,HIGH
2025-11-15,53,0,0.7540764,1,HIGH
2025-11-22,71,0,0.19010967,0,LOW
2025-12-10,45,1,0.75827277,1,HIGH
2025-12-21,48,0,0.70109284,1,HIGH
2025-05-12,100,0,0.08703916,0,LOW
2025-12-10,80,1,0.7161293,1,HIGH
2025-09-24,40,1,0.75704163,1,HIGH
2025-05-28,73,0,0.052775066,0,LOW
2025-02-01,54,0,0.19135332,0,LOW
2025-05-01,5,1,0.7733249,1,HIGH
2025-12-15,76,0,0.7685576,1,HIGH
2025-03-25,24,0,0.10743503,0,LOW
2025-09-19,1,0,0.73565847,1,HIGH
2025-04-22,75,0,0.08704133,0,LOW
2025-02-21,50,0,0.059216585,0,LOW
2025-03-27,92,0,0.041818723,0,LOW
2025-09-22,73,0,0.029365294,0,LOW
2025-06-17,78,0,0.7043659,1,HIGH
2025-11-10,11,1,0.769003,1,HIGH
2025-05-05,24,0,0.49632615,0,MEDIUM
2025-11-02,92,1,0.70372957,1,HIGH
2025-10-28,100,0,0.6689689,1,HIGH
2025-09-07,81,0,0.18837892,0,LOW
2025-11-25,68,0,0.25686082,0,MEDIUM
2025-01-13,98,1,0.10827376,0,LOW
2025-10-03,14,1,0.6926259,1,HIGH
2025-10-12,46,1,0.7562975,1,HIGH
2025-12-15,83,0,0.7034821,1,HIGH
2025-12-16,43,1,0.7619367,1,HIGH
2025-08-26,86,1,0.72002363,1,HIGH
2025-04-05,5,0,0.30835956,0,MEDIUM
2025-08-27,61,1,0.08612473,0,LOW
2025-03-09,7,0,0.21588092,0,MEDIUM
2025-03-22,45,0,0.079167746,0,LOW
2025-08-08,15,0,0.7327766,1,HIGH
2025-04-26,23,1,0.714197,1,HIGH
2025-08-03,66,0,0.7842898,1,HIGH
2025-05-10,29,1,0.7414254,1,HIGH
2025-03-12,3,0,0.11714902,0,LOW
2025-11-11,19,1,0.7018554,1,HIGH
2025-06-24,63,0,0.76056296,1,HIGH
2025-04-11,54,1,0.18435535,0,LOW
2025-08-02,72,0,0.71024233,1,HIGH
2025-08-02,58,0,0.4728347,0,MEDIUM
2025-01-24,67,0,0.11009663,0,LOW
2025-06-11,14,0,0.07723882,0,LOW
2025-02-05,35,1,0.19608796,0,LOW
2025-03-05,31,0,0.020255528,0,LOW
2025-03-16,89,0,0.04798674,0,LOW
2025-04-15,89,0,0.063792124,0,LOW
2025-02-19,12,0,0.06232563,0,LOW
2025-01-18,98,0,0.03608235,0,LOW
2025-01-08,87,0,0.058091257,0,LOW
2025-01-28,49,0,0.06466659,0,LOW
2025-06-25,4,1,0.72012216,1,HIGH
2025-07-15,62,1,0.68374,1,HIGH
2025-11-13,52,0,0.77154267,1,HIGH
2025-10-09,66,0,0.77982104,1,HIGH
2025-02-25,69,0,0.538433,1,HIGH
2025-12-31,72,1,0.6397108,1,HIGH
2025-06-11,12,0,0.38785568,0,MEDIUM
2025-12-15,34,0,0.12095035,0,LOW
2025-08-08,88,0,0.526539,1,HIGH
2025-08-22,22,0,0.04943097,0,LOW
2025-11-18,70,1,0.62105066,1,HIGH
2025-09-20,77,1,0.7247264,1,HIGH
2025-09-29,36,1,0.720298,1,HIGH
2025-08-28,81,1,0.11602688,0,LOW
2025-01-26,61,0,0.030845892,0,LOW
2025-07-27,89,0,0.09488869,0,LOW
2025-04-25,28,0,0.15665884,0,LOW
2025-09-19,8,1,0.73248994,1,HIGH
2025-02-17,15,0,0.15507169,0,LOW
2025-04-03,13,0,0.117509216,0,LOW
2025-05-16,50,0,0.12983038,0,LOW
2025-09-18,72,1,0.75022024,1,HIGH
2025-05-24,79,0,0.7651714,1,HIGH
2025-02-09,56,0,0.12121589,0,LOW
2025-03-11,73,0,0.00922911,0,LOW
2025-04-07,70,0,0.5425093,1,HIGH
2025-12-12,7,0,0.6740389,1,HIGH
2025-08-09,19,0,0.10308329,0,LOW
2025-12-21,75,1,0.661587,1,HIGH
2025-10-03,29,0,0.68297976,1,HIGH
2025-04-16,53,0,0.04087543,0,LOW
2025-09-25,26,0,0.71392775,1,HIGH
2025-03-11,99,0,0.2134144,0,MEDIUM
2025-09-11,40,1,0.74591106,1,HIGH
2025-08-14,7,1,0.7506214,1,HIGH
2025-04-08,55,0,0.11870325,0,LOW
2025-10-19,40,1,0.75706106,1,HIGH
2025-10-15,55,0,0.7617457,1,HIGH
2025-09-14,61,0,0.13729504,0,LOW
2025-10-22,56,1,0.730845,1,HIGH
2025-12-10,14,0,0.76247275,1,HIGH
2025-02-24,42,0,0.20974402,0,MEDIUM
2025-01-20,5,0,0.06668282,0,LOW
2025-01-29,33,0,0.1421535,0,LOW
2025-06-08,83,1,0.7199186,1,HIGH
2025-05-10,43,0,0.33735514,0,MEDIUM
2025-09-18,88,0,0.053009734,0,LOW
2025-07-07,62,1,0.6848758,1,HIGH
2025-10-02,14,1,0.7316462,1,HIGH
2025-01-31,19,1,0.02181103,0,LOW
2025-06-08,35,1,0.7134031,1,HIGH
2025-08-24,70,1,0.73256826,1,HIGH
2025-08-05,21,1,0.72066844,1,HIGH
2025-03-13,93,0,0.14837018,0,LOW
2025-01-19,97,0,0.043344766,0,LOW
2025-08-24,67,0,0.7520349,1,HIGH
2025-05-30,7,1,0.6941484,1,HIGH
2025-09-28,43,1,0.7662675,1,HIGH
2025-07-18,98,0,0.50730145,1,HIGH
2025-01-17,53,0,0.0116715375,0,LOW
2025-02-24,55,0,0.07099164,0,LOW
2025-02-20,56,1,0.22535357,0,MEDIUM
2025-08-26,18,1,0.73415357,1,HIGH
2025-10-21,59,1,0.7278212,1,HIGH
2025-11-16,63,1,0.69898844,1,HIGH
2025-10-01,12,0,0.7651305,1,HIGH
2025-10-03,54,1,0.73637074,1,HIGH
2025-03-17,79,1,0.22032721,0,MEDIUM
2025-04-04,85,0,0.20490055,0,MEDIUM
2025-02-13,31,0,0.03297414,0,LOW
2025-01-06,5,0,0.06709697,0,LOW
2025-05-13,38,0,0.034821656,0,LOW
2025-05-31,24,1,0.71567166,1,HIGH
2025-05-24,63,0,0.68277293,1,HIGH
2025-02-14,88,0,0.032281153,0,LOW
2025-04-06,29,0,0.7250966,1,HIGH
2025-10-22,83,0,0.7711164,1,HIGH
2025-06-17,58,0,0.15883917,0,LOW
2025-03-09,51,0,0.061370004,0,LOW
2025-01-22,45,0,0.068655685,0,LOW
2025-06-28,86,1,0.10121552,0,LOW
2025-10-06,93,0,0.7304411,1,HIGH
2025-04-29,28,0,0.16238162,0,LOW
2025-11-29,96,1,0.7133857,1,HIGH
2025-03-09,43,0,0.24155305,0,MEDIUM
2025-06-08,50,0,0.18388133,0,LOW
2025-05-19,44,1,0.69284564,1,HIGH
2025-07-09,21,0,0.7253794,1,HIGH
2025-07-09,49,1,0.7646818,1,HIGH
2025-05-31,25,0,0.29499677,0,MEDIUM
2025-12-22,2,0,0.60742265,1,HIGH
2025-08-23,96,1,0.77145493,1,HIGH
2025-07-29,26,1,0.23746392,0,MEDIUM
2025-10-07,69,0,0.7137763,1,HIGH
2025-12-06,23,1,0.68764144,1,HIGH
2025-04-28,41,0,0.048675302,0,LOW
2025-09-15,31,0,0.3049412,0,MEDIUM
2025-10-17,22,0,0.11006406,0,LOW
2025-05-23,16,0,0.05200594,0,LOW
2025-04-06,15,0,0.06920654,0,LOW
2025-03-01,79,0,0.12071164,0,LOW
2025-05-28,11,0,0.7627105,1,HIGH
2025-06-09,51,0,0.20090184,0,MEDIUM
2025-11-21,66,1,0.72048426,1,HIGH
2025-10-16,2,1,0.7214488,1,HIGH
2025-07-23,44,1,0.750354,1,HIGH
2025-11-07,33,1,0.7100866,1,HIGH
2025-12-19,37,0,0.07759912,0,LOW
2025-11-26,21,0,0.69738114,1,HIGH
2025-09-30,95,1,0.75364214,1,HIGH
2025-05-31,70,0,0.7517771,1,HIGH
2025-03-14,76,1,0.036512155,0,LOW
2025-07-02,42,0,0.7203121,1,HIGH
2025-04-10,40,0,0.1531647,0,LOW
2025-04-17,50,0,0.0668654,0,LOW
2025-12-11,36,1,0.55512375,1,HIGH
2025-06-09,10,1,0.72303677,1,HIGH
2025-05-25,61,0,0.08112465,0,LOW
2025-09-27,92,0,0.2258416,0,MEDIUM
2025-09-20,24,0,0.75643224,1,HIGH
2025-12-19,30,1,0.72601557,1,HIGH
2025-11-13,87,1,0.7385546,1,HIGH
2025-01-10,87,0,0.053122103,0,LOW
2025-08-04,89,0,0.23093021,0,MEDIUM
2025-09-15,93,1,0.79406863,1,HIGH
2025-05-01,58,0,0.17150395,0,LOW
2025-11-28,37,0,0.052192748,0,LOW
2025-11-20,73,0,0.08719562,0,LOW
2025-01-03,66,0,0.17010352,0,LOW
2025-12-03,18,0,0.8331434,1,HIGH
2025-12-10,27,0,0.74772745,1,HIGH
2025-11-08,78,0,0.77381474,1,HIGH
2025-07-25,73,0,0.03294252,0,LOW
2025-04-28,4,0,0.73795706,1,HIGH
2025-04-03,32,1,0.07184555,0,LOW
2025-03-23,37,0,0.1524791,0,LOW
2025-11-15,12,0,0.7340953,1,HIGH
2025-07-29,78,0,0.7706793,1,HIGH
2025-01-11,15,0,0.043432254,0,LOW
2025-03-22,1,0,0.55271727,1,HIGH
2025-10-26,95,0,0.77216923,1,HIGH
2025-01-22,2,0,0.059648026,0,LOW
2025-04-03,20,0,0.3272207,0,MEDIUM
2025-07-03,36,1,0.7549421,1,HIGH
2025-09-01,56,1,0.7928711,1,HIGH
2025-03-04,93,0,0.4476244,0,MEDIUM
2025-01-14,78,0,0.108165175,0,LOW
2025-09-13,58,1,0.70422995,1,HIGH
2025-11-15,93,0,0.7404214,1,HIGH
2025-09-14,5,1,0.740949,1,HIGH
2025-01-15,60,0,0.06872043,0,LOW
2025-10-22,55,1,0.7772982,1,HIGH
2025-08-26,65,1,0.71967465,1,HIGH
2025-10-09,46,1,0.7607681,1,HIGH
2025-06-23,72,0,0.7365516,1,HIGH
2025-03-04,29,0,0.5227467,1,HIGH
2025-10-17,29,0,0.6407716,1,HIGH
2025-05-11,3,0,0.7003705,1,HIGH
2025-11-23,50,1,0.75796175,1,HIGH
2025-09-11,30,1,0.7140297,1,HIGH
2025-08-01,32,1,0.689759,1,HIGH
2025-11-30,95,1,0.76731247,1,HIGH
2025-05-10,49,1,0.6842236,1,HIGH
2025-10-21,20,1,0.7098949,1,HIGH
2025-03-31,100,1,0.17682022,0,LOW
2025-03-15,87,0,0.36548126,0,MEDIUM
2025-02-18,29,0,0.2761195,0,MEDIUM
2025-03-15,81,0,0.031547457,0,LOW
2025-04-02,100,0,0.094404355,0,LOW
2025-12-22,80,1,0.7557844,1,HIGH
2025-08-18,94,0,0.0503416,0,LOW
2025-12-27,19,1,0.70961726,1,HIGH
2025-04-10,87,0,0.14666247,0,LOW
2025-11-06,30,0,0.6645437,1,HIGH
2025-12-18,75,0,0.6901736,1,HIGH
2025-09-24,30,1,0.7507032,1,HIGH
2025-01-25,25,0,0.033974096,0,LOW
2025-09-29,53,1,0.68527645,1,HIGH
2025-06-16,67,1,0.7256827,1,HIGH
2025-12-03,82,0,0.18858048,0,LOW
2025-11-09,85,0,0.73847383,1,HIGH
2025-04-12,82,0,0.03572773,0,LOW
2025-09-04,37,1,0.043443944,0,LOW
2025-10-11,79,0,0.71591526,1,HIGH
2025-08-30,93,0,0.77557087,1,HIGH
2025-03-29,19,0,0.037781917,0,LOW
2025-06-24,84,0,0.5083801,1,HIGH
2025-11-22,76,1,0.7397512,1,HIGH
2025-08-23,26,1,0.7221393,1,HIGH
2025-08-17,3,0,0.75854844,1,HIGH
2025-08-18,10,0,0.74005276,1,HIGH
2025-06-18,93,0,0.69905484,1,HIGH
2025-11-15,17,0,0.1518841,0,LOW
2025-06-11,34,0,0.022341596,0,LOW
2025-10-19,89,1,0.45577005,0,MEDIUM
2025-02-23,12,0,0.071560316,0,LOW
2025-01-04,98,0,0.10443401,0,LOW
2025-06-09,67,0,0.7458565,1,HIGH
2025-10-29,39,1,0.74279267,1,HIGH
2025-07-20,16,0,0.050423246,0,LOW
2025-08-23,62,0,0.76763356,1,HIGH
2025-04-20,15,0,0.09014392,0,LOW
2025-04-29,99,0,0.510712,1,HIGH
2025-02-19,20,0,0.31612048,0,MEDIUM
2025-05-18,91,1,0.6885063,1,HIGH
2025-04-11,59,0,0.71589667,1,HIGH
2025-12-25,90,0,0.852649,1,HIGH
2025-12-26,50,0,0.7872502,1,HIGH
2025-08-05,100,0,0.41299632,0,MEDIUM
2025-03-15,89,0,0.045058507,0,LOW
2025-12-14,92,1,0.6606547,1,HIGH
2025-01-29,77,1,0.091592774,0,LOW
2025-07-22,100,0,0.2774603,0,MEDIUM
2025-04-22,15,0,0.074262984,0,LOW
2025-12-11,32,1,0.7542121,1,HIGH
2025-08-31,17,0,0.12293152,0,LOW
2025-12-07,45,1,0.7661319,1,HIGH
2025-06-16,60,1,0.70450413,1,HIGH
2025-10-29,20,1,0.72239465,1,HIGH
2025-01-12,74,0,0.23655187,0,MEDIUM
2025-02-26,44,0,0.5379384,1,HIGH
2025-11-28,41,1,0.71360946,1,HIGH
2025-05-30,78,0,0.508806,1,HIGH
2025-12-01,73,0,0.06099964,0,LOW
2025-10-04,15,1,0.7461132,1,HIGH
2025-04-02,75,0,0.040873073,0,LOW
2025-12-09,97,1,0.7417158,1,HIGH
2025-11-12,45,1,0.79859,1,HIGH
2025-09-11,80,1,0.7718494,1,HIGH
2025-09-05,4,1,0.7373801,1,HIGH
2025-02-10,48,0,0.06511646,0,LOW
2025-12-11,41,1,0.7414279,1,HIGH
2025-02-12,16,0,0.024636285,0,LOW
2025-03-17,85,0,0.3297765,0,MEDIUM
2025-02-17,34,0,0.012967323,0,LOW
2025-06-10,35,0,0.6979427,1,HIGH
2025-07-31,91,1,0.73813957,1,HIGH
2025-03-19,6,0,0.05750051,0,LOW
2025-11-08,71,0,0.14272279,0,LOW
2025-12-04,60,1,0.7607619,1,HIGH
2025-04-05,56,1,0.675539,1,HIGH
2025-12-10,69,1,0.8332974,1,HIGH
2025-04-19,5,1,0.7010826,1,HIGH
2025-09-18,11,0,0.76437,1,HIGH
2025-05-22,56,1,0.7403795,1,HIGH
2025-04-30,1,1,0.74871665,1,HIGH
2025-04-14,23,0,0.45742503,0,MEDIUM
2025-06-04,17,0,0.057912692,0,LOW
2025-07-26,11,0,0.77262616,1,HIGH
2025-09-13,93,1,0.7355419,1,HIGH
2025-01-08,27,0,0.04559686,0,LOW
2025-09-20,58,1,0.7399228,1,HIGH
2025-02-08,45,1,0.03944746,0,LOW
2025-08-01,76,0,0.30465555,0,MEDIUM
2025-03-15,20,1,0.11730883,0,LOW
2025-08-31,71,0,0.059537675,0,LOW
2025-06-14,75,0,0.05234814,0,LOW
2025-08-22,53,1,0.6643957,1,HIGH
2025-06-21,9,1,0.73188806,1,HIGH
2025-11-13,20,1,0.6575301,1,HIGH
2025-02-10,66,0,0.10174219,0,LOW
2025-05-24,81,0,0.10941317,0,LOW
2025-07-09,18,1,0.7701698,1,HIGH
2025-09-14,75,0,0.14262083,0,LOW
2025-06-28,54,0,0.7442179,1,HIGH
2025-05-06,45,1,0.11745934,0,LOW
2025-04-10,90,1,0.6964571,1,HIGH
2025-07-15,43,1,0.73620987,1,HIGH
2025-02-10,17,0,0.030601576,0,LOW
2025-04-24,65,0,0.27306333,0,MEDIUM
2025-10-18,90,1,0.7463954,1,HIGH
2025-08-13,66,1,0.7803385,1,HIGH
2025-04-29,9,0,0.73671424,1,HIGH
2025-10-05,79,0,0.6838105,1,HIGH
2025-01-11,78,0,0.119765915,0,LOW
2025-06-12,44,0,0.738601,1,HIGH
2025-06-30,93,1,0.7357105,1,HIGH
2025-02-25,20,0,0.1778781,0,LOW
2025-10-08,96,1,0.7635376,1,HIGH
2025-06-23,16,0,0.04369392,0,LOW
2025-06-04,59,0,0.7389767,1,HIGH
2025-02-03,75,0,0.105057195,0,LOW
2025-09-01,15,1,0.69632447,1,HIGH
2025-01-19,31,0,0.058126047,0,LOW
2025-09-25,79,0,0.7623403,1,HIGH
2025-05-31,42,1,0.7131713,1,HIGH
2025-03-12,53,0,0.040902674,0,LOW
2025-10-23,12,0,0.75611025,1,HIGH
2025-08-30,79,1,0.7954621,1,HIGH
2025-10-12,87,0,0.74107176,1,HIGH
2025-01-12,76,0,0.08549931,0,LOW
2025-01-21,60,0,0.09717842,0,LOW
2025-03-14,27,0,0.08145221,0,LOW
2025-03-11,47,0,0.023179546,0,LOW
2025-10-14,43,1,0.7717715,1,HIGH
2025-03-09,79,0,0.14245734,0,LOW
2025-12-01,90,1,0.79045725,1,HIGH
2025-06-19,43,0,0.70068127,1,HIGH
2025-06-12,74,0,0.22481759,0,MEDIUM
2025-02-10,53,0,0.04984005,0,LOW
2025-05-01,66,0,0.7485249,1,HIGH
2025-08-01,42,0,0.7508453,1,HIGH
2025-09-11,32,1,0.7348047,1,HIGH
2025-07-12,54,0,0.7598001,1,HIGH
2025-03-03,36,0,0.17176938,0,LOW
2025-02-06,96,0,0.110649034,0,LOW
2025-05-10,84,0,0.10954816,0,LOW
2025-03-15,70,1,0.26918548,0,MEDIUM
2025-06-20,63,0,0.74169415,1,HIGH
2025-06-11,21,0,0.7508038,1,HIGH
2025-01-20,37,0,0.01565535,0,LOW
2025-09-12,65,1,0.73209333,1,HIGH
2025-11-02,45,1,0.7405637,1,HIGH
2025-08-27,6,0,0.65413886,1,HIGH
2025-07-14,27,0,0.10847107,0,LOW
2025-09-02,80,1,0.76997995,1,HIGH
2025-08-10,98,0,0.6999133,1,HIGH
2025-02-17,94,0,0.039142698,0,LOW
2025-06-22,42,0,0.7369975,1,HIGH
2025-01-02,32,0,0.09987726,0,LOW
2025-02-13,29,1,0.20972288,0,MEDIUM
2025-11-20,95,0,0.7572423,1,HIGH
2025-02-12,61,0,0.05815124,0,LOW
2025-12-23,61,1,0.7191341,1,HIGH
2025-04-22,16,0,0.029614797,0,LOW
2025-10-02,87,0,0.7562545,1,HIGH
2025-01-04,16,0,0.032831322,0,LOW
2025-08-04,47,0,0.055043757,0,LOW
2025-05-18,61,0,0.0887911,0,LOW
2025-03-06,60,0,0.06430199,0,LOW
2025-05-19,40,0,0.3749871,0,MEDIUM
2025-08-18,69,1,0.75793743,1,HIGH
2025-07-29,74,1,0.3683763,0,MEDIUM
2025-12-25,69,0,0.5911299,1,HIGH
2025-05-17,32,0,0.14395599,0,LOW
2025-01-01,98,0,0.035005916,0,LOW
2025-06-11,43,0,0.6727869,1,HIGH
2025-12-22,10,1,0.58977526,1,HIGH
2025-05-13,86,0,0.05180241,0,LOW
2025-12-30,60,0,0.6836084,1,HIGH
2025-12-27,54,0,0.6553387,1,HIGH
2025-01-24,71,0,0.02485244,0,LOW
2025-11-06,32,0,0.74869347,1,HIGH
2025-03-09,14,0,0.12410425,0,LOW
2025-05-09,42,1,0.65566933,1,HIGH
2025-01-07,62,0,0.16248229,0,LOW
2025-03-23,42,0,0.29206914,0,MEDIUM
2025-02-11,26,0,0.07398479,0,LOW
2025-01-09,9,0,0.057213582,0,LOW
2025-09-21,21,1,0.7352942,1,HIGH
2025-06-08,21,1,0.75193614,1,HIGH
2025-09-12,19,0,0.20645455,0,MEDIUM
2025-04-19,70,1,0.618785,1,HIGH
2025-07-20,98,1,0.66797364,1,HIGH
2025-01-01,28,0,0.068836235,0,LOW
2025-12-27,92,1,0.7395294,1,HIGH
2025-08-19,72,0,0.7267616,1,HIGH
2025-12-09,20,1,0.64787155,1,HIGH
2025-07-29,24,1,0.74411315,1,HIGH
2025-05-10,10,1,0.73247737,1,HIGH
2025-05-01,70,1,0.7128018,1,HIGH
2025-05-11,33,1,0.75674367,1,HIGH
2025-06-09,56,0,0.7704911,1,HIGH
2025-08-25,87,1,0.7318395,1,HIGH
2025-02-27,78,0,0.045117944,0,LOW
2025-11-01,14,1,0.7692174,1,HIGH
2025-01-17,77,0,0.088205226,0,LOW
2025-11-30,87,0,0.7390454,1,HIGH
2025-05-14,91,1,0.70340943,1,HIGH
2025-03-12,59,0,0.6596589,1,HIGH
2025-01-15,96,0,0.07662108,0,LOW
2025-09-04,46,0,0.7540303,1,HIGH
2025-01-23,42,0,0.10592302,0,LOW
2025-06-09,20,0,0.76199734,1,HIGH
2025-06-07,75,0,0.03984829,0,LOW
2025-05-15,73,1,0.033645622,0,LOW
2025-03-11,31,0,0.035493303,0,LOW
2025-10-06,42,0,0.75179935,1,HIGH
2025-01-20,39,0,0.07783274,0,LOW
2025-03-06,77,1,0.6441554,1,HIGH
2025-06-30,17,0,0.08399144,0,LOW
2025-12-02,64,1,0.61955553,1,HIGH
2025-09-07,67,1,0.76241314,1,HIGH
2025-10-31,24,1,0.76449615,1,HIGH
2025-10-01,86,0,0.72514766,1,HIGH
2025-03-24,31,1,0.06748596,0,LOW
2025-04-28,62,1,0.6589742,1,HIGH
2025-04-13,72,0,0.7048752,1,HIGH
2025-07-18,6,1,0.46907055,0,MEDIUM
2025-11-20,94,0,0.16490197,0,LOW
2025-11-23,46,0,0.7460255,1,HIGH
2025-10-06,92,0,0.558374,1,HIGH
2025-06-12,86,0,0.08112539,0,LOW
2025-05-14,59,1,0.7181767,1,HIGH
2025-09-27,58,1,0.7393045,1,HIGH
2025-09-25,3,0,0.76854634,1,HIGH
2025-10-22,61,0,0.5594218,1,HIGH
2025-06-09,94,0,0.021455806,0,LOW
2025-07-12,68,0,0.025855804,0,LOW
2025-08-20,36,1,0.74934924,1,HIGH
2025-11-10,31,0,0.6855271,1,HIGH
2025-01-10,10,0,0.27286205,0,MEDIUM
2025-12-05,4,0,0.69977695,1,HIGH
2025-04-23,94,0,0.030788703,0,LOW
2025-05-03,10,1,0.7469678,1,HIGH
2025-09-06,71,0,0.04912942,0,LOW
2025-08-04,78,0,0.7565634,1,HIGH
2025-07-16,91,0,0.7561419,1,HIGH
2025-07-27,3,1,0.7347239,1,HIGH
2025-03-23,43,0,0.07087744,0,LOW
2025-09-16,94,0,0.06070255,0,LOW
2025-04-27,34,0,0.019252235,0,LOW
2025-10-06,52,0,0.7440002,1,HIGH
2025-06-02,56,0,0.74276894,1,HIGH
2025-04-03,62,0,0.6556288,1,HIGH
2025-10-16,90,0,0.7330461,1,HIGH
2025-01-29,74,0,0.046180494,0,LOW
2025-04-23,93,1,0.76515627,1,HIGH
2025-06-06,68,0,0.037167728,0,LOW
2025-01-27,47,0,0.030105071,0,LOW
2025-08-03,9,0,0.7650103,1,HIGH
2025-09-15,39,1,0.75583166,1,HIGH
2025-10-31,86,0,0.74455136,1,HIGH
2025-08-16,20,0,0.7478148,1,HIGH
2025-09-19,35,0,0.7509498,1,HIGH
2025-10-11,46,1,0.7545918,1,HIGH
2025-08-29,7,1,0.75029737,1,HIGH
2025-04-12,72,0,0.3489717,0,MEDIUM
2025-07-27,24,0,0.74277496,1,HIGH
2025-03-19,10,1,0.5745896,1,HIGH
2025-03-31,78,0,0.16517839,0,LOW
2025-10-18,38,1,0.3755059,0,MEDIUM
2025-07-20,80,1,0.7309509,1,HIGH
2025-03-09,59,0,0.42191505,0,MEDIUM
2025-09-17,34,0,0.053669155,0,LOW
2025-05-27,39,0,0.7831216,1,HIGH
2025-08-04,91,1,0.745784,1,HIGH
2025-04-03,44,1,0.7406813,1,HIGH
2025-04-05,83,0,0.097609796,0,LOW
2025-06-06,96,1,0.72140366,1,HIGH
2025-11-29,33,0,0.66665435,1,HIGH
2025-03-17,92,0,0.034356117,0,LOW
2025-12-22,56,1,0.7031989,1,HIGH
2025-07-31,52,0,0.7234386,1,HIGH
2025-05-24,44,0,0.720964,1,HIGH
2025-03-24,59,1,0.69447863,1,HIGH
2025-07-25,64,1,0.7467793,1,HIGH
2025-07-28,79,1,0.7482183,1,HIGH
2025-05-07,13,1,0.08676522,0,LOW
2025-06-27,25,1,0.23869193,0,MEDIUM
2025-02-01,96,0,0.16887696,0,LOW
2025-06-17,9,1,0.75276864,1,HIGH
2025-02-10,81,0,0.05352326,0,LOW
2025-10-28,34,0,0.12696248,0,LOW
2025-06-10,38,0,0.070572324,0,LOW
2025-05-06,85,0,0.17833947,0,LOW
2025-10-14,48,1,0.70146525,1,HIGH
2025-10-11,34,0,0.021560347,0,LOW
2025-10-11,23,1,0.774419,1,HIGH
2025-07-27,77,1,0.77783597,1,HIGH
2025-08-02,27,0,0.11662089,0,LOW
2025-11-10,26,0,0.7610584,1,HIGH
2025-10-07,55,1,0.7866364,1,HIGH
2025-04-06,8,0,0.041163925,0,LOW
2025-02-18,61,0,0.061104666,0,LOW
2025-04-27,48,1,0.39117873,0,MEDIUM
2025-05-11,93,1,0.7639403,1,HIGH
2025-09-05,58,0,0.69168556,1,HIGH
2025-06-16,88,0,0.04578096,0,LOW
2025-09-13,11,1,0.72107977,1,HIGH
2025-03-02,48,1,0.119593956,0,LOW
2025-09-07,64,1,0.75771266,1,HIGH
2025-11-09,43,1,0.74906206,1,HIGH
2025-05-16,11,1,0.6720226,1,HIGH
2025-09-19,37,0,0.058382306,0,LOW
2025-10-10,44,1,0.7242376,1,HIGH
2025-04-01,75,0,0.02028651,0,LOW
2025-03-06,41,0,0.04308766,0,LOW
2025-05-22,71,0,0.05389744,0,LOW
2025-03-27,14,0,0.056926418,0,LOW
2025-06-19,68,0,0.062879555,0,LOW
2025-12-04,29,1,0.76129395,1,HIGH
2025-04-22,43,0,0.47764206,0,MEDIUM
2025-10-28,3,1,0.71741885,1,HIGH
2025-09-15,34,0,0.05116314,0,LOW
2025-10-04,17,0,0.07676538,0,LOW
2025-08-17,84,1,0.19730076,0,LOW
2025-09-10,94,0,0.042206943,0,LOW
2025-02-02,18,0,0.23882768,0,MEDIUM
2025-04-11,71,0,0.07639037,0,LOW
2025-02-22,84,0,0.119346045,0,LOW
2025-10-11,11,1,0.71746415,1,HIGH
2025-02-14,41,0,0.11376146,0,LOW
2025-11-02,40,1,0.7626325,1,HIGH
2025-06-07,36,0,0.8003378,1,HIGH
2025-05-09,19,0,0.058552913,0,LOW
2025-10-21,81,0,0.45672905,0,MEDIUM
2025-03-16,39,0,0.5478376,1,HIGH
2025-01-02,75,0,0.04377313,0,LOW
2025-05-09,100,1,0.17295858,0,LOW
2025-03-07,91,0,0.47825184,0,MEDIUM
2025-06-20,48,1,0.7616643,1,HIGH
2025-05-05,27,0,0.06972818,0,LOW
2025-12-25,67,1,0.68494564,1,HIGH
2025-02-22,96,0,0.21137598,0,MEDIUM
2025-01-05,22,0,0.01749829,0,LOW
2025-07-22,82,0,0.079088576,0,LOW
2025-01-29,81,0,0.024392957,0,LOW
2025-01-09,43,0,0.032484908,0,LOW
2025-06-16,57,1,0.7507901,1,HIGH
2025-12-16,41,1,0.7558709,1,HIGH
2025-04-18,47,0,0.033561245,0,LOW
2025-09-11,21,1,0.7401166,1,HIGH
2025-05-20,43,1,0.50731546,1,HIGH
2025-05-04,1,0,0.6780287,1,HIGH
2025-02-19,51,0,0.11325925,0,LOW
2025-02-23,22,0,0.05243211,0,LOW
2025-07-06,99,1,0.7470976,1,HIGH
2025-05-17,9,1,0.71858174,1,HIGH
2025-09-12,50,0,0.6905981,1,HIGH
2025-03-01,97,0,0.23106198,0,MEDIUM
2025-01-10,45,0,0.03406172,0,LOW
2025-11-16,91,1,0.6789764,1,HIGH
2025-04-14,83,0,0.15717779,0,LOW
2025-07-10,60,1,0.7430198,1,HIGH
2025-04-07,91,0,0.59475905,1,HIGH
2025-05-03,48,0,0.44496188,0,MEDIUM
2025-11-29,65,1,0.7414112,1,HIGH
2025-03-01,78,0,0.13208324,0,LOW
2025-05-01,48,0,0.28732678,0,MEDIUM
2025-05-15,85,1,0.17459147,0,LOW
2025-03-09,94,0,0.10344742,0,LOW
2025-02-17,36,0,0.1715225,0,LOW
2025-06-26,54,0,0.7282583,1,HIGH
2025-03-30,88,0,0.022894932,0,LOW
2025-08-07,90,1,0.7521392,1,HIGH
2025-10-03,30,1,0.75848246,1,HIGH
2025-10-25,29,1,0.67317635,1,HIGH
2025-11-04,43,0,0.73000884,1,HIGH
2025-04-24,82,0,0.017760415,0,LOW
2025-12-01,98,0,0.77249783,1,HIGH
2025-05-19,94,0,0.03719351,0,LOW
2025-11-17,78,0,0.7283229,1,HIGH
2025-06-17,83,1,0.73559976,1,HIGH
2025-04-20,51,0,0.15330161,0,LOW
2025-08-15,45,0,0.7090186,1,HIGH
2025-10-29,43,0,0.77274626,1,HIGH
2025-06-18,48,1,0.7326474,1,HIGH
2025-06-13,10,1,0.8154526,1,HIGH
2025-05-12,24,0,0.7104826,1,HIGH
2025-03-23,20,1,0.35530737,0,MEDIUM
2025-10-04,37,0,0.048429124,0,LOW
2025-09-26,60,1,0.744293,1,HIGH
2025-09-06,72,0,0.7603877,1,HIGH
2025-06-26,26,0,0.17656353,0,LOW
2025-04-14,5,1,0.5340394,1,HIGH
2025-10-17,100,0,0.71893543,1,HIGH
2025-06-27,4,0,0.74772006,1,HIGH
2025-01-07,39,0,0.31262472,0,MEDIUM
2025-09-09,95,1,0.76568645,1,HIGH
2025-09-01,100,1,0.69265616,1,HIGH
2025-09-05,46,0,0.76693356,1,HIGH
2025-02-01,21,0,0.094136074,0,LOW
2025-05-02,83,0,0.170932,0,LOW
2025-06-12,49,1,0.72551113,1,HIGH
2025-01-27,22,0,0.020476868,0,LOW
2025-06-23,44,1,0.75239533,1,HIGH
2025-06-12,66,0,0.75299144,1,HIGH
2025-04-09,69,1,0.71960807,1,HIGH
2025-05-17,12,0,0.24128358,0,MEDIUM
2025-09-25,10,1,0.71005315,1,HIGH
2025-07-21,25,0,0.6039188,1,HIGH
2025-12-15,45,0,0.77670956,1,HIGH
2025-02-24,70,0,0.2480714,0,MEDIUM
2025-08-08,91,1,0.7543191,1,HIGH
2025-07-24,57,1,0.7241406,1,HIGH
2025-05-30,21,1,0.7280834,1,HIGH
2025-07-22,16,0,0.08273252,0,LOW
2025-09-11,33,1,0.7566552,1,HIGH
2025-08-23,76,0,0.6564657,1,HIGH
2025-11-14,98,0,0.74168557,1,HIGH
2025-04-29,3,1,0.64918596,1,HIGH
2025-03-29,13,0,0.0786951,0,LOW
2025-02-25,64,0,0.39234385,0,MEDIUM
2025-06-14,65,0,0.59791243,1,HIGH
2025-05-14,47,0,0.08507805,0,LOW
2025-08-18,28,1,0.7217744,1,HIGH
2025-05-02,35,0,0.7265141,1,HIGH
2025-07-23,30,1,0.73988986,1,HIGH
2025-10-16,25,0,0.7622489,1,HIGH
2025-10-23,70,1,0.6727034,1,HIGH
2025-01-06,62,0,0.1997147,0,LOW
2025-06-03,36,0,0.75795496,1,HIGH
2025-04-17,14,0,0.112886176,0,LOW
2025-01-09,41,0,0.01835796,0,LOW
2025-08-23,43,0,0.77710384,1,HIGH
2025-02-01,78,0,0.09205151,0,LOW
2025-10-07,54,0,0.756881,1,HIGH
2025-05-10,63,1,0.67549753,1,HIGH
2025-02-19,98,0,0.035363585,0,LOW
2025-02-10,47,0,0.027884996,0,LOW
2025-03-11,52,0,0.060377624,0,LOW
2025-07-06,35,1,0.7516846,1,HIGH
2025-05-24,100,0,0.13690273,0,LOW
2025-06-27,13,1,0.37022263,0,MEDIUM
2025-09-18,10,1,0.7675852,1,HIGH
2025-07-31,33,0,0.7610266,1,HIGH
2025-12-22,41,1,0.7529075,1,HIGH
2025-11-17,49,1,0.7065194,1,HIGH
2025-05-12,68,0,0.039761376,0,LOW
2025-04-04,30,1,0.41034633,0,MEDIUM
2025-10-16,84,1,0.7618476,1,HIGH
2025-02-21,4,0,0.3666724,0,MEDIUM
2025-02-18,65,0,0.0957841,0,LOW
2025-06-08,51,0,0.2785972,0,MEDIUM
2025-05-31,81,0,0.14032145,0,LOW
2025-05-21,37,0,0.020563133,0,LOW
2025-03-18,17,0,0.036848076,0,LOW
2025-07-31,73,0,0.037672933,0,LOW
2025-02-19,29,1,0.33768404,0,MEDIUM
2025-10-30,7,1,0.76330674,1,HIGH
2025-09-26,92,0,0.36155722,0,MEDIUM
2025-05-12,5,1,0.7419791,1,HIGH
2025-10-11,3,0,0.73564774,1,HIGH
2025-09-23,98,1,0.7705272,1,HIGH
2025-12-08,83,0,0.76083297,1,HIGH
2025-05-15,61,0,0.09755725,0,LOW
2025-08-09,36,0,0.73974824,1,HIGH
2025-01-15,18,0,0.11021071,0,LOW
2025-03-23,18,0,0.53281045,1,HIGH
2025-08-03,87,0,0.781171,1,HIGH
2025-04-23,31,0,0.089285865,0,LOW
2025-03-26,47,0,0.019714437,0,LOW
2025-11-10,17,0,0.06809752,0,LOW
2025-07-11,29,1,0.7457488,1,HIGH
2025-02-20,2,0,0.16763319,0,LOW
2025-06-02,54,0,0.73625046,1,HIGH
2025-12-02,59,1,0.78798896,1,HIGH
2025-08-09,74,0,0.7389911,1,HIGH
2025-03-17,8,0,0.0852105,0,LOW
2025-05-20,98,0,0.054359965,0,LOW
2025-03-08,21,0,0.111444555,0,LOW
2025-04-28,3,1,0.5380786,1,HIGH
2025-07-28,88,0,0.087867364,0,LOW
2025-08-05,93,0,0.7605358,1,HIGH
2025-09-26,21,1,0.77149624,1,HIGH
2025-02-18,73,0,0.013682314,0,LOW
2025-11-15,49,1,0.6971208,1,HIGH
2025-07-21,75,0,0.053643707,0,LOW
2025-01-01,17,0,0.09751181,0,LOW
2025-02-24,92,0,0.08451616,0,LOW
2025-02-06,26,0,0.043907627,0,LOW
2025-05-24,43,1,0.3525469,0,MEDIUM
2025-11-26,66,1,0.72314316,1,HIGH
2025-04-10,86,0,0.04712238,0,LOW
2025-11-20,16,0,0.28685144,0,MEDIUM
2025-01-22,84,0,0.041658204,0,LOW
2025-06-15,92,0,0.08785727,0,LOW
2025-11-09,94,0,0.06763943,0,LOW
2025-02-08,77,0,0.3466845,0,MEDIUM
2025-01-07,63,0,0.0539698,0,LOW
2025-01-05,84,0,0.023434466,0,LOW
2025-04-28,80,0,0.46659067,0,MEDIUM
2025-04-18,35,1,0.7333758,1,HIGH
2025-01-10,55,0,0.098560914,0,LOW
2025-11-06,58,0,0.77134615,1,HIGH
2025-04-26,55,0,0.2778602,0,MEDIUM
2025-03-21,11,0,0.439304,0,MEDIUM
2025-08-04,69,1,0.76613283,1,HIGH
2025-01-18,28,0,0.08487317,0,LOW
2025-04-20,6,0,0.08781554,0,LOW
2025-06-24,98,1,0.44590312,0,MEDIUM
2025-06-27,65,1,0.72974825,1,HIGH
2025-12-21,26,0,0.74750453,1,HIGH
2025-04-28,1,0,0.72471476,1,HIGH
2025-09-21,25,1,0.74998784,1,HIGH
2025-08-30,44,0,0.74165595,1,HIGH
2025-08-25,16,0,0.09053122,0,LOW
2025-10-23,72,1,0.73625994,1,HIGH
2025-10-12,83,0,0.7495158,1,HIGH
2025-06-26,56,1,0.776959,1,HIGH
2025-06-05,82,0,0.047512744,0,LOW
2025-06-11,69,1,0.76599115,1,HIGH
2025-02-14,75,0,0.034059435,0,LOW
2025-02-15,83,0,0.062299185,0,LOW
2025-08-17,86,1,0.6954991,1,HIGH
2025-02-20,9,0,0.41258535,0,MEDIUM
2025-08-05,3,1,0.7390529,1,HIGH
2025-09-05,17,0,0.08531166,0,LOW
2025-02-17,85,0,0.09257998,0,LOW
2025-10-13,9,1,0.7048533,1,HIGH
2025-04-27,92,0,0.087005064,0,LOW
2025-07-24,61,0,0.11790642,0,LOW
2025-06-26,13,0,0.33782127,0,MEDIUM
2025-11-12,91,1,0.71566087,1,HIGH
2025-01-16,25,0,0.026977502,0,LOW
2025-04-24,18,0,0.69690365,1,HIGH
2025-03-19,88,0,0.027776912,0,LOW
2025-11-04,79,1,0.68723345,1,HIGH
2025-11-18,91,1,0.69114465,1,HIGH
2025-10-10,56,0,0.75211304,1,HIGH
2025-02-15,91,0,0.32234913,0,MEDIUM
2025-06-22,37,0,0.064344525,0,LOW
2025-04-13,7,0,0.18510261,0,LOW
2025-08-11,31,0,0.15181418,0,LOW
2025-08-06,77,1,0.8371115,1,HIGH
2025-03-19,45,0,0.09629186,0,LOW
2025-09-29,83,1,0.778666,1,HIGH
2025-03-29,59,0,0.675637,1,HIGH
2025-11-19,7,0,0.72367316,1,HIGH
2025-04-18,24,0,0.44947806,0,MEDIUM
2025-02-15,82,0,0.016633585,0,LOW
2025-07-22,3,0,0.72458726,1,HIGH
2025-01-30,64,0,0.16787218,0,LOW
2025-01-15,76,0,0.017785545,0,LOW
2025-01-30,37,0,0.029200459,0,LOW
2025-05-04,6,0,0.09897454,0,LOW
2025-06-13,35,0,0.7064411,1,HIGH
2025-04-02,19,0,0.033206068,0,LOW
2025-07-14,62,0,0.728528,1,HIGH
2025-08-02,21,0,0.7563333,1,HIGH
2025-07-24,7,1,0.75530136,1,HIGH
2025-10-10,85,0,0.73571736,1,HIGH
2025-12-06,33,0,0.7512527,1,HIGH
2025-06-13,56,1,0.7523367,1,HIGH
2025-10-31,33,1,0.68448675,1,HIGH
2025-08-10,73,0,0.08226478,0,LOW
2025-04-23,84,0,0.12451588,0,LOW
2025-07-19,67,0,0.7443111,1,HIGH
2025-07-29,62,1,0.7897741,1,HIGH
2025-07-28,81,1,0.04652231,0,LOW
2025-12-11,53,0,0.7713888,1,HIGH
2025-05-18,50,0,0.10424472,0,LOW
2025-12-08,68,0,0.17993663,0,LOW
2025-10-08,77,0,0.66485125,1,HIGH
2025-02-10,57,0,0.4435106,0,MEDIUM
2025-06-28,58,1,0.13315748,0,LOW
2025-02-05,40,0,0.058647152,0,LOW
2025-02-11,54,0,0.14281927,0,LOW
2025-09-02,96,1,0.755944,1,HIGH
2025-09-09,58,0,0.67036253,1,HIGH
2025-08-11,46,1,0.7632888,1,HIGH
2025-08-12,67,1,0.7353862,1,HIGH
2025-10-25,95,1,0.7422766,1,HIGH
2025-10-29,98,1,0.7239632,1,HIGH
2025-07-26,7,1,0.7429906,1,HIGH
2025-08-30,84,0,0.424602,0,MEDIUM
2025-01-18,2,0,0.069182664,0,LOW
2025-06-13,55,0,0.6507728,1,HIGH
2025-11-19,12,0,0.78306675,1,HIGH
2025-06-04,57,0,0.74407727,1,HIGH
2025-03-20,90,1,0.33424056,0,MEDIUM
2025-05-13,1,1,0.7293465,1,HIGH
2025-04-12,68,0,0.034209173,0,LOW
2025-09-09,5,0,0.7464564,1,HIGH
2025-11-16,68,1,0.24455531,0,MEDIUM
2025-04-05,54,0,0.47371513,0,MEDIUM
2025-04-02,23,0,0.33903736,0,MEDIUM
2025-03-26,87,0,0.2919304,0,MEDIUM
2025-02-22,68,0,0.028947396,0,LOW
2025-06-09,8,0,0.3016892,0,MEDIUM
2025-12-10,48,1,0.64004207,1,HIGH
2025-03-24,26,0,0.04888901,0,LOW
2025-08-21,97,0,0.17146824,0,LOW
2025-08-23,37,0,0.03893066,0,LOW
2025-06-02,22,0,0.036796648,0,LOW
2025-10-22,11,0,0.73612726,1,HIGH
2025-03-26,35,0,0.6874465,1,HIGH
2025-10-31,20,0,0.70678294,1,HIGH
2025-01-01,7,0,0.096772775,0,LOW
2025-07-31,2,1,0.76652455,1,HIGH
2025-06-04,67,0,0.72480696,1,HIGH
2025-02-16,87,0,0.11605878,0,LOW
2025-12-08,23,1,0.6745111,1,HIGH
2025-09-07,23,1,0.7138088,1,HIGH
2025-02-16,45,0,0.06405837,0,LOW
2025-01-30,2,0,0.13363104,0,LOW
2025-01-16,49,0,0.07492933,0,LOW
2025-08-06,70,1,0.7678161,1,HIGH
2025-02-17,91,0,0.43805537,0,MEDIUM
2025-11-04,72,1,0.75164086,1,HIGH
2025-10-15,37,0,0.14467339,0,LOW
2025-12-21,97,1,0.75029266,1,HIGH
2025-01-13,14,0,0.060121156,0,LOW
2025-11-27,100,1,0.756646,1,HIGH
2025-07-16,78,1,0.74218065,1,HIGH
2025-05-06,34,0,0.033290956,0,LOW
2025-07-24,68,0,0.072564326,0,LOW
2025-02-04,49,0,0.08492066,0,LOW
2025-06-04,74,0,0.24592154,0,MEDIUM
2025-09-12,58,0,0.7082742,1,HIGH
2025-02-12,22,0,0.020309646,0,LOW
2025-10-24,39,0,0.71063715,1,HIGH
2025-12-02,36,0,0.6939276,1,HIGH
2025-12-20,97,1,0.74192095,1,HIGH
2025-11-08,91,1,0.7126926,1,HIGH
2025-09-17,20,1,0.732291,1,HIGH
2025-11-03,6,1,0.7243299,1,HIGH
2025-04-15,12,1,0.38360366,0,MEDIUM
2025-06-10,100,0,0.22732748,0,MEDIUM
2025-12-19,75,0,0.72479266,1,HIGH
2025-11-20,100,1,0.7524195,1,HIGH
2025-10-14,31,1,0.6511661,1,HIGH
2025-09-09,59,1,0.7163061,1,HIGH
2025-02-02,27,0,0.03334771,0,LOW
2025-09-24,73,0,0.06624902,0,LOW
2025-02-26,49,0,0.25408635,0,MEDIUM
2025-03-28,11,1,0.6691201,1,HIGH
2025-04-08,44,1,0.6972852,1,HIGH
2025-11-28,68,0,0.40205812,0,MEDIUM
2025-10-20,69,1,0.6179623,1,HIGH
2025-04-23,45,0,0.09236004,0,LOW
2025-02-24,100,0,0.061246682,0,LOW
2025-12-25,84,0,0.76795256,1,HIGH
2025-11-15,55,1,0.74448735,1,HIGH
2025-09-11,25,0,0.72265,1,HIGH
2025-05-07,24,0,0.31202587,0,MEDIUM
2025-05-06,12,0,0.23001544,0,MEDIUM
2025-03-16,64,1,0.46152753,0,MEDIUM
2025-05-31,94,0,0.0605853,0,LOW
2025-03-06,11,0,0.7277822,1,HIGH
2025-09-24,66,0,0.7327504,1,HIGH
2025-08-04,30,0,0.7483133,1,HIGH
2025-01-15,87,0,0.045078065,0,LOW
2025-12-11,85,1,0.7621695,1,HIGH
2025-04-12,4,0,0.7418455,1,HIGH
2025-02-07,90,1,0.17661303,0,LOW
2025-03-04,63,0,0.13056736,0,LOW
2025-11-20,96,0,0.68983,1,HIGH
2025-06-08,63,0,0.7706396,1,HIGH
2025-06-18,68,0,0.04822485,0,LOW
2025-02-22,20,0,0.18217362,0,LOW
2025-09-02,81,0,0.25820103,0,MEDIUM
2025-04-13,15,0,0.04197677,0,LOW
2025-05-10,19,0,0.113837786,0,LOW
2025-11-24,25,0,0.7614808,1,HIGH
2025-09-16,60,0,0.73375314,1,HIGH
2025-01-08,4,0,0.089505516,0,LOW
2025-09-05,25,1,0.73212266,1,HIGH
2025-08-09,16,0,0.04718482,0,LOW
2025-04-30,76,0,0.09312602,0,LOW
2025-08-28,4,0,0.7529302,1,HIGH
2025-01-22,94,0,0.053261004,0,LOW
2025-04-07,81,0,0.04389732,0,LOW
2025-11-19,93,1,0.7229727,1,HIGH
2025-04-17,25,0,0.12838556,0,LOW
2025-03-27,100,0,0.11838057,0,LOW
2025-03-30,28,0,0.12573655,0,LOW
2025-04-13,11,1,0.7457047,1,HIGH
2025-04-02,67,0,0.15005642,0,LOW
2025-04-09,82,0,0.03406717,0,LOW
2025-09-29,55,1,0.7485999,1,HIGH
2025-01-17,2,0,0.07373643,0,LOW
2025-03-29,56,0,0.7375338,1,HIGH
2025-12-03,40,1,0.757129,1,HIGH
2025-01-19,2,0,0.052520633,0,LOW
2025-10-11,73,0,0.031775277,0,LOW
2025-01-25,14,0,0.05280698,0,LOW
2025-09-07,76,0,0.6917535,1,HIGH
2025-07-26,66,1,0.7746689,1,HIGH
2025-02-07,53,0,0.026408827,0,LOW
2025-02-18,95,0,0.104697496,0,LOW
2025-03-15,76,0,0.045183737,0,LOW
2025-11-10,36,0,0.72035205,1,HIGH
2025-05-06,35,1,0.77866,1,HIGH
2025-02-10,23,0,0.18854052,0,LOW
2025-07-31,85,0,0.5376504,1,HIGH
2025-02-01,6,0,0.043286555,0,LOW
2025-02-07,13,0,0.08179122,0,LOW
2025-08-14,94,0,0.036803603,0,LOW
2025-05-21,4,1,0.74516934,1,HIGH
2025-05-30,65,0,0.31026474,0,MEDIUM
2025-03-31,71,0,0.022950878,0,LOW
2025-10-22,45,0,0.78063565,1,HIGH
2025-01-09,3,0,0.036308523,0,LOW
2025-05-01,31,0,0.13109858,0,LOW
2025-07-29,50,0,0.51876444,1,HIGH
2025-02-11,63,0,0.16593944,0,LOW
2025-06-03,14,0,0.24275026,0,MEDIUM
2025-09-06,27,0,0.3710552,0,MEDIUM
2025-09-03,15,1,0.7151598,1,HIGH
2025-03-25,76,0,0.064106,0,LOW
2025-08-29,20,0,0.73975956,1,HIGH
2025-03-09,57,0,0.74982,1,HIGH
2025-08-03,85,0,0.61405295,1,HIGH
2025-11-14,20,1,0.6728656,1,HIGH
2025-04-19,54,0,0.38041764,0,MEDIUM
2025-12-08,76,1,0.7852883,1,HIGH
2025-12-21,43,1,0.72163934,1,HIGH
2025-10-07,20,1,0.73886305,1,HIGH
2025-12-22,23,1,0.7025347,1,HIGH
2025-07-24,16,1,0.105132185,0,LOW
2025-01-28,51,0,0.08739656,0,LOW
2025-04-25,14,0,0.16780257,0,LOW
2025-01-19,38,0,0.029224826,0,LOW
2025-12-05,40,1,0.7379736,1,HIGH
2025-06-19,99,1,0.69421524,1,HIGH
2025-09-06,83,1,0.7528884,1,HIGH
2025-09-13,81,0,0.2916284,0,MEDIUM
2025-10-05,49,0,0.72571874,1,HIGH
2025-09-21,78,0,0.7702539,1,HIGH
2025-10-30,87,0,0.7488802,1,HIGH
2025-01-28,64,0,0.18554497,0,LOW
2025-08-29,5,0,0.75618786,1,HIGH
2025-11-07,17,0,0.13546601,0,LOW
2025-08-17,77,1,0.76366526,1,HIGH
2025-06-22,57,0,0.7723159,1,HIGH
2025-06-09,46,1,0.73326784,1,HIGH
2025-11-15,81,1,0.71508086,1,HIGH
2025-10-23,83,0,0.77557176,1,HIGH
2025-05-22,46,0,0.6915564,1,HIGH
2025-01-01,4,0,0.2386301,0,MEDIUM
2025-05-20,97,1,0.0710943,0,LOW
2025-08-27,60,0,0.7386314,1,HIGH
2025-01-31,28,0,0.029450083,0,LOW
2025-05-29,32,0,0.28966406,0,MEDIUM
2025-09-13,4,1,0.7438713,1,HIGH
2025-01-12,90,0,0.08537054,0,LOW
2025-04-23,70,1,0.7294716,1,HIGH
2025-11-01,93,0,0.7368633,1,HIGH
2025-12-10,79,1,0.7523209,1,HIGH
2025-01-16,78,0,0.11764526,0,LOW
2025-05-01,18,0,0.64337313,1,HIGH
2025-06-15,56,1,0.75412965,1,HIGH
2025-06-14,24,1,0.7347663,1,HIGH
2025-11-17,61,1,0.72084725,1,HIGH
2025-09-03,59,1,0.74128276,1,HIGH
2025-03-06,31,0,0.040409975,0,LOW
2025-02-10,31,0,0.15310924,0,LOW
2025-02-05,46,0,0.124119505,0,LOW
2025-10-24,36,1,0.7211916,1,HIGH
2025-11-30,41,1,0.73411566,1,HIGH
2025-01-28,26,0,0.032103285,0,LOW
2025-08-15,49,1,0.7571703,1,HIGH
2025-09-07,53,1,0.75030106,1,HIGH
2025-06-26,22,0,0.04098102,0,LOW
2025-08-02,26,0,0.34333605,0,MEDIUM
2025-09-06,86,1,0.7119428,1,HIGH
2025-08-19,39,1,0.7822942,1,HIGH
2025-12-12,92,1,0.7288762,1,HIGH
2025-06-02,52,0,0.31794637,0,MEDIUM
2025-12-18,57,1,0.7902587,1,HIGH
2025-05-14,82,0,0.03620917,0,LOW
2025-02-21,55,0,0.07912384,0,LOW
2025-09-20,38,0,0.31780308,0,MEDIUM
2025-04-18,55,0,0.23221497,0,MEDIUM
2025-04-06,54,0,0.2361928,0,MEDIUM
2025-04-23,36,0,0.6044927,1,HIGH
2025-01-17,9,0,0.10193878,0,LOW
2025-04-30,86,0,0.0699027,0,LOW
2025-03-05,56,0,0.4295184,0,MEDIUM
2025-12-28,83,1,0.7028496,1,HIGH
2025-08-05,81,0,0.099809654,0,LOW
2025-01-24,68,0,0.029902278,0,LOW
2025-01-09,12,0,0.12629129,0,LOW
2025-04-06,21,1,0.51914245,1,HIGH
2025-01-22,92,0,0.035042733,0,LOW
2025-12-14,4,0,0.7047333,1,HIGH
2025-06-16,92,0,0.060690403,0,LOW
2025-01-13,44,0,0.39071155,0,MEDIUM
2025-10-31,52,1,0.7510405,1,HIGH
2025-09-01,30,0,0.7592548,1,HIGH
2025-08-06,28,1,0.76099753,1,HIGH
2025-08-28,74,1,0.7029629,1,HIGH
2025-01-31,21,0,0.1871093,0,LOW
2025-03-26,99,1,0.27728188,0,MEDIUM
2025-09-01,23,1,0.7501938,1,HIGH
2025-01-11,5,0,0.107783265,0,LOW
2025-08-01,33,0,0.7527879,1,HIGH
2025-10-01,87,1,0.75605005,1,HIGH
2025-11-19,54,0,0.7350666,1,HIGH
2025-08-26,67,1,0.77473706,1,HIGH
2025-03-04,35,1,0.8343678,1,HIGH
2025-09-20,60,0,0.7141628,1,HIGH
2025-08-31,92,0,0.19971381,0,LOW
2025-10-01,13,1,0.71976,1,HIGH
2025-01-18,44,0,0.45202988,0,MEDIUM
2025-11-22,79,1,0.70697486,1,HIGH
2025-05-30,54,1,0.74886286,1,HIGH
2025-08-18,100,0,0.6578673,1,HIGH
2025-11-24,64,0,0.7574358,1,HIGH
2025-10-13,56,1,0.76608425,1,HIGH
2025-03-09,69,0,0.7357671,1,HIGH
2025-06-29,21,1,0.7388859,1,HIGH
2025-04-11,79,0,0.56618184,1,HIGH
2025-03-30,49,0,0.26934674,0,MEDIUM
2025-02-28,79,0,0.39641023,0,MEDIUM
2025-06-14,13,0,0.26082602,0,MEDIUM
2025-01-23,74,0,0.076222174,0,LOW
2025-11-03,89,0,0.6416787,1,HIGH
2025-01-04,6,0,0.11857088,0,LOW
2025-12-25,25,1,0.7228666,1,HIGH
2025-03-29,12,0,0.12034792,0,LOW
2025-05-16,75,0,0.05278916,0,LOW
2025-08-01,71,0,0.048568357,0,LOW
2025-09-18,33,0,0.74982667,1,HIGH
2025-04-14,18,1,0.6410267,1,HIGH
2025-01-12,11,0,0.1515878,0,LOW
2025-02-23,99,0,0.07376002,0,LOW
2025-09-27,27,1,0.6194221,1,HIGH
2025-11-13,84,1,0.7433581,1,HIGH
2025-09-09,29,0,0.69744945,1,HIGH
2025-01-01,46,0,0.06418827,0,LOW
2025-09-21,77,1,0.72612345,1,HIGH
2025-11-23,48,1,0.74516946,1,HIGH
2025-09-18,85,0,0.71942776,1,HIGH
2025-06-20,72,1,0.737505,1,HIGH
2025-09-30,66,1,0.7462167,1,HIGH
2025-02-26,42,0,0.09113199,0,LOW
2025-10-05,6,1,0.71949226,1,HIGH
2025-05-11,25,0,0.12841007,0,LOW
2025-10-21,10,0,0.6241052,1,HIGH
2025-04-06,20,1,0.41166183,0,MEDIUM
2025-05-01,81,0,0.03613147,0,LOW
2025-05-16,31,0,0.10866236,0,LOW
2025-04-29,69,1,0.75977314,1,HIGH
2025-10-13,70,0,0.6932765,1,HIGH
2025-12-02,28,0,0.7595107,1,HIGH
2025-11-04,44,1,0.6952875,1,HIGH
2025-08-08,7,1,0.7502063,1,HIGH
2025-06-02,4,0,0.6956638,1,HIGH
2025-01-02,88,0,0.066900946,0,LOW
2025-09-16,32,1,0.714013,1,HIGH
2025-10-24,56,0,0.75106114,1,HIGH
2025-07-02,1,1,0.75587875,1,HIGH
2025-11-05,35,0,0.7113443,1,HIGH
2025-03-24,22,0,0.06784211,0,LOW
2025-05-27,78,0,0.46190745,0,MEDIUM
2025-01-16,3,0,0.08192551,0,LOW
2025-06-12,23,1,0.7635325,1,HIGH
2025-01-04,70,0,0.14007445,0,LOW
2025-10-28,70,1,0.7556241,1,HIGH
2025-02-25,90,1,0.32571152,0,MEDIUM
2025-02-20,17,0,0.036164798,0,LOW
2025-09-28,50,0,0.75458133,1,HIGH
2025-11-15,77,1,0.7564352,1,HIGH
2025-02-01,57,1,0.42392313,0,MEDIUM
2025-12-28,34,0,0.2897774,0,MEDIUM
2025-01-27,91,0,0.18036938,0,LOW
2025-05-13,51,0,0.20849712,0,MEDIUM
2025-01-09,85,0,0.06051663,0,LOW
2025-05-16,59,1,0.736442,1,HIGH
2025-09-04,18,1,0.7454091,1,HIGH
2025-01-31,97,0,0.04605051,0,LOW
2025-01-26,42,0,0.043210935,0,LOW
2025-02-09,48,0,0.18799101,0,LOW
2025-02-01,51,0,0.069354326,0,LOW
2025-07-30,82,0,0.019266628,0,LOW
2025-11-17,97,0,0.70566326,1,HIGH
2025-11-05,95,0,0.76234865,1,HIGH
2025-02-28,1,0,0.31888375,0,MEDIUM
2025-06-06,91,0,0.7146166,1,HIGH
2025-04-13,73,0,0.012866697,0,LOW
2025-06-23,17,0,0.039902136,0,LOW
2025-03-27,42,0,0.31661665,0,MEDIUM
2025-12-09,51,1,0.80682313,1,HIGH
2025-07-30,1,1,0.7586988,1,HIGH
2025-06-10,43,1,0.7513851,1,HIGH
2025-05-11,34,0,0.019322583,0,LOW
2025-01-17,98,0,0.037781414,0,LOW
2025-12-15,32,1,0.7504338,1,HIGH
2025-04-23,82,0,0.019463012,0,LOW
2025-07-01,83,1,0.7366966,1,HIGH
2025-07-20,86,0,0.44790325,0,MEDIUM
2025-05-26,45,0,0.18087575,0,LOW
2025-11-25,70,1,0.64495635,1,HIGH
2025-05-10,35,1,0.69427633,1,HIGH
2025-11-08,49,0,0.7291599,1,HIGH
2025-05-03,80,0,0.4638774,0,MEDIUM
2025-12-08,62,0,0.73513323,1,HIGH
2025-08-12,24,0,0.7662885,1,HIGH
2025-10-24,98,1,0.76216066,1,HIGH
2025-02-05,70,0,0.16969977,0,LOW
2025-02-19,13,0,0.14127117,0,LOW
2025-06-07,50,0,0.13064097,0,LOW
2025-09-24,80,0,0.7421131,1,HIGH
2025-11-25,77,0,0.78665936,1,HIGH
2025-07-16,65,1,0.7226922,1,HIGH
2025-04-17,63,1,0.7198615,1,HIGH
2025-08-09,50,0,0.48122868,0,MEDIUM
2025-06-22,66,1,0.744409,1,HIGH
2025-04-27,10,0,0.7367366,1,HIGH
2025-12-27,86,1,0.76364064,1,HIGH
2025-03-07,56,1,0.6363858,1,HIGH
2025-08-16,4,0,0.7836984,1,HIGH
2025-02-12,21,0,0.2799162,0,MEDIUM
2025-06-28,32,0,0.3782642,0,MEDIUM
2025-11-27,8,0,0.75852865,1,HIGH
2025-01-05,45,0,0.03635023,0,LOW
2025-12-08,17,0,0.16552815,0,LOW
2025-03-13,28,0,0.09755813,0,LOW
2025-02-17,81,0,0.12751873,0,LOW
2025-09-29,66,1,0.7300661,1,HIGH
2025-10-11,1,1,0.7695112,1,HIGH
2025-07-03,42,0,0.7412598,1,HIGH
2025-09-29,25,0,0.7507923,1,HIGH
2025-12-16,28,0,0.79484105,1,HIGH
2025-08-24,3,0,0.7542444,1,HIGH
2025-02-28,97,0,0.14662758,0,LOW
2025-10-20,78,1,0.74986094,1,HIGH
2025-08-04,87,1,0.740731,1,HIGH
2025-02-03,28,0,0.031950228,0,LOW
2025-01-22,30,0,0.18615825,0,LOW
2025-03-04,21,0,0.18184438,0,LOW
2025-01-03,34,0,0.015800972,0,LOW
2025-11-19,68,0,0.2092599,0,MEDIUM
2025-03-22,17,0,0.085666135,0,LOW
2025-04-28,17,0,0.04467328,0,LOW
2025-01-13,11,0,0.1456853,0,LOW
2025-03-18,96,0,0.11379818,0,LOW
2025-12-11,17,0,0.19198152,0,LOW
2025-06-18,74,1,0.11561005,0,LOW
2025-06-23,25,0,0.2126041,0,MEDIUM
2025-07-18,49,1,0.7071557,1,HIGH
2025-04-04,22,0,0.0130972555,0,LOW
2025-04-04,86,0,0.0490986,0,LOW
2025-08-21,88,0,0.05908136,0,LOW
2025-03-02,22,0,0.034693316,0,LOW
2025-07-20,83,1,0.7445445,1,HIGH
2025-11-13,89,1,0.67556715,1,HIGH
2025-08-21,70,1,0.7338844,1,HIGH
2025-11-21,29,0,0.774543,1,HIGH
2025-08-08,93,1,0.78204924,1,HIGH
2025-09-05,19,0,0.21082507,0,MEDIUM
2025-04-24,6,0,0.10045197,0,LOW
2025-09-11,2,1,0.73757184,1,HIGH
2025-10-17,31,1,0.6726523,1,HIGH
2025-12-07,58,1,0.7638763,1,HIGH
2025-04-29,11,1,0.64296526,1,HIGH
2025-12-07,53,1,0.7640738,1,HIGH
2025-07-01,43,0,0.7089208,1,HIGH
2025-11-25,53,1,0.7681625,1,HIGH
2025-08-31,4,0,0.74624115,1,HIGH
2025-11-02,93,1,0.7559564,1,HIGH
2025-05-23,52,0,0.1644658,0,LOW
2025-01-19,59,0,0.27123007,0,MEDIUM
2025-06-23,55,1,0.66583914,1,HIGH
2025-08-28,99,0,0.771401,1,HIGH
2025-08-27,67,1,0.7528873,1,HIGH
2025-11-26,40,1,0.7424729,1,HIGH
2025-01-01,80,0,0.12623057,0,LOW
2025-09-04,88,0,0.051929846,0,LOW
2025-11-19,46,0,0.723131,1,HIGH
2025-05-23,65,0,0.31045312,0,MEDIUM
2025-06-03,99,0,0.68571436,1,HIGH
2025-07-20,77,0,0.77516276,1,HIGH
2025-10-16,37,0,0.02980808,0,LOW
2025-07-05,27,0,0.1101151,0,LOW
2025-03-31,4,1,0.7680417,1,HIGH
2025-09-12,30,1,0.7347894,1,HIGH
2025-07-08,81,0,0.06834716,0,LOW
2025-08-26,70,1,0.7523451,1,HIGH
2025-10-01,56,1,0.7708335,1,HIGH
2025-03-21,46,0,0.11118685,0,LOW
2025-01-28,39,0,0.12011603,0,LOW
2025-12-14,22,0,0.29399958,0,MEDIUM
2025-05-31,51,0,0.18031338,0,LOW
2025-11-12,73,0,0.037667565,0,LOW
2025-05-17,85,0,0.1456798,0,LOW
2025-06-06,54,1,0.66768396,1,HIGH
2025-01-09,36,0,0.18391909,0,LOW
2025-07-01,79,0,0.724273,1,HIGH
2025-01-02,38,0,0.050964557,0,LOW
2025-10-16,100,0,0.69993,1,HIGH
2025-07-16,21,1,0.75741655,1,HIGH
2025-04-29,70,1,0.6762168,1,HIGH
2025-02-23,82,0,0.03326875,0,LOW
2025-10-20,72,1,0.75516987,1,HIGH
2025-11-01,67,1,0.77754873,1,HIGH
2025-04-05,21,0,0.3094627,0,MEDIUM
2025-02-07,67,0,0.178707,0,LOW
2025-11-09,61,1,0.645004,1,HIGH
2025-10-27,7,0,0.7716367,1,HIGH
2025-06-26,9,1,0.76591253,1,HIGH
2025-06-30,22,0,0.07259414,0,LOW
2025-03-31,61,0,0.037531383,0,LOW
2025-11-06,1,0,0.71181,1,HIGH
2025-05-31,35,1,0.71551144,1,HIGH
2025-02-27,39,0,0.25014055,0,MEDIUM
2025-08-13,77,1,0.7588385,1,HIGH
2025-11-26,73,0,0.08195998,0,LOW
2025-04-19,64,0,0.72418106,1,HIGH
2025-09-20,8,1,0.7470486,1,HIGH
2025-04-05,41,0,0.08613241,0,LOW
2025-08-08,29,1,0.68827075,1,HIGH
2025-07-05,28,1,0.7084995,1,HIGH
2025-11-25,38,1,0.72229564,1,HIGH
2025-02-12,97,0,0.03738161,0,LOW
2025-10-14,34,0,0.0357215,0,LOW
2025-11-29,99,0,0.7554473,1,HIGH
2025-06-15,42,1,0.7463856,1,HIGH
2025-04-24,4,0,0.6970944,1,HIGH
2025-09-10,42,0,0.75253403,1,HIGH
2025-09-05,35,0,0.75879467,1,HIGH
2025-06-15,91,0,0.7083983,1,HIGH
2025-09-29,45,0,0.72278786,1,HIGH
2025-02-21,14,0,0.053701747,0,LOW
2025-12-13,73,0,0.10664007,0,LOW
2025-03-03,73,0,0.009333744,0,LOW
2025-06-26,69,1,0.7590047,1,HIGH
2025-11-04,27,1,0.74701446,1,HIGH
2025-09-04,77,0,0.7495011,1,HIGH
2025-07-18,11,0,0.75401247,1,HIGH
2025-02-08,81,0,0.046350483,0,LOW
2025-08-10,83,0,0.74813414,1,HIGH
2025-02-10,40,0,0.14843836,0,LOW
2025-10-31,94,0,0.093969025,0,LOW
2025-05-14,83,0,0.19805524,0,LOW
2025-03-21,25,0,0.05798742,0,LOW
2025-09-16,40,1,0.74308276,1,HIGH
2025-03-24,62,1,0.5776583,1,HIGH
2025-12-30,76,0,0.7121315,1,HIGH
2025-06-27,9,1,0.72066927,1,HIGH
2025-02-24,21,0,0.4937653,0,MEDIUM
2025-01-03,89,0,0.032028183,0,LOW
2025-10-31,68,1,0.16792324,0,LOW
2025-06-11,82,0,0.053627606,0,LOW
2025-03-22,22,0,0.02238077,0,LOW
2025-03-24,83,1,0.12159065,0,LOW
2025-03-10,48,0,0.09904856,0,LOW
2025-02-20,96,0,0.084588796,0,LOW
2025-06-04,78,1,0.68733233,1,HIGH
2025-06-08,26,0,0.08593554,0,LOW
2025-05-01,74,0,0.09419254,0,LOW
2025-07-02,18,0,0.71127063,1,HIGH
2025-08-10,34,0,0.104301125,0,LOW
2025-06-22,19,0,0.11929097,0,LOW
2025-04-04,7,1,0.13453054,0,LOW
2025-07-23,32,0,0.71356845,1,HIGH
2025-08-06,63,1,0.7502961,1,HIGH
2025-07-04,92,0,0.12039264,0,LOW
2025-09-15,73,0,0.020724593,0,LOW
2025-03-15,38,0,0.057826545,0,LOW
2025-01-03,20,0,0.14838642,0,LOW
2025-11-16,5,1,0.6960068,1,HIGH
2025-05-18,98,0,0.054950476,0,LOW
2025-06-05,91,0,0.74266124,1,HIGH
2025-10-24,43,0,0.7788981,1,HIGH
2025-01-15,47,0,0.012975143,0,LOW
2025-07-06,49,0,0.72935957,1,HIGH
2025-11-08,89,0,0.5854588,1,HIGH
2025-08-16,39,1,0.7626173,1,HIGH
2025-05-03,23,0,0.7629663,1,HIGH
2025-05-09,7,0,0.3115467,0,MEDIUM
2025-05-07,7,0,0.35638946,0,MEDIUM
2025-03-17,62,1,0.70301175,1,HIGH
2025-12-10,81,0,0.7214792,1,HIGH
2025-05-12,74,0,0.11757221,0,LOW
2025-09-25,58,1,0.69916123,1,HIGH
2025-03-07,14,0,0.1336556,0,LOW
2025-11-03,85,1,0.73438036,1,HIGH
2025-11-12,15,1,0.7928774,1,HIGH
2025-06-27,41,0,0.08618108,0,LOW
2025-04-18,81,1,0.07255534,0,LOW
2025-05-04,19,0,0.06579169,0,LOW
2025-06-22,97,0,0.1207501,0,LOW
2025-04-06,17,0,0.03322956,0,LOW
2025-09-25,32,1,0.7321296,1,HIGH
2025-02-03,74,0,0.06238309,0,LOW
2025-11-17,47,0,0.09110454,0,LOW
2025-06-10,79,1,0.7258115,1,HIGH
2025-05-26,71,0,0.047289915,0,LOW
2025-05-18,54,1,0.71387476,1,HIGH
2025-09-09,83,0,0.7673777,1,HIGH
2025-05-22,80,0,0.69729,1,HIGH
2025-09-29,63,0,0.7523643,1,HIGH
2025-02-04,92,0,0.03150411,0,LOW
2025-09-01,28,1,0.7348217,1,HIGH
2025-06-18,58,0,0.15201303,0,LOW
2025-12-07,30,1,0.6693446,1,HIGH
2025-02-24,41,0,0.02608268,0,LOW
2025-03-29,93,0,0.28906322,0,MEDIUM
2025-07-31,47,0,0.08463483,0,LOW
2025-04-10,84,0,0.08596692,0,LOW
2025-09-19,53,0,0.75699663,1,HIGH
2025-11-12,17,0,0.13112994,0,LOW
2025-06-04,11,0,0.78878576,1,HIGH
2025-07-27,88,0,0.062934816,0,LOW
2025-08-15,91,1,0.7206398,1,HIGH
2025-04-25,48,1,0.3775016,0,MEDIUM
2025-10-12,68,0,0.27923065,0,MEDIUM
2025-06-06,60,1,0.5894362,1,HIGH
2025-11-02,69,0,0.7332936,1,HIGH
2025-07-17,96,0,0.73614126,1,HIGH
2025-09-15,25,1,0.7452419,1,HIGH
2025-01-10,73,0,0.034423724,0,LOW
2025-12-29,2,1,0.6603108,1,HIGH
2025-10-20,28,0,0.75880796,1,HIGH
2025-02-19,33,0,0.41586074,0,MEDIUM
2025-10-27,63,1,0.7286398,1,HIGH
2025-07-09,50,0,0.24768431,0,MEDIUM
2025-04-27,84,0,0.2156063,0,MEDIUM
2025-06-19,91,1,0.7103318,1,HIGH
2025-03-02,68,0,0.041705545,0,LOW
2025-08-24,100,0,0.76898247,1,HIGH
2025-09-05,69,0,0.7293102,1,HIGH
2025-01-19,85,0,0.043412954,0,LOW
2025-10-13,52,0,0.7730162,1,HIGH
2025-08-18,78,0,0.7362482,1,HIGH
2025-02-08,62,0,0.22534107,0,MEDIUM
2025-05-22,48,1,0.6900721,1,HIGH
2025-01-16,48,0,0.104722664,0,LOW
2025-05-18,31,0,0.11779233,0,LOW
2025-08-02,73,0,0.050346736,0,LOW
2025-12-27,65,1,0.73177326,1,HIGH
2025-01-27,8,0,0.05505369,0,LOW
2025-10-12,86,1,0.76309973,1,HIGH
2025-07-11,93,0,0.7609832,1,HIGH
2025-09-16,90,0,0.7068835,1,HIGH
2025-09-20,53,1,0.7361973,1,HIGH
2025-07-09,33,1,0.75124,1,HIGH
2025-01-20,33,1,0.16470425,0,LOW
2025-05-28,10,0,0.71660954,1,HIGH
2025-09-13,17,0,0.056698706,0,LOW
2025-01-13,87,0,0.05318152,0,LOW
2025-10-06,98,1,0.73973036,1,HIGH
2025-01-26,81,0,0.04351843,0,LOW
2025-10-14,63,1,0.74288034,1,HIGH
2025-04-02,6,0,0.19689794,0,LOW
2025-07-12,27,0,0.08266011,0,LOW
2025-03-08,61,0,0.19401726,0,LOW
2025-07-22,54,1,0.74665886,1,HIGH
2025-06-14,88,0,0.10055236,0,LOW
2025-08-14,39,1,0.758509,1,HIGH
2025-12-31,57,1,0.55705374,1,HIGH
2025-12-22,99,1,0.7533656,1,HIGH
2025-01-06,46,0,0.085362226,0,LOW
2025-09-18,51,0,0.7447449,1,HIGH
2025-11-17,28,0,0.7523181,1,HIGH
2025-11-27,79,1,0.7245159,1,HIGH
2025-05-30,36,0,0.69995886,1,HIGH
2025-03-19,80,0,0.15372431,0,LOW
2025-09-26,74,1,0.7265515,1,HIGH
2025-02-14,13,0,0.060672965,0,LOW
2025-12-13,86,1,0.7417095,1,HIGH
2025-03-02,60,0,0.086625636,0,LOW
2025-06-11,24,0,0.73918724,1,HIGH
2025-01-03,10,0,0.10455069,0,LOW
2025-10-23,76,1,0.7486353,1,HIGH
2025-10-02,44,1,0.6833831,1,HIGH
2025-09-27,48,0,0.7498648,1,HIGH
2025-09-18,61,1,0.2318952,0,MEDIUM
2025-09-03,9,0,0.75086933,1,HIGH
2025-12-24,41,1,0.7293748,1,HIGH
2025-01-28,38,0,0.016944252,0,LOW
2025-10-11,89,0,0.36772683,0,MEDIUM
2025-11-24,29,1,0.7651355,1,HIGH
2025-06-25,84,1,0.15324193,0,LOW
2025-05-03,45,0,0.13863951,0,LOW
2025-08-16,96,0,0.7576118,1,HIGH
2025-05-24,84,0,0.11534731,0,LOW
2025-12-14,32,1,0.74170864,1,HIGH
2025-01-04,5,0,0.09658072,0,LOW
2025-08-05,5,0,0.73879963,1,HIGH
2025-07-30,15,0,0.51282364,1,HIGH
2025-07-06,82,0,0.06583625,0,LOW
2025-05-23,60,0,0.43764117,0,MEDIUM
2025-03-12,100,0,0.06793103,0,LOW
2025-11-16,55,1,0.7343236,1,HIGH
2025-08-19,23,1,0.7613677,1,HIGH
2025-10-14,8,1,0.76766187,1,HIGH
2025-10-08,31,1,0.5202765,1,HIGH
2025-11-06,95,0,0.79742616,1,HIGH
2025-05-25,4,0,0.718588,1,HIGH
2025-04-12,59,1,0.6672846,1,HIGH
2025-02-02,89,0,0.011364853,0,LOW
2025-05-18,97,0,0.1686714,0,LOW
2025-01-28,41,0,0.032847807,0,LOW
2025-02-25,75,1,0.01186035,0,LOW
2025-07-18,26,0,0.113419205,0,LOW
2025-04-22,47,0,0.047386255,0,LOW
2025-06-14,30,1,0.7239485,1,HIGH
2025-09-05,29,1,0.6829418,1,HIGH
2025-08-08,70,0,0.7555901,1,HIGH
2025-01-24,23,0,0.11283436,0,LOW
2025-12-28,56,1,0.7523997,1,HIGH
2025-01-13,51,0,0.045331497,0,LOW
2025-03-15,72,0,0.16421619,0,LOW
2025-06-24,64,1,0.7419268,1,HIGH
2025-01-11,77,0,0.053873677,0,LOW
2025-06-02,61,0,0.050809857,0,LOW
2025-08-05,1,0,0.7327573,1,HIGH
2025-09-04,4,1,0.7497857,1,HIGH
2025-08-25,27,1,0.15212683,0,LOW
2025-08-28,50,0,0.6912636,1,HIGH
2025-09-02,78,1,0.7245102,1,HIGH
2025-05-13,70,0,0.7434708,1,HIGH
2025-07-03,61,0,0.17202714,0,LOW
2025-09-15,17,0,0.062481392,0,LOW
2025-01-28,98,0,0.048690908,0,LOW
2025-11-08,79,1,0.7232593,1,HIGH
2025-12-10,24,1,0.7971053,1,HIGH
2025-05-10,16,0,0.046692017,0,LOW
2025-10-02,61,0,0.23600097,0,MEDIUM
2025-05-12,63,1,0.6714561,1,HIGH
2025-07-30,35,0,0.7604638,1,HIGH
2025-07-06,8,0,0.47197542,0,MEDIUM
2025-11-25,89,1,0.7401808,1,HIGH
2025-05-22,86,0,0.37193748,0,MEDIUM
2025-09-01,85,0,0.7305586,1,HIGH
2025-09-09,99,0,0.7731523,1,HIGH
2025-04-14,69,1,0.7327818,1,HIGH
2025-08-03,70,1,0.75685304,1,HIGH
2025-01-20,67,1,0.12188047,0,LOW
2025-11-11,31,0,0.64816296,1,HIGH
2025-06-24,93,1,0.7128057,1,HIGH
2025-09-06,35,0,0.77203137,1,HIGH
2025-02-02,92,0,0.03768899,0,LOW
2025-11-22,72,1,0.723767,1,HIGH
2025-09-21,52,0,0.7461299,1,HIGH
2025-12-27,6,1,0.7780527,1,HIGH
2025-02-28,88,0,0.038337927,0,LOW
2025-03-01,39,0,0.4814131,0,MEDIUM
2025-05-10,94,0,0.038881365,0,LOW
2025-02-03,67,0,0.103698984,0,LOW
2025-11-25,90,0,0.77036965,1,HIGH
2025-04-21,48,0,0.25603095,0,MEDIUM
2025-11-09,77,1,0.7473249,1,HIGH
2025-03-16,51,1,0.08043783,0,LOW
2025-02-13,95,0,0.07215071,0,LOW
2025-06-14,23,0,0.76778686,1,HIGH
2025-02-12,73,0,0.030142823,0,LOW
2025-12-29,40,1,0.7145865,1,HIGH
2025-01-17,13,0,0.022404075,0,LOW
2025-08-03,45,1,0.72828597,1,HIGH
2025-04-25,44,0,0.746247,1,HIGH
2025-08-26,16,0,0.08951074,0,LOW
2025-06-11,94,0,0.025253434,0,LOW
2025-11-13,1,0,0.68825144,1,HIGH
2025-12-14,78,1,0.71320796,1,HIGH
2025-03-01,21,0,0.11692016,0,LOW
2025-01-05,63,0,0.1847516,0,LOW
2025-03-01,96,0,0.16919382,0,LOW
2025-08-06,47,0,0.14073178,0,LOW
2025-10-08,53,1,0.7508429,1,HIGH
2025-04-29,58,0,0.17151341,0,LOW
2025-01-07,46,0,0.08109785,0,LOW
2025-09-09,71,0,0.058188275,0,LOW
2025-09-22,15,1,0.74961686,1,HIGH
2025-03-25,89,0,0.023073899,0,LOW
2025-08-25,45,0,0.7557323,1,HIGH
2025-04-03,58,0,0.03815151,0,LOW
2025-04-20,2,1,0.7046672,1,HIGH
2025-11-01,27,0,0.77702725,1,HIGH
2025-01-31,98,0,0.065243036,0,LOW
2025-08-02,84,0,0.11889822,0,LOW
2025-10-05,16,0,0.121776044,0,LOW
2025-08-16,61,0,0.11447054,0,LOW
2025-05-04,42,1,0.6683465,1,HIGH
2025-04-10,81,0,0.053463854,0,LOW
2025-04-14,79,0,0.60998625,1,HIGH
2025-08-29,53,1,0.68887293,1,HIGH
2025-10-17,11,0,0.7354192,1,HIGH
2025-02-28,18,0,0.14466184,0,LOW
2025-10-04,46,1,0.75258845,1,HIGH
2025-07-15,79,0,0.7660295,1,HIGH
2025-03-20,9,0,0.7585354,1,HIGH
2025-02-21,65,0,0.10298652,0,LOW
2025-07-30,95,0,0.714563,1,HIGH
2025-02-26,69,1,0.6788966,1,HIGH
2025-10-12,89,0,0.3465324,0,MEDIUM
2025-01-17,52,0,0.04478998,0,LOW
2025-03-24,87,0,0.12549038,0,LOW
2025-08-12,96,1,0.6875826,1,HIGH
2025-07-26,31,0,0.18481071,0,LOW
2025-11-07,98,0,0.7702219,1,HIGH
2025-12-03,79,0,0.68684864,1,HIGH
2025-05-12,51,0,0.12071393,0,LOW
2025-07-23,36,1,0.7577318,1,HIGH
2025-02-18,43,0,0.10844839,0,LOW
2025-05-25,50,0,0.25500706,0,MEDIUM
2025-02-14,5,0,0.14756998,0,LOW
2025-01-28,13,0,0.032653097,0,LOW
2025-04-22,23,1,0.54431105,1,HIGH
2025-03-23,6,0,0.09235212,0,LOW
2025-11-10,5,1,0.7331638,1,HIGH
2025-10-27,32,1,0.7397482,1,HIGH
2025-11-23,90,1,0.6764639,1,HIGH
2025-02-18,45,0,0.06980229,0,LOW
2025-02-21,7,0,0.105893515,0,LOW
2025-07-05,37,0,0.02777784,0,LOW
2025-06-21,55,0,0.6696555,1,HIGH
2025-06-27,78,1,0.6994969,1,HIGH
2025-06-04,49,1,0.74227816,1,HIGH
2025-11-14,5,1,0.7342839,1,HIGH
2025-01-16,40,0,0.08007087,0,LOW
2025-06-22,44,1,0.76397866,1,HIGH
2025-07-05,51,0,0.5208174,1,HIGH
2025-05-28,67,0,0.69785625,1,HIGH
2025-06-13,14,0,0.15613694,0,LOW
2025-01-07,13,0,0.0415457,0,LOW
2025-06-11,90,0,0.74860936,1,HIGH
2025-06-08,57,1,0.7914199,1,HIGH
2025-04-13,59,1,0.7268326,1,HIGH
2025-03-23,70,0,0.23314372,0,MEDIUM
2025-04-27,9,0,0.735063,1,HIGH
2025-01-08,16,0,0.033842407,0,LOW
2025-08-05,28,1,0.7506509,1,HIGH
2025-07-27,51,0,0.7153698,1,HIGH
2025-06-24,24,1,0.74371326,1,HIGH
2025-12-31,33,1,0.74786794,1,HIGH
2025-02-06,58,0,0.01229628,0,LOW
2025-10-30,99,1,0.79007417,1,HIGH
2025-05-06,53,0,0.075643845,0,LOW
2025-07-16,68,0,0.040013507,0,LOW
2025-08-24,1,1,0.74616325,1,HIGH
2025-03-02,85,0,0.06258078,0,LOW
2025-05-18,89,0,0.07320496,0,LOW
2025-07-28,15,1,0.29996964,0,MEDIUM
2025-06-14,34,0,0.052541886,0,LOW
2025-03-28,78,0,0.123831056,0,LOW
2025-12-31,58,0,0.7457449,1,HIGH
2025-12-05,66,1,0.7187238,1,HIGH
2025-03-06,10,0,0.36697435,0,MEDIUM
2025-11-24,99,1,0.75173604,1,HIGH
2025-02-14,27,0,0.037128177,0,LOW
2025-10-04,91,1,0.7682975,1,HIGH
2025-03-16,70,0,0.09305857,0,LOW
2025-01-02,25,0,0.03849106,0,LOW
2025-11-19,34,0,0.10708632,0,LOW
2025-06-06,56,1,0.7432018,1,HIGH
2025-12-01,3,0,0.7172101,1,HIGH
2025-03-31,44,1,0.68751454,1,HIGH
2025-07-21,35,1,0.7522881,1,HIGH
2025-11-02,80,0,0.76820993,1,HIGH
2025-08-16,27,0,0.21989357,0,MEDIUM
2025-07-01,39,0,0.75548136,1,HIGH
2025-01-13,1,0,0.13074023,0,LOW
2025-02-06,65,0,0.050581712,0,LOW
2025-10-21,45,1,0.7343778,1,HIGH
2025-12-16,8,1,0.7587441,1,HIGH
2025-02-26,28,0,0.08454228,0,LOW
2025-06-02,84,0,0.19992602,0,LOW
2025-08-22,71,0,0.03316368,0,LOW
2025-08-22,99,0,0.7419727,1,HIGH
2025-02-12,74,0,0.10041319,0,LOW
2025-02-16,99,0,0.0502697,0,LOW
2025-05-29,94,0,0.036963403,0,LOW
2025-02-18,53,0,0.20097865,0,MEDIUM
2025-12-24,56,0,0.4651539,0,MEDIUM
2025-08-21,94,0,0.038561728,0,LOW
2025-09-04,41,0,0.25998,0,MEDIUM
2025-02-03,84,0,0.057971176,0,LOW
2025-03-01,18,0,0.20253004,0,MEDIUM
2025-09-29,1,1,0.76105744,1,HIGH
2025-09-25,35,1,0.7572384,1,HIGH
2025-06-23,90,1,0.73032844,1,HIGH
2025-09-16,29,0,0.6813326,1,HIGH
2025-01-22,39,0,0.08660479,0,LOW
2025-02-15,9,1,0.6112221,1,HIGH
2025-09-05,37,0,0.04314698,0,LOW
2025-12-09,21,1,0.6988331,1,HIGH
2025-07-19,29,0,0.72896975,1,HIGH
2025-05-09,99,0,0.51429266,1,HIGH
2025-04-25,43,0,0.2760308,0,MEDIUM
2025-10-15,88,0,0.054097317,0,LOW
2025-10-05,95,1,0.7349803,1,HIGH
2025-09-02,83,0,0.758322,1,HIGH
2025-02-16,39,0,0.13130027,0,LOW
2025-01-18,95,0,0.028432049,0,LOW
2025-02-05,28,0,0.03654215,0,LOW
2025-11-10,37,0,0.10418507,0,LOW
2025-09-18,58,1,0.7678084,1,HIGH
2025-04-12,30,0,0.44159856,0,MEDIUM
2025-10-16,15,1,0.74134064,1,HIGH
2025-12-11,26,0,0.7495924,1,HIGH
2025-02-12,10,0,0.10699914,0,LOW
2025-08-20,47,0,0.07461079,0,LOW
2025-02-17,51,0,0.07264723,0,LOW
2025-01-19,62,0,0.1381583,0,LOW
2025-08-30,26,1,0.7100818,1,HIGH
2025-12-11,87,0,0.7244311,1,HIGH
2025-02-25,66,0,0.11309255,0,LOW
2025-02-13,73,0,0.04647825,0,LOW
2025-11-23,20,1,0.68493974,1,HIGH
2025-12-18,49,0,0.759483,1,HIGH
2025-06-27,67,0,0.738621,1,HIGH
2025-08-26,47,0,0.106641956,0,LOW
2025-11-27,47,0,0.21472123,0,MEDIUM
2025-06-07,8,0,0.11320507,0,LOW
2025-11-15,9,1,0.7704889,1,HIGH
2025-11-07,80,0,0.74570537,1,HIGH
2025-10-10,15,1,0.76419187,1,HIGH
2025-10-15,16,0,0.088384986,0,LOW
2025-07-18,13,1,0.30236804,0,MEDIUM
2025-12-25,56,0,0.6163733,1,HIGH
2025-11-29,69,0,0.8548464,1,HIGH
2025-03-03,80,0,0.1882278,0,LOW
2025-12-12,60,1,0.69394094,1,HIGH
2025-10-02,9,1,0.69850004,1,HIGH
2025-05-26,87,1,0.54870266,1,HIGH
2025-12-06,99,0,0.702612,1,HIGH
2025-12-04,88,0,0.06113388,0,LOW
2025-08-11,84,0,0.13629124,0,LOW
2025-04-01,12,0,0.09162766,0,LOW
2025-09-23,69,1,0.70297855,1,HIGH
2025-05-24,40,0,0.40282467,0,MEDIUM
2025-06-17,47,0,0.055431217,0,LOW
2025-10-09,21,1,0.7528918,1,HIGH
2025-03-22,2,0,0.20294225,0,MEDIUM
2025-05-28,86,0,0.099750996,0,LOW
2025-05-29,37,0,0.043498818,0,LOW
2025-06-08,17,0,0.058006003,0,LOW
2025-09-26,9,1,0.73336124,1,HIGH
2025-06-03,22,0,0.048521247,0,LOW
2025-05-02,37,0,0.030889167,0,LOW
2025-06-05,34,1,0.036523405,0,LOW
2025-08-31,79,1,0.75631833,1,HIGH
2025-01-12,98,0,0.07819646,0,LOW
2025-12-16,87,1,0.6880809,1,HIGH
2025-12-12,63,1,0.6956201,1,HIGH
2025-10-19,76,1,0.72264045,1,HIGH
2025-07-15,84,0,0.19825925,0,LOW
2025-05-29,71,0,0.03040372,0,LOW
2025-06-26,47,1,0.04756905,0,LOW
2025-05-13,77,1,0.784017,1,HIGH
2025-02-13,35,1,0.5176888,1,HIGH
2025-09-26,66,1,0.7654471,1,HIGH
2025-05-09,87,1,0.32658607,0,MEDIUM
2025-06-19,17,0,0.045326978,0,LOW
2025-11-19,90,0,0.6683365,1,HIGH
2025-09-03,10,1,0.7343934,1,HIGH
2025-11-18,67,1,0.7355926,1,HIGH
2025-12-09,44,1,0.823037,1,HIGH
2025-09-21,28,0,0.7597161,1,HIGH
2025-01-05,9,0,0.06985687,0,LOW
2025-05-16,44,1,0.7186321,1,HIGH
2025-12-31,97,1,0.6895283,1,HIGH
2025-12-27,52,0,0.73759115,1,HIGH
2025-04-22,64,1,0.7354838,1,HIGH
2025-05-24,18,0,0.70954835,1,HIGH
2025-11-01,94,0,0.06985459,0,LOW
2025-01-16,36,0,0.15266185,0,LOW
2025-08-26,11,1,0.7605751,1,HIGH
2025-02-15,31,0,0.041934125,0,LOW
2025-04-09,31,0,0.08613746,0,LOW
2025-11-13,25,0,0.7516065,1,HIGH
2025-02-02,16,0,0.019752342,0,LOW
2025-12-06,27,1,0.7964985,1,HIGH
2025-03-22,27,0,0.07551847,0,LOW
2025-12-29,18,1,0.8485923,1,HIGH
2025-10-19,50,1,0.744919,1,HIGH
2025-06-24,38,0,0.11396015,0,LOW
2025-12-17,49,0,0.7067876,1,HIGH
2025-07-17,20,1,0.74774575,1,HIGH
2025-07-20,58,0,0.30895236,0,MEDIUM
2025-01-12,85,0,0.03892998,0,LOW
2025-03-13,71,0,0.019054696,0,LOW
2025-05-06,72,0,0.3582772,0,MEDIUM
2025-02-03,31,0,0.12125647,0,LOW
2025-11-30,15,1,0.76669556,1,HIGH
2025-08-14,21,1,0.74273497,1,HIGH
2025-01-03,50,0,0.031176487,0,LOW
2025-12-04,36,1,0.6816057,1,HIGH
2025-08-11,42,1,0.7484518,1,HIGH
2025-08-05,68,0,0.089631364,0,LOW
2025-01-05,43,0,0.08022891,0,LOW
2025-09-25,22,0,0.13584888,0,LOW
2025-08-02,82,0,0.03725435,0,LOW
2025-02-07,84,0,0.0733982,0,LOW
2025-05-21,77,0,0.7399948,1,HIGH
2025-01-18,24,0,0.04877886,0,LOW
2025-06-10,15,0,0.08988211,0,LOW
2025-02-23,4,0,0.15155362,0,LOW
2025-08-01,97,0,0.13633998,0,LOW
2025-10-14,38,0,0.44796988,0,MEDIUM
2025-07-21,63,1,0.75062644,1,HIGH
2025-07-16,92,0,0.112297654,0,LOW
2025-08-13,63,1,0.75899565,1,HIGH
2025-04-19,16,0,0.073797844,0,LOW
2025-06-23,40,1,0.68719596,1,HIGH
2025-03-13,57,1,0.67110634,1,HIGH
2025-06-30,53,0,0.0818365,0,LOW
2025-04-16,32,0,0.2043096,0,MEDIUM
2025-10-03,13,0,0.6904144,1,HIGH
2025-02-07,79,0,0.23004022,0,MEDIUM
2025-03-05,83,0,0.06523081,0,LOW
2025-11-29,84,0,0.7805981,1,HIGH
2025-12-02,48,1,0.7152524,1,HIGH
2025-08-30,42,1,0.76322526,1,HIGH
2025-12-10,63,1,0.7069469,1,HIGH
2025-01-08,42,0,0.1662126,0,LOW
2025-12-21,52,1,0.7075956,1,HIGH
2025-12-28,5,1,0.7128836,1,HIGH
2025-07-01,57,1,0.7489853,1,HIGH
2025-01-10,21,0,0.07997687,0,LOW
2025-05-13,85,0,0.10459492,0,LOW
2025-03-13,70,0,0.17433438,0,LOW
2025-01-26,67,0,0.08414574,0,LOW
2025-10-10,51,1,0.7704099,1,HIGH
2025-07-17,77,1,0.7767932,1,HIGH
2025-01-07,93,0,0.14682674,0,LOW
2025-05-05,34,0,0.040220004,0,LOW
2025-09-30,87,1,0.75964,1,HIGH
2025-12-23,40,0,0.69282424,1,HIGH
2025-09-13,59,0,0.68161905,1,HIGH
2025-12-03,25,1,0.75905114,1,HIGH
2025-07-10,13,1,0.28313935,0,MEDIUM
2025-05-18,40,0,0.21403375,0,MEDIUM
2025-10-17,34,0,0.02317836,0,LOW
2025-11-03,47,0,0.13123773,0,LOW
2025-05-13,5,1,0.7286248,1,HIGH
2025-05-14,28,0,0.13425282,0,LOW
2025-03-16,7,0,0.12779652,0,LOW
2025-03-02,62,1,0.5056806,1,HIGH
2025-08-03,91,0,0.75931156,1,HIGH
2025-06-26,28,1,0.70801395,1,HIGH
2025-01-31,48,0,0.07611755,0,LOW
2025-05-08,36,0,0.67555285,1,HIGH
2025-07-16,75,0,0.059684556,0,LOW
2025-10-26,83,0,0.71299696,1,HIGH
2025-12-04,56,0,0.74723005,1,HIGH
2025-04-06,42,1,0.32601443,0,MEDIUM
2025-07-31,46,0,0.7399101,1,HIGH
2025-09-10,89,0,0.20811996,0,MEDIUM
2025-12-16,3,1,0.66929793,1,HIGH
2025-08-14,31,0,0.21494026,0,MEDIUM
2025-09-04,12,1,0.7312599,1,HIGH
2025-11-13,26,0,0.7614814,1,HIGH
2025-11-23,30,1,0.73184955,1,HIGH
2025-03-31,34,0,0.02982967,0,LOW
2025-09-04,24,1,0.7594284,1,HIGH
2025-01-04,34,0,0.017791145,0,LOW
2025-08-08,3,0,0.7604877,1,HIGH
2025-10-16,87,0,0.7539115,1,HIGH
2025-06-19,55,1,0.6848278,1,HIGH
2025-04-15,29,0,0.7148476,1,HIGH
2025-11-09,60,1,0.7645519,1,HIGH
2025-12-11,83,0,0.72046834,1,HIGH
2025-03-03,14,0,0.10049607,0,LOW
2025-05-01,4,0,0.67091197,1,HIGH
2025-12-23,56,1,0.60987395,1,HIGH
2025-05-22,1,1,0.76979846,1,HIGH
2025-08-23,81,0,0.13351388,0,LOW
2025-05-13,76,0,0.13788874,0,LOW
2025-06-12,98,0,0.13671738,0,LOW
2025-08-28,33,1,0.73463464,1,HIGH
2025-10-17,62,0,0.73203677,1,HIGH
2025-07-11,79,1,0.7287663,1,HIGH
2025-02-23,64,0,0.28305066,0,MEDIUM
2025-03-19,94,0,0.019252906,0,LOW
2025-05-17,59,1,0.7361378,1,HIGH
2025-12-05,95,1,0.78084046,1,HIGH
2025-08-23,16,0,0.07533084,0,LOW
2025-04-17,20,1,0.74413455,1,HIGH
2025-11-03,59,0,0.8062439,1,HIGH
2025-04-18,9,0,0.71196103,1,HIGH
2025-05-13,66,1,0.7634936,1,HIGH
2025-10-05,57,1,0.7838534,1,HIGH
2025-04-13,43,0,0.06277507,0,LOW
2025-04-13,93,0,0.77293867,1,HIGH
2025-12-14,48,1,0.7244477,1,HIGH
2025-12-26,46,0,0.6669992,1,HIGH
2025-11-02,96,1,0.725108,1,HIGH
2025-06-23,12,0,0.52734816,1,HIGH
2025-05-11,68,0,0.04889296,0,LOW
2025-05-14,51,0,0.24931435,0,MEDIUM
2025-05-13,8,0,0.18335447,0,LOW
2025-04-05,37,0,0.0065933466,0,LOW
2025-11-28,16,0,0.32176805,0,MEDIUM
2025-04-24,46,1,0.4572192,0,MEDIUM
2025-12-18,52,1,0.7315934,1,HIGH
2025-10-03,51,1,0.7517265,1,HIGH
2025-10-02,58,0,0.6573551,1,HIGH
2025-04-29,24,0,0.21511315,0,MEDIUM
2025-11-30,72,1,0.7009258,1,HIGH
2025-07-14,56,0,0.7445489,1,HIGH
2025-08-03,92,0,0.10404903,0,LOW
2025-05-13,95,0,0.1505328,0,LOW
2025-06-21,10,0,0.72826135,1,HIGH
2025-01-31,52,0,0.04582123,0,LOW
2025-07-25,46,1,0.7506039,1,HIGH
2025-06-11,17,0,0.06032277,0,LOW
2025-05-05,57,1,0.7583933,1,HIGH
2025-09-01,34,0,0.10894546,0,LOW
2025-02-17,82,0,0.022337398,0,LOW
2025-07-20,13,0,0.20207918,0,MEDIUM
2025-11-22,34,0,0.21852057,0,MEDIUM
2025-03-11,20,0,0.10212672,0,LOW
2025-07-02,86,0,0.13388117,0,LOW
2025-04-04,83,0,0.18305793,0,LOW
2025-10-28,80,1,0.74036384,1,HIGH
2025-09-13,52,0,0.7451943,1,HIGH
2025-06-04,22,0,0.06735752,0,LOW
2025-03-02,66,0,0.54507583,1,HIGH
2025-10-21,62,1,0.72447187,1,HIGH
2025-07-04,62,0,0.7411287,1,HIGH
2025-12-11,1,1,0.6401863,1,HIGH
2025-03-21,15,0,0.03655837,0,LOW
2025-12-07,100,0,0.76065755,1,HIGH
2025-05-28,80,1,0.7044384,1,HIGH
2025-06-02,19,0,0.1531974,0,LOW
2025-02-07,24,0,0.09481195,0,LOW
2025-02-23,9,1,0.51530653,1,HIGH
2025-10-31,40,0,0.7573058,1,HIGH
2025-05-11,72,1,0.41453326,0,MEDIUM
2025-08-31,10,1,0.73501897,1,HIGH
2025-07-08,70,1,0.63637733,1,HIGH
2025-11-06,27,1,0.79322034,1,HIGH
2025-04-03,87,0,0.2089117,0,MEDIUM
2025-02-23,83,0,0.11463683,0,LOW
2025-03-21,100,0,0.12943572,0,LOW
2025-12-27,1,0,0.6916892,1,HIGH
2025-11-13,3,1,0.7060504,1,HIGH
2025-12-25,44,0,0.74528766,1,HIGH
2025-10-07,78,1,0.752065,1,HIGH
2025-02-21,35,0,0.47078103,0,MEDIUM
2025-01-11,22,0,0.043884046,0,LOW
2025-06-22,77,1,0.7268223,1,HIGH
2025-06-14,10,1,0.6833707,1,HIGH
2025-11-28,44,1,0.7558971,1,HIGH
2025-08-06,88,0,0.11959601,0,LOW
2025-07-09,96,1,0.7415909,1,HIGH
2025-08-27,51,1,0.72679096,1,HIGH
2025-03-21,20,0,0.2864914,0,MEDIUM
2025-12-27,100,0,0.7735736,1,HIGH
2025-12-23,82,0,0.24858765,0,MEDIUM
2025-08-23,30,0,0.74919486,1,HIGH
2025-04-20,46,0,0.27764973,0,MEDIUM
2025-06-13,65,0,0.4640278,0,MEDIUM
2025-06-07,59,0,0.7545498,1,HIGH
2025-11-25,3,0,0.7110537,1,HIGH
2025-10-08,100,0,0.74695235,1,HIGH
2025-09-10,70,0,0.72868806,1,HIGH
2025-09-15,51,1,0.74444604,1,HIGH
2025-09-16,78,1,0.75247276,1,HIGH
2025-09-30,41,0,0.6043188,1,HIGH
2025-04-04,4,1,0.74608564,1,HIGH
2025-03-25,83,0,0.069001086,0,LOW
2025-01-28,58,0,0.43806088,0,MEDIUM
2025-08-20,24,1,0.7575654,1,HIGH
2025-03-17,5,0,0.13830188,0,LOW
2025-12-06,25,0,0.79315865,1,HIGH
2025-03-07,55,0,0.16947688,0,LOW
2025-05-30,20,0,0.74902475,1,HIGH
2025-11-10,77,1,0.7209957,1,HIGH
2025-07-28,27,0,0.063985795,0,LOW
2025-09-23,56,1,0.74760056,1,HIGH
2025-12-12,80,1,0.6917264,1,HIGH
2025-06-05,86,0,0.0661513,0,LOW
2025-11-25,96,0,0.7039982,1,HIGH
2025-12-23,44,1,0.73744303,1,HIGH
2025-08-17,85,1,0.70185345,1,HIGH
2025-09-19,15,1,0.741927,1,HIGH
2025-05-05,69,0,0.812169,1,HIGH
2025-08-09,59,1,0.7251715,1,HIGH
2025-09-21,60,1,0.7611297,1,HIGH
2025-11-19,31,0,0.7431703,1,HIGH
2025-01-23,31,0,0.18897828,0,LOW
2025-11-21,68,0,0.24440873,0,MEDIUM
2025-11-09,38,1,0.67385536,1,HIGH
2025-03-26,9,1,0.65302885,1,HIGH
2025-02-22,2,0,0.26914614,0,MEDIUM
2025-03-18,93,0,0.34215862,0,MEDIUM
2025-06-08,20,1,0.74876195,1,HIGH
2025-09-15,55,0,0.7560984,1,HIGH
2025-12-15,60,1,0.7211519,1,HIGH
2025-12-30,94,0,0.07578295,0,LOW
2025-10-13,36,1,0.7560248,1,HIGH
2025-01-05,24,0,0.057565786,0,LOW
2025-08-17,49,1,0.7526388,1,HIGH
2025-06-09,86,1,0.110630594,0,LOW
2025-05-12,3,1,0.65218204,1,HIGH
2025-10-14,92,1,0.5641805,1,HIGH
2025-04-08,9,0,0.78124464,1,HIGH
2025-10-31,23,0,0.68904394,1,HIGH
2025-10-24,68,0,0.06645569,0,LOW
2025-11-15,38,1,0.6930255,1,HIGH
2025-09-20,94,0,0.09706465,0,LOW
2025-11-26,11,0,0.71248424,1,HIGH
2025-02-16,80,0,0.3264504,0,MEDIUM
2025-06-06,18,0,0.8030277,1,HIGH
2025-01-01,19,0,0.04300491,0,LOW
2025-07-17,50,0,0.2473248,0,MEDIUM
2025-06-02,58,0,0.13907418,0,LOW
2025-09-16,19,0,0.503948,1,HIGH
2025-02-15,35,0,0.6511334,1,HIGH
2025-09-14,48,1,0.7505898,1,HIGH
2025-05-20,99,1,0.66493356,1,HIGH
2025-01-08,45,0,0.027818782,0,LOW
2025-01-07,66,0,0.14242446,0,LOW
2025-01-20,78,0,0.069722995,0,LOW
2025-06-07,4,0,0.75733244,1,HIGH
2025-06-21,49,1,0.710469,1,HIGH
2025-10-03,80,1,0.77708775,1,HIGH
2025-08-04,45,0,0.580898,1,HIGH
2025-12-13,45,0,0.7296328,1,HIGH
2025-10-22,16,0,0.13418913,0,LOW
2025-06-17,44,1,0.7455067,1,HIGH
2025-05-24,2,1,0.729253,1,HIGH
2025-07-09,1,0,0.74681515,1,HIGH
2025-02-01,61,0,0.08384356,0,LOW
2025-03-14,69,1,0.67939645,1,HIGH
2025-02-02,48,0,0.049520493,0,LOW
2025-01-30,16,0,0.034454975,0,LOW
2025-04-14,59,1,0.7673627,1,HIGH
2025-02-12,66,0,0.26207194,0,MEDIUM
2025-06-28,88,0,0.024328085,0,LOW
2025-11-28,9,1,0.6537304,1,HIGH
2025-11-30,90,1,0.7043957,1,HIGH
2025-09-06,25,0,0.72831917,1,HIGH
2025-06-24,8,0,0.34354484,0,MEDIUM
2025-04-15,65,0,0.09263878,0,LOW
2025-03-15,98,0,0.057972386,0,LOW
2025-05-26,74,0,0.28773558,0,MEDIUM
2025-03-10,80,0,0.3706453,0,MEDIUM
2025-11-22,13,1,0.7404511,1,HIGH
2025-08-06,12,0,0.73847914,1,HIGH
2025-03-09,28,0,0.076350465,0,LOW
2025-05-17,5,0,0.69808215,1,HIGH
2025-05-03,63,1,0.7738527,1,HIGH
2025-08-08,47,0,0.08150585,0,LOW
2025-10-03,1,0,0.6905328,1,HIGH
2025-12-27,88,0,0.07300913,0,LOW
2025-04-18,51,0,0.17583206,0,LOW
2025-08-06,75,0,0.084745094,0,LOW
2025-10-11,42,1,0.75911236,1,HIGH
2025-10-18,12,1,0.72954977,1,HIGH
2025-07-10,96,0,0.7203905,1,HIGH
2025-02-22,53,0,0.121007115,0,LOW
2025-12-06,1,0,0.7320821,1,HIGH
2025-11-24,13,1,0.75250006,1,HIGH
2025-01-08,55,0,0.018686637,0,LOW
2025-10-19,49,0,0.7356472,1,HIGH
2025-11-22,53,1,0.7619423,1,HIGH
2025-02-06,60,0,0.05353652,0,LOW
2025-05-15,48,1,0.654952,1,HIGH
2025-03-18,19,1,0.05619851,0,LOW
2025-09-17,48,0,0.76470864,1,HIGH
2025-03-21,94,0,0.01967538,0,LOW
2025-07-02,29,1,0.76358724,1,HIGH
2025-12-30,95,1,0.74646467,1,HIGH
2025-03-15,23,0,0.20221542,0,MEDIUM
2025-07-24,42,0,0.7330333,1,HIGH
2025-09-27,10,0,0.70436454,1,HIGH
2025-10-24,25,1,0.7659998,1,HIGH
2025-04-16,94,0,0.055890232,0,LOW
2025-10-23,34,0,0.05282965,0,LOW
2025-03-16,63,0,0.44049588,0,MEDIUM
2025-06-18,54,0,0.72986335,1,HIGH
2025-08-08,51,1,0.71839964,1,HIGH
2025-09-05,64,1,0.7385318,1,HIGH
2025-02-01,31,0,0.17166758,0,LOW
2025-08-18,7,1,0.7567563,1,HIGH
2025-12-13,23,0,0.72353554,1,HIGH
2025-07-12,70,1,0.73899174,1,HIGH
2025-05-30,93,1,0.7759811,1,HIGH
2025-08-08,27,0,0.111867845,0,LOW
2025-07-30,31,0,0.19893591,0,LOW
2025-08-24,69,1,0.7777726,1,HIGH
2025-09-02,40,1,0.70190424,1,HIGH
2025-09-05,13,1,0.70959514,1,HIGH
2025-02-03,6,0,0.038680285,0,LOW
2025-10-25,50,1,0.73219556,1,HIGH
2025-08-05,26,1,0.39377153,0,MEDIUM
2025-09-05,71,0,0.06262488,0,LOW
2025-04-15,56,1,0.73764986,1,HIGH
2025-07-08,5,1,0.74784225,1,HIGH
2025-07-06,14,0,0.2633312,0,MEDIUM
2025-05-14,2,0,0.7227337,1,HIGH
2025-11-05,59,1,0.77401406,1,HIGH
2025-03-27,17,0,0.19543515,0,LOW
2025-02-20,75,0,0.04459406,0,LOW
2025-10-30,54,1,0.7692673,1,HIGH
2025-06-15,68,0,0.046886332,0,LOW
2025-12-10,82,0,0.14744678,0,LOW
2025-04-02,14,0,0.0521626,0,LOW
2025-09-20,43,0,0.77397645,1,HIGH
2025-09-14,1,0,0.74217343,1,HIGH
2025-10-22,14,1,0.7374026,1,HIGH
2025-09-07,78,1,0.73649853,1,HIGH
2025-11-02,58,1,0.736136,1,HIGH
2025-09-29,76,1,0.6744309,1,HIGH
2025-10-25,90,1,0.7541824,1,HIGH
2025-04-16,17,0,0.029687697,0,LOW
2025-01-21,92,0,0.02955336,0,LOW
2025-12-30,17,0,0.23845862,0,MEDIUM
2025-01-11,51,0,0.041944824,0,LOW
2025-08-22,57,1,0.70800644,1,HIGH
2025-06-17,22,0,0.04416832,0,LOW
2025-08-20,84,0,0.25665402,0,MEDIUM
2025-09-30,13,1,0.7311264,1,HIGH
2025-02-06,72,0,0.05203638,0,LOW
2025-05-21,60,1,0.5131625,1,HIGH
2025-03-05,32,0,0.09044575,0,LOW
2025-10-09,68,0,0.13751608,0,LOW
2025-12-13,83,1,0.73837894,1,HIGH
2025-08-30,21,1,0.76510376,1,HIGH
2025-10-14,29,0,0.6510472,1,HIGH
2025-08-03,12,0,0.71646535,1,HIGH
2025-08-03,22,0,0.08809846,0,LOW
2025-11-18,97,1,0.6818436,1,HIGH
2025-02-15,27,0,0.05363164,0,LOW
2025-11-27,22,0,0.10973638,0,LOW
2025-06-25,92,0,0.14666365,0,LOW
2025-09-10,68,0,0.08573983,0,LOW
2025-04-10,29,0,0.74412364,1,HIGH
2025-12-01,78,1,0.7177536,1,HIGH
2025-08-01,67,0,0.7645096,1,HIGH
2025-09-27,65,0,0.74429995,1,HIGH
2025-08-25,97,0,0.093530394,0,LOW
2025-04-22,57,1,0.74131703,1,HIGH
2025-01-05,85,0,0.107404694,0,LOW
2025-11-16,93,0,0.751856,1,HIGH
2025-10-09,23,0,0.7461673,1,HIGH
2025-12-03,14,0,0.76406676,1,HIGH
2025-02-06,84,0,0.0688973,0,LOW
2025-08-28,53,0,0.65777117,1,HIGH
2025-09-13,100,1,0.7221506,1,HIGH
2025-12-03,39,0,0.7532134,1,HIGH
2025-08-15,79,1,0.75062424,1,HIGH
2025-03-07,93,0,0.12054398,0,LOW
2025-03-06,89,0,0.021578692,0,LOW
2025-10-20,65,0,0.77660894,1,HIGH
2025-10-15,21,0,0.73608345,1,HIGH
2025-11-18,59,0,0.77253366,1,HIGH
2025-02-08,65,0,0.114845365,0,LOW
2025-08-08,83,1,0.7297536,1,HIGH
2025-12-20,37,0,0.04832211,0,LOW
2025-07-05,98,0,0.43859187,0,MEDIUM
2025-12-05,2,0,0.63839924,1,HIGH
2025-10-11,47,0,0.06201178,0,LOW
2025-05-19,31,0,0.22789566,0,MEDIUM
2025-06-12,24,0,0.7634555,1,HIGH
2025-12-17,95,1,0.74623597,1,HIGH
2025-06-04,60,0,0.6228779,1,HIGH
2025-07-30,39,1,0.7619536,1,HIGH
2025-05-24,83,0,0.4282802,0,MEDIUM
2025-07-28,57,1,0.7308479,1,HIGH
2025-11-25,5,1,0.68477046,1,HIGH
2025-02-27,13,0,0.050076477,0,LOW
2025-10-16,61,0,0.43436593,0,MEDIUM
2025-01-07,55,0,0.022775266,0,LOW
2025-04-23,64,1,0.7423452,1,HIGH
2025-06-24,10,0,0.73424774,1,HIGH
2025-05-01,50,1,0.08253426,0,LOW
2025-04-19,63,0,0.7798132,1,HIGH
2025-03-13,5,1,0.1945103,0,LOW
2025-02-01,39,0,0.18213955,0,LOW
2025-03-12,17,0,0.048885185,0,LOW
2025-08-16,56,1,0.74799454,1,HIGH
2025-09-09,100,1,0.70486283,1,HIGH
2025-06-05,68,0,0.024666512,0,LOW
2025-09-21,56,1,0.7528452,1,HIGH
2025-10-29,71,0,0.041607622,0,LOW
2025-11-29,66,1,0.7347977,1,HIGH
2025-06-04,12,0,0.5426133,1,HIGH
2025-10-23,87,1,0.75501126,1,HIGH
2025-05-21,29,1,0.72806126,1,HIGH
2025-07-11,23,1,0.7305008,1,HIGH
2025-08-31,3,1,0.74436027,1,HIGH
2025-12-14,39,1,0.7865911,1,HIGH
2025-04-16,46,1,0.50178045,1,HIGH
2025-09-10,74,0,0.712234,1,HIGH
2025-11-25,60,1,0.70140314,1,HIGH
2025-10-31,91,1,0.7264137,1,HIGH
2025-09-07,10,0,0.7534484,1,HIGH
2025-11-15,58,0,0.7419329,1,HIGH
2025-01-05,56,0,0.31415915,0,MEDIUM
2025-03-13,90,0,0.47473052,0,MEDIUM
2025-09-04,53,0,0.7021817,1,HIGH
2025-10-17,70,1,0.7105717,1,HIGH
2025-05-15,20,1,0.75524926,1,HIGH
2025-06-25,91,1,0.7459267,1,HIGH
2025-11-17,66,1,0.7278283,1,HIGH
2025-02-23,84,0,0.10996755,0,LOW
2025-10-19,46,0,0.77498454,1,HIGH
2025-07-18,100,0,0.45690337,0,MEDIUM
2025-05-08,51,0,0.15415572,0,LOW
2025-09-08,26,1,0.72048175,1,HIGH
2025-05-03,24,0,0.51964045,1,HIGH
2025-07-14,87,0,0.73743355,1,HIGH
2025-01-29,27,0,0.09734243,0,LOW
2025-01-24,32,0,0.041254114,0,LOW
2025-06-14,57,0,0.74633336,1,HIGH
2025-08-01,79,0,0.7442523,1,HIGH
2025-03-20,93,0,0.4137412,0,MEDIUM
2025-08-16,91,0,0.75518847,1,HIGH
2025-09-06,82,0,0.10720564,0,LOW
2025-02-19,31,0,0.06354909,0,LOW
2025-11-26,82,0,0.46787992,0,MEDIUM
2025-12-19,5,1,0.708575,1,HIGH
2025-11-08,34,0,0.06651918,0,LOW
2025-09-06,92,0,0.19362475,0,LOW
2025-01-27,82,0,0.033923943,0,LOW
2025-10-15,66,0,0.74086255,1,HIGH
2025-08-22,11,0,0.7578317,1,HIGH
2025-10-28,5,0,0.7379243,1,HIGH
2025-05-03,76,0,0.09548218,0,LOW
2025-02-09,37,0,0.029120637,0,LOW
2025-10-21,58,1,0.7190603,1,HIGH
2025-02-04,97,0,0.15174727,0,LOW
2025-01-03,94,0,0.013394727,0,LOW
2025-11-02,51,1,0.7527141,1,HIGH
2025-06-19,7,0,0.7211336,1,HIGH
2025-08-22,13,1,0.7087293,1,HIGH
2025-06-25,69,1,0.7648009,1,HIGH
2025-02-23,80,0,0.14362419,0,LOW
2025-08-21,14,1,0.29377037,0,MEDIUM
2025-06-05,20,0,0.7531679,1,HIGH
2025-01-30,11,0,0.18403198,0,LOW
2025-12-31,55,0,0.6417489,1,HIGH
2025-05-28,35,1,0.70647967,1,HIGH
2025-04-19,75,0,0.10478133,0,LOW
2025-05-13,58,0,0.123305716,0,LOW
2025-04-21,85,0,0.17844488,0,LOW
2025-07-17,24,0,0.75831497,1,HIGH
2025-09-06,67,1,0.6844302,1,HIGH
2025-07-19,86,0,0.15593317,0,LOW
2025-11-27,98,1,0.745716,1,HIGH
2025-08-30,96,0,0.74185395,1,HIGH
2025-11-21,79,1,0.71886784,1,HIGH
2025-07-17,90,1,0.7502205,1,HIGH
2025-01-03,86,0,0.0705366,0,LOW
2025-11-22,61,1,0.7147569,1,HIGH
2025-12-29,66,0,0.78636914,1,HIGH
2025-02-02,52,0,0.108468935,0,LOW
2025-09-10,79,0,0.75882727,1,HIGH
2025-07-22,98,0,0.619369,1,HIGH
2025-11-25,85,1,0.76627004,1,HIGH
2025-07-04,48,1,0.7558406,1,HIGH
2025-05-05,62,1,0.75314593,1,HIGH
2025-04-13,75,0,0.055102617,0,LOW
2025-01-29,86,0,0.019166166,0,LOW
2025-01-21,2,0,0.046499208,0,LOW
2025-08-22,98,1,0.7177813,1,HIGH
2025-09-06,87,1,0.74792194,1,HIGH
2025-11-28,6,0,0.7634844,1,HIGH
2025-09-26,30,0,0.7343916,1,HIGH
2025-04-05,16,0,0.021495335,0,LOW
2025-04-01,5,0,0.26401916,0,MEDIUM
2025-08-07,49,1,0.73687214,1,HIGH
2025-12-26,1,0,0.7070042,1,HIGH
2025-09-30,74,1,0.7531076,1,HIGH
2025-03-31,79,0,0.6665063,1,HIGH
2025-05-31,92,0,0.10411455,0,LOW
2025-02-19,14,0,0.12772217,0,LOW
2025-01-16,7,0,0.04131314,0,LOW
2025-01-02,51,0,0.041385137,0,LOW
2025-01-11,74,0,0.1872274,0,LOW
2025-11-18,95,1,0.7598772,1,HIGH
2025-01-23,44,0,0.17553116,0,LOW
2025-01-05,80,0,0.22619373,0,MEDIUM
2025-04-06,93,0,0.378747,0,MEDIUM
2025-09-21,2,1,0.75758016,1,HIGH
2025-02-28,47,0,0.040107153,0,LOW
2025-09-14,73,0,0.03356038,0,LOW
2025-12-26,65,1,0.7174364,1,HIGH
2025-04-14,4,0,0.71747726,1,HIGH
2025-02-20,64,0,0.32061055,0,MEDIUM
2025-07-15,42,1,0.6930371,1,HIGH
2025-10-30,2,1,0.65106773,1,HIGH
2025-11-03,16,0,0.100230664,0,LOW
2025-09-26,70,0,0.7498945,1,HIGH
2025-03-19,76,0,0.037642494,0,LOW
2025-03-08,37,0,0.043628853,0,LOW
2025-10-19,26,1,0.7801528,1,HIGH
2025-06-27,48,1,0.7728319,1,HIGH
2025-09-30,20,0,0.7477729,1,HIGH
2025-11-02,44,1,0.7129114,1,HIGH
2025-10-29,11,1,0.67595565,1,HIGH
2025-08-19,93,1,0.77651757,1,HIGH
2025-11-09,30,1,0.7092811,1,HIGH
2025-11-10,90,0,0.79024047,1,HIGH
2025-02-15,65,0,0.08172637,0,LOW
2025-03-20,21,0,0.1814224,0,LOW
2025-02-07,72,0,0.05555074,0,LOW
2025-01-23,86,0,0.062163778,0,LOW
2025-03-05,8,0,0.09053258,0,LOW
2025-11-26,80,0,0.7184873,1,HIGH
2025-07-18,36,0,0.734108,1,HIGH
2025-06-01,76,1,0.058356754,0,LOW
2025-09-12,3,1,0.76884925,1,HIGH
2025-01-04,35,0,0.09108595,0,LOW
2025-01-30,92,0,0.031420507,0,LOW
2025-01-20,62,0,0.1372116,0,LOW
2025-08-08,68,0,0.06658168,0,LOW
2025-06-08,58,0,0.0983889,0,LOW
2025-06-23,34,1,0.053296562,0,LOW
2025-10-10,47,0,0.06388106,0,LOW
2025-06-23,30,1,0.6769092,1,HIGH
2025-11-15,88,0,0.024888368,0,LOW
2025-02-21,89,0,0.056595333,0,LOW
2025-06-12,13,0,0.21840306,0,MEDIUM
2025-12-02,90,0,0.74757755,1,HIGH
2025-09-16,86,1,0.7266007,1,HIGH
2025-09-19,52,1,0.7412537,1,HIGH
2025-03-03,54,0,0.12981696,0,LOW
2025-06-10,99,1,0.72533745,1,HIGH
2025-06-03,31,0,0.16687968,0,LOW
2025-12-26,58,0,0.7719984,1,HIGH
2025-07-13,96,0,0.7404182,1,HIGH
2025-03-27,98,0,0.10362202,0,LOW
2025-12-14,50,1,0.766759,1,HIGH
2025-06-24,88,0,0.0149911,0,LOW
2025-02-22,30,0,0.12768888,0,LOW
2025-11-15,3,1,0.7199967,1,HIGH
2025-09-22,85,0,0.75453407,1,HIGH
2025-04-16,26,0,0.08478914,0,LOW
2025-05-11,89,0,0.104864575,0,LOW
2025-11-12,81,0,0.608113,1,HIGH
2025-04-26,31,0,0.15946317,0,LOW
2025-01-06,56,1,0.33689758,0,MEDIUM
2025-07-08,49,0,0.7097778,1,HIGH
2025-01-11,44,0,0.3276929,0,MEDIUM
2025-06-25,7,1,0.7408834,1,HIGH
2025-12-08,27,1,0.78052515,1,HIGH
2025-01-05,2,0,0.14766535,0,LOW
2025-01-04,14,0,0.12932694,0,LOW
2025-04-22,20,0,0.60274047,1,HIGH
2025-03-19,28,0,0.096978925,0,LOW
2025-01-08,97,0,0.06821741,0,LOW
2025-07-12,90,1,0.7461438,1,HIGH
2025-04-28,33,0,0.74045753,1,HIGH
2025-12-08,26,1,0.7520041,1,HIGH
2025-01-25,83,0,0.061855182,0,LOW
2025-10-14,41,1,0.60987675,1,HIGH
2025-01-12,29,0,0.19123714,0,LOW
2025-10-22,67,0,0.75866306,1,HIGH
2025-06-16,19,0,0.05593326,0,LOW
2025-09-22,48,0,0.76732635,1,HIGH
2025-09-19,17,0,0.07768518,0,LOW
2025-06-08,11,1,0.756745,1,HIGH
2025-10-26,86,1,0.75834626,1,HIGH
2025-08-22,70,1,0.73183954,1,HIGH
2025-11-04,36,1,0.6672206,1,HIGH
2025-10-18,46,1,0.7977341,1,HIGH
2025-02-03,85,0,0.05625027,0,LOW
2025-08-04,3,1,0.754606,1,HIGH
2025-08-07,36,1,0.7529393,1,HIGH
2025-10-27,98,0,0.7375794,1,HIGH
2025-12-17,57,1,0.66501707,1,HIGH
2025-08-07,21,0,0.73579115,1,HIGH
2025-08-08,52,1,0.7418064,1,HIGH
2025-07-14,86,0,0.26720807,0,MEDIUM
2025-04-15,8,0,0.073476866,0,LOW
2025-09-10,71,0,0.054703444,0,LOW
2025-08-16,15,0,0.7077508,1,HIGH
2025-04-05,50,0,0.052504305,0,LOW
2025-12-22,74,0,0.7643928,1,HIGH
2025-01-08,73,0,0.04366897,0,LOW
2025-11-06,51,0,0.7480933,1,HIGH
2025-01-24,58,0,0.2975443,0,MEDIUM
2025-05-31,47,0,0.058525767,0,LOW
2025-03-26,8,0,0.06763444,0,LOW
2025-03-16,91,0,0.41577795,0,MEDIUM
2025-10-14,6,0,0.75923663,1,HIGH
2025-02-09,66,0,0.17246304,0,LOW
2025-03-13,68,0,0.028477112,0,LOW
2025-05-07,60,0,0.2124862,0,MEDIUM
2025-06-15,49,0,0.7493992,1,HIGH
2025-08-26,76,0,0.6316388,1,HIGH
2025-01-01,22,0,0.029780732,0,LOW
2025-08-16,77,1,0.7505828,1,HIGH
2025-09-22,95,0,0.7384807,1,HIGH
2025-08-22,52,1,0.72884965,1,HIGH
2025-11-22,21,1,0.72366387,1,HIGH
2025-02-27,52,0,0.06781386,0,LOW
2025-12-11,73,0,0.060797885,0,LOW
2025-07-02,62,1,0.7079851,1,HIGH
2025-06-19,15,0,0.069761716,0,LOW
2025-01-12,94,0,0.07759033,0,LOW
2025-05-11,53,0,0.087097034,0,LOW
2025-02-07,98,0,0.041823223,0,LOW
2025-05-15,18,1,0.6963632,1,HIGH
2025-08-29,46,1,0.7662153,1,HIGH
2025-01-12,6,0,0.03604325,0,LOW
2025-08-13,13,1,0.5851472,1,HIGH
2025-01-22,71,0,0.021990487,0,LOW
2025-10-30,96,1,0.7597826,1,HIGH
2025-06-09,82,0,0.058499485,0,LOW
2025-12-05,94,0,0.06578458,0,LOW
2025-11-13,90,1,0.7886877,1,HIGH
2025-02-25,24,0,0.0780103,0,LOW
2025-09-20,54,1,0.74814594,1,HIGH
2025-10-16,73,1,0.036985513,0,LOW
2025-11-18,56,1,0.80028623,1,HIGH
2025-12-23,67,0,0.67333746,1,HIGH
2025-09-26,25,0,0.75650793,1,HIGH
2025-06-18,96,1,0.74425185,1,HIGH
2025-05-09,75,0,0.06314556,0,LOW
2025-08-22,91,1,0.7543156,1,HIGH
2025-04-27,53,1,0.12092422,0,LOW
2025-02-09,62,0,0.32925162,0,MEDIUM
2025-08-29,71,0,0.062322214,0,LOW
2025-09-24,27,0,0.4723394,0,MEDIUM
2025-07-03,91,1,0.75939554,1,HIGH
2025-09-26,65,1,0.74816066,1,HIGH
2025-12-16,14,0,0.7704763,1,HIGH
2025-11-19,10,1,0.7530476,1,HIGH
2025-03-14,55,0,0.11457606,0,LOW
2025-11-10,45,0,0.7556062,1,HIGH
2025-01-05,38,0,0.036808785,0,LOW
2025-05-12,78,0,0.27026933,0,MEDIUM
2025-06-29,82,0,0.05225966,0,LOW
2025-02-13,48,0,0.0966175,0,LOW
2025-10-05,46,1,0.741775,1,HIGH
2025-05-21,82,0,0.031861246,0,LOW
2025-10-21,19,0,0.605161,1,HIGH
2025-03-16,93,0,0.114490286,0,LOW
2025-10-13,55,1,0.73713773,1,HIGH
2025-07-28,52,1,0.6688522,1,HIGH
2025-04-27,55,0,0.26174664,0,MEDIUM
2025-05-15,50,0,0.13037771,0,LOW
2025-10-27,64,1,0.63659906,1,HIGH
2025-04-17,26,0,0.1637875,0,LOW
2025-09-14,65,1,0.7370201,1,HIGH
2025-08-25,79,0,0.73766065,1,HIGH
2025-09-28,86,0,0.7255173,1,HIGH
2025-11-15,34,0,0.062575966,0,LOW
2025-07-30,66,0,0.6780935,1,HIGH
2025-06-19,80,1,0.7245916,1,HIGH
2025-10-03,56,0,0.7398655,1,HIGH
2025-08-06,79,0,0.73890805,1,HIGH
2025-03-08,46,0,0.25253138,0,MEDIUM
2025-09-09,23,1,0.7572966,1,HIGH
2025-10-21,42,0,0.7589902,1,HIGH
2025-09-26,11,0,0.803252,1,HIGH
2025-09-11,95,0,0.74435264,1,HIGH
2025-03-03,79,0,0.22480781,0,MEDIUM
2025-05-29,19,0,0.116590485,0,LOW
2025-10-13,87,0,0.7401535,1,HIGH
2025-02-21,86,0,0.041162055,0,LOW
2025-07-01,56,0,0.76816094,1,HIGH
2025-01-25,37,0,0.017580144,0,LOW
2025-09-28,21,1,0.72883195,1,HIGH
2025-02-19,79,0,0.14510743,0,LOW
2025-12-08,87,0,0.7516682,1,HIGH
2025-08-27,24,1,0.7746801,1,HIGH
2025-01-13,95,0,0.05676196,0,LOW
2025-10-12,41,1,0.65143305,1,HIGH
2025-09-16,13,0,0.7443198,1,HIGH
2025-06-20,60,0,0.7338399,1,HIGH
2025-08-28,71,0,0.049497627,0,LOW
2025-02-25,26,0,0.025605312,0,LOW
2025-11-10,2,0,0.68980473,1,HIGH
2025-10-23,19,0,0.62527704,1,HIGH
2025-08-08,18,1,0.7806884,1,HIGH
2025-10-01,24,1,0.74416775,1,HIGH
2025-07-11,82,0,0.07571376,0,LOW
2025-07-07,66,0,0.7294498,1,HIGH
2025-01-10,5,0,0.13339102,0,LOW
2025-02-15,87,0,0.13545948,0,LOW
2025-09-21,76,1,0.61170375,1,HIGH
2025-04-05,98,0,0.07222677,0,LOW
2025-07-20,15,0,0.22140728,0,MEDIUM
2025-04-21,70,1,0.6937001,1,HIGH
2025-01-25,75,0,0.023695013,0,LOW
2025-05-27,67,1,0.69640845,1,HIGH
2025-02-13,7,0,0.16340056,0,LOW
2025-05-04,97,0,0.07215983,0,LOW
2025-01-25,94,0,0.06583885,0,LOW
2025-08-02,55,1,0.7661914,1,HIGH
2025-07-21,68,0,0.037690606,0,LOW
2025-08-29,96,1,0.74713105,1,HIGH
2025-05-05,33,0,0.7275185,1,HIGH
2025-02-23,34,0,0.01350577,0,LOW
2025-09-21,51,1,0.7209112,1,HIGH
2025-04-06,28,0,0.056185044,0,LOW
2025-11-30,32,0,0.77158576,1,HIGH
2025-10-26,43,1,0.76894903,1,HIGH
2025-05-08,95,1,0.18106963,0,LOW
2025-01-16,71,0,0.017322265,0,LOW
2025-11-24,49,1,0.74862176,1,HIGH
2025-04-21,91,0,0.6590135,1,HIGH
2025-06-06,34,0,0.04485593,0,LOW
2025-01-28,4,0,0.06873409,0,LOW
2025-01-30,48,0,0.24331653,0,MEDIUM
2025-03-12,93,0,0.29536217,0,MEDIUM
2025-10-17,40,1,0.7542621,1,HIGH
2025-02-01,84,0,0.06376139,0,LOW
2025-12-16,47,0,0.12966324,0,LOW
2025-01-21,19,0,0.040353674,0,LOW
2025-05-02,58,1,0.17618485,0,LOW
2025-07-03,8,0,0.2546889,0,MEDIUM
2025-01-09,59,0,0.17228979,0,LOW
2025-06-28,3,0,0.77048326,1,HIGH
2025-06-18,49,0,0.67057145,1,HIGH
2025-04-02,57,1,0.7608145,1,HIGH
2025-12-26,78,0,0.6818934,1,HIGH
2025-01-09,88,0,0.037952393,0,LOW
2025-01-23,78,0,0.08224551,0,LOW
2025-06-23,10,1,0.7579256,1,HIGH
2025-10-29,28,0,0.7930516,1,HIGH
2025-10-26,19,0,0.73535514,1,HIGH
2025-04-19,93,1,0.6906773,1,HIGH
2025-04-07,32,0,0.06837059,0,LOW
2025-01-11,39,0,0.15646061,0,LOW
2025-12-29,99,0,0.7222266,1,HIGH
2025-08-02,11,1,0.76729167,1,HIGH
2025-06-22,98,0,0.29288045,0,MEDIUM
2025-08-30,64,1,0.74031955,1,HIGH
2025-12-18,99,0,0.7188895,1,HIGH
2025-03-22,82,0,0.022422776,0,LOW
2025-11-23,13,1,0.7385186,1,HIGH
2025-12-27,63,1,0.7462433,1,HIGH
2025-11-23,23,1,0.7599609,1,HIGH
2025-09-17,89,0,0.20846827,0,MEDIUM
2025-04-03,24,0,0.19055673,0,LOW
2025-09-13,43,1,0.74504846,1,HIGH
2025-10-13,31,1,0.63172156,1,HIGH
2025-07-04,57,1,0.73813,1,HIGH
2025-01-17,74,0,0.10034811,0,LOW
2025-05-01,45,0,0.1079736,0,LOW
2025-10-04,59,1,0.7094691,1,HIGH
2025-09-07,49,1,0.76745486,1,HIGH
2025-08-19,2,1,0.7467535,1,HIGH
2025-04-23,20,1,0.75992876,1,HIGH
2025-10-04,93,1,0.7579684,1,HIGH
2025-07-11,76,0,0.18736908,0,LOW
2025-11-22,6,1,0.7755033,1,HIGH
2025-10-16,79,1,0.72746056,1,HIGH
2025-12-21,3,1,0.68213177,1,HIGH
2025-02-20,91,0,0.20129068,0,MEDIUM
2025-02-21,19,0,0.02847727,0,LOW
2025-10-11,62,1,0.7452107,1,HIGH
2025-06-29,76,0,0.2590608,0,MEDIUM
2025-10-24,99,0,0.7621082,1,HIGH
2025-10-25,21,1,0.7712401,1,HIGH
2025-05-06,41,0,0.05154003,0,LOW
2025-03-10,82,0,0.025175845,0,LOW
2025-11-01,28,0,0.76283616,1,HIGH
2025-02-11,27,0,0.0482408,0,LOW
2025-07-20,76,0,0.22665264,0,MEDIUM
2025-05-14,7,0,0.38239047,0,MEDIUM
2025-01-06,8,0,0.031583264,0,LOW
2025-05-15,47,0,0.10029926,0,LOW
2025-05-22,34,0,0.037475307,0,LOW
2025-01-21,41,0,0.038001113,0,LOW
2025-11-11,85,0,0.7500554,1,HIGH
2025-03-23,79,1,0.26448372,0,MEDIUM
2025-05-23,8,0,0.25700113,0,MEDIUM
2025-05-06,84,0,0.08362877,0,LOW
2025-06-18,17,0,0.053086504,0,LOW
2025-04-26,88,0,0.030965948,0,LOW
2025-06-26,18,1,0.74077445,1,HIGH
2025-10-02,77,1,0.77065676,1,HIGH
2025-04-15,47,0,0.0509995,0,LOW
2025-10-11,38,1,0.2632463,0,MEDIUM
2025-02-05,38,0,0.015553099,0,LOW
2025-06-02,44,0,0.7422561,1,HIGH
2025-12-19,57,1,0.5542718,1,HIGH
2025-05-06,21,1,0.7458655,1,HIGH
2025-01-06,44,1,0.13463694,0,LOW
2025-08-22,55,1,0.7478929,1,HIGH
2025-03-29,85,0,0.20673096,0,MEDIUM
2025-06-30,12,1,0.7505155,1,HIGH
2025-06-05,4,0,0.7345526,1,HIGH
2025-11-04,62,1,0.6971819,1,HIGH
2025-06-09,37,0,0.07418567,0,LOW
2025-08-29,74,0,0.71183556,1,HIGH
2025-04-11,46,1,0.37011495,0,MEDIUM
2025-05-01,42,1,0.6504269,1,HIGH
2025-01-21,25,0,0.033975285,0,LOW
2025-06-12,5,0,0.71533024,1,HIGH
2025-01-07,3,0,0.055472363,0,LOW
2025-01-02,61,0,0.029962208,0,LOW
2025-04-27,90,0,0.72518206,1,HIGH
2025-02-04,36,0,0.08647224,0,LOW
2025-12-22,54,1,0.662617,1,HIGH
2025-09-19,41,1,0.32195964,0,MEDIUM
2025-08-15,37,0,0.03384442,0,LOW
2025-05-23,88,0,0.04325732,0,LOW
2025-08-15,74,0,0.642386,1,HIGH
2025-01-23,33,0,0.1248869,0,LOW
2025-07-31,59,0,0.75969607,1,HIGH
2025-11-02,10,0,0.7436457,1,HIGH
2025-08-26,32,1,0.7355638,1,HIGH
2025-06-26,81,0,0.074380726,0,LOW
2025-01-05,6,0,0.06827338,0,LOW
2025-09-01,36,1,0.7479718,1,HIGH
2025-12-08,30,0,0.7596944,1,HIGH
2025-02-26,38,0,0.045403913,0,LOW
2025-12-12,71,0,0.1286127,0,LOW
2025-11-03,14,1,0.7015729,1,HIGH
2025-03-04,77,0,0.37477705,0,MEDIUM
2025-05-08,22,0,0.067721225,0,LOW
2025-05-07,10,1,0.72240126,1,HIGH
2025-07-05,89,0,0.06412507,0,LOW
2025-03-30,17,0,0.2720425,0,MEDIUM
2025-09-06,31,0,0.1666094,0,LOW
2025-05-05,56,1,0.77595145,1,HIGH
2025-08-11,99,1,0.7639257,1,HIGH
2025-01-09,53,0,0.015189462,0,LOW
2025-07-01,31,0,0.15043966,0,LOW
2025-03-05,95,0,0.16072024,0,LOW
2025-01-14,93,0,0.11853702,0,LOW
2025-11-24,55,1,0.71942484,1,HIGH
2025-11-24,33,1,0.7270414,1,HIGH
2025-07-22,59,0,0.76874727,1,HIGH
2025-12-11,13,0,0.7780582,1,HIGH
2025-03-03,45,1,0.045274537,0,LOW
2025-09-27,33,1,0.72470516,1,HIGH
2025-12-13,77,0,0.8130388,1,HIGH
2025-02-09,63,0,0.24740772,0,MEDIUM
2025-02-17,19,0,0.020181272,0,LOW
2025-10-26,65,1,0.7498542,1,HIGH
2025-09-05,68,0,0.08678128,0,LOW
2025-12-19,42,1,0.6752097,1,HIGH
2025-08-24,48,1,0.775171,1,HIGH
2025-05-19,43,0,0.41937843,0,MEDIUM
2025-05-07,32,0,0.17277798,0,LOW
2025-08-28,85,1,0.7368735,1,HIGH
2025-02-22,37,0,0.02229914,0,LOW
2025-03-21,90,0,0.5104241,1,HIGH
2025-10-26,57,0,0.791427,1,HIGH
2025-12-16,9,1,0.9038068,1,HIGH
2025-07-18,17,0,0.03586718,0,LOW
2025-07-29,41,0,0.08862289,0,LOW
2025-06-05,30,1,0.71949524,1,HIGH
2025-10-09,10,0,0.724819,1,HIGH
2025-05-22,66,0,0.80899656,1,HIGH
2025-07-19,76,0,0.1729401,0,LOW
2025-06-15,29,1,0.7506098,1,HIGH
2025-01-29,58,0,0.23170257,0,MEDIUM
2025-03-08,67,1,0.32230607,0,MEDIUM
2025-02-02,59,0,0.30842087,0,MEDIUM
2025-06-09,72,0,0.6756629,1,HIGH
2025-02-28,80,0,0.12460395,0,LOW
2025-06-29,70,0,0.7473177,1,HIGH
2025-08-01,50,0,0.44696555,0,MEDIUM
2025-11-16,75,0,0.46111873,0,MEDIUM
2025-06-24,48,0,0.5579273,1,HIGH
2025-08-31,22,0,0.058696706,0,LOW
2025-05-06,6,0,0.06934843,0,LOW
2025-08-16,92,0,0.14223099,0,LOW
2025-03-31,38,0,0.07650337,0,LOW
2025-03-22,91,0,0.36612377,0,MEDIUM
2025-02-28,37,0,0.07004536,0,LOW
2025-12-11,25,1,0.7820655,1,HIGH
2025-05-28,95,1,0.3947232,0,MEDIUM
2025-07-10,59,1,0.7622715,1,HIGH
2025-12-11,63,1,0.7228585,1,HIGH
2025-11-18,100,1,0.77848566,1,HIGH
2025-03-02,11,0,0.45799804,0,MEDIUM
2025-04-09,99,0,0.38143602,0,MEDIUM
2025-06-06,51,0,0.30402738,0,MEDIUM
2025-04-14,63,0,0.76891,1,HIGH
2025-02-22,70,0,0.12063762,0,LOW
2025-05-21,73,0,0.046097245,0,LOW
2025-01-02,69,0,0.3476211,0,MEDIUM
2025-11-09,81,0,0.5924692,1,HIGH
2025-04-30,22,0,0.097517766,0,LOW
2025-08-29,36,0,0.7290411,1,HIGH
2025-10-06,35,1,0.7076748,1,HIGH
2025-10-11,100,1,0.739106,1,HIGH
2025-08-30,9,1,0.76206195,1,HIGH
2025-10-01,81,1,0.38720036,0,MEDIUM
2025-06-02,38,0,0.07600389,0,LOW
2025-06-06,43,1,0.73089594,1,HIGH
2025-03-27,40,0,0.2642463,0,MEDIUM
2025-04-23,58,0,0.060756724,0,LOW
2025-03-12,65,0,0.12896426,0,LOW
2025-02-14,90,0,0.17500022,0,LOW
2025-06-08,56,1,0.8276767,1,HIGH
2025-10-26,60,0,0.7654127,1,HIGH
2025-09-08,50,1,0.7212592,1,HIGH
2025-05-05,10,1,0.7369523,1,HIGH
2025-11-09,54,1,0.7267668,1,HIGH
2025-07-16,7,1,0.7654531,1,HIGH
2025-03-23,50,0,0.086435206,0,LOW
2025-06-01,91,1,0.7339567,1,HIGH
2025-01-15,45,0,0.052592173,0,LOW
2025-03-19,38,0,0.029372176,0,LOW
2025-08-26,21,0,0.754902,1,HIGH
2025-08-06,61,0,0.18850067,0,LOW
2025-07-30,29,1,0.7456892,1,HIGH
2025-11-17,24,1,0.66362745,1,HIGH
2025-10-19,2,0,0.66054523,1,HIGH
2025-10-27,59,1,0.7387302,1,HIGH
2025-04-02,97,0,0.041606225,0,LOW
2025-10-01,92,0,0.3146506,0,MEDIUM
2025-03-21,26,0,0.08491683,0,LOW
2025-03-11,8,0,0.1342006,0,LOW
2025-05-28,59,1,0.712241,1,HIGH
2025-11-18,18,1,0.75681907,1,HIGH
2025-12-04,87,1,0.75758576,1,HIGH
2025-05-24,24,1,0.66806227,1,HIGH
2025-10-11,77,0,0.7339437,1,HIGH
2025-02-18,22,0,0.036033224,0,LOW
2025-08-10,80,0,0.7588159,1,HIGH
2025-04-12,64,1,0.7066963,1,HIGH
2025-02-10,20,0,0.24727446,0,MEDIUM
2025-10-19,18,1,0.6966782,1,HIGH
2025-06-13,83,1,0.62345654,1,HIGH
2025-07-29,28,0,0.76095176,1,HIGH
2025-03-26,17,0,0.5334717,1,HIGH
2025-10-25,28,1,0.75225234,1,HIGH
2025-06-09,85,0,0.15384492,0,LOW
2025-07-25,5,1,0.72736084,1,HIGH
2025-08-20,76,0,0.6922787,1,HIGH
2025-09-08,76,1,0.7221393,1,HIGH
2025-12-27,17,1,0.37200782,0,MEDIUM
2025-03-29,33,0,0.66069084,1,HIGH
2025-11-30,76,1,0.7274634,1,HIGH
2025-11-27,91,1,0.69064826,1,HIGH
2025-01-23,53,0,0.047061235,0,LOW
2025-08-08,100,0,0.5003914,1,HIGH
2025-02-14,46,0,0.19693461,0,LOW
2025-06-10,1,0,0.7492404,1,HIGH
2025-11-23,21,1,0.68104786,1,HIGH
2025-12-29,10,1,0.72709274,1,HIGH
2025-08-19,41,0,0.13989766,0,LOW
2025-08-11,94,0,0.046689086,0,LOW
2025-11-01,62,0,0.71987134,1,HIGH
2025-12-31,99,1,0.7333206,1,HIGH
2025-06-23,61,0,0.107582495,0,LOW
2025-09-13,54,0,0.7481195,1,HIGH
2025-01-06,92,0,0.022366898,0,LOW
2025-01-01,100,0,0.06856951,0,LOW
2025-03-26,64,1,0.7031953,1,HIGH
2025-04-14,71,0,0.022562923,0,LOW
2025-05-09,10,1,0.7134203,1,HIGH
2025-11-17,73,0,0.03864402,0,LOW
2025-07-29,95,0,0.7425356,1,HIGH
2025-07-09,95,0,0.68961525,1,HIGH
2025-03-03,49,0,0.29132,0,MEDIUM
2025-02-25,2,0,0.12414243,0,LOW
2025-11-03,63,1,0.7071612,1,HIGH
2025-01-29,52,0,0.05742193,0,LOW
2025-09-24,74,1,0.7370991,1,HIGH
2025-12-17,78,1,0.71289504,1,HIGH
2025-04-29,43,0,0.36193624,0,MEDIUM
2025-07-01,64,1,0.7532615,1,HIGH
2025-08-25,50,1,0.67708147,1,HIGH
2025-07-30,50,0,0.5683504,1,HIGH
2025-03-04,88,0,0.036246248,0,LOW
2025-11-24,18,1,0.76129574,1,HIGH
2025-05-07,77,1,0.7857734,1,HIGH
2025-04-01,92,0,0.03669532,0,LOW
2025-05-13,57,0,0.7287433,1,HIGH
2025-12-16,48,1,0.7172212,1,HIGH
2025-08-10,65,0,0.7501343,1,HIGH
2025-01-17,69,0,0.22361705,0,MEDIUM
2025-06-21,90,1,0.75204957,1,HIGH
2025-04-25,94,0,0.024652177,0,LOW
2025-01-08,39,0,0.11421321,0,LOW
2025-04-30,56,1,0.74710774,1,HIGH
2025-05-19,98,0,0.12048881,0,LOW
2025-06-28,93,1,0.75890255,1,HIGH
2025-11-28,80,0,0.7538982,1,HIGH
2025-04-24,60,0,0.16416156,0,LOW
2025-06-19,89,0,0.036877967,0,LOW
2025-06-12,58,0,0.11432307,0,LOW
2025-08-10,51,1,0.6666539,1,HIGH
2025-05-10,54,1,0.6674531,1,HIGH
2025-05-06,27,0,0.16468714,0,LOW
2025-02-07,82,0,0.07979486,0,LOW
2025-09-01,84,0,0.70331866,1,HIGH
2025-05-27,22,0,0.039304852,0,LOW
2025-02-25,5,0,0.17227297,0,LOW
2025-05-26,23,0,0.719343,1,HIGH
2025-03-19,20,0,0.31915778,0,MEDIUM
2025-04-13,57,1,0.7686927,1,HIGH
2025-10-17,68,0,0.4573942,0,MEDIUM
2025-12-19,82,0,0.24083465,0,MEDIUM
2025-07-09,48,1,0.73734957,1,HIGH
2025-06-14,72,1,0.6800899,1,HIGH
2025-11-14,59,1,0.80781,1,HIGH
2025-07-26,57,1,0.7476515,1,HIGH
2025-12-16,75,1,0.73341787,1,HIGH
2025-07-11,3,1,0.69416887,1,HIGH
2025-11-18,60,0,0.7329188,1,HIGH
2025-11-29,44,0,0.7418531,1,HIGH
2025-01-25,84,0,0.041191403,0,LOW
2025-07-22,61,0,0.14410545,0,LOW
2025-12-16,81,1,0.7218949,1,HIGH
2025-12-11,75,1,0.67219967,1,HIGH
2025-02-05,33,0,0.12641576,0,LOW
2025-06-18,26,0,0.11947444,0,LOW
2025-09-22,12,1,0.737044,1,HIGH
2025-08-07,73,0,0.051070534,0,LOW
2025-10-08,57,1,0.7903197,1,HIGH
2025-11-12,11,0,0.67954236,1,HIGH
2025-02-24,33,1,0.3796843,0,MEDIUM
2025-09-24,5,0,0.76557815,1,HIGH
2025-03-21,68,0,0.037873186,0,LOW
2025-06-15,100,0,0.27396286,0,MEDIUM
2025-05-19,14,1,0.14557542,0,LOW
2025-01-22,65,0,0.061949708,0,LOW
2025-10-13,91,1,0.72027975,1,HIGH
2025-11-27,46,0,0.7448818,1,HIGH
2025-12-03,53,1,0.741769,1,HIGH
2025-01-08,53,0,0.019353718,0,LOW
2025-09-04,13,1,0.7268127,1,HIGH
2025-02-01,47,0,0.030592248,0,LOW
2025-01-14,11,0,0.09352217,0,LOW
2025-12-30,52,1,0.72893226,1,HIGH
2025-02-01,44,0,0.26020083,0,MEDIUM
2025-02-08,22,0,0.019998834,0,LOW
2025-04-20,50,0,0.07824376,0,LOW
2025-03-29,67,0,0.19101183,0,LOW
2025-03-01,70,0,0.14224783,0,LOW
2025-04-13,36,0,0.42948788,0,MEDIUM
2025-11-01,95,0,0.7257032,1,HIGH
2025-04-25,78,1,0.20195144,0,MEDIUM
2025-01-30,10,0,0.16681719,0,LOW
2025-02-25,7,0,0.06859202,0,LOW
2025-08-13,79,0,0.7302224,1,HIGH
2025-03-26,16,0,0.056213625,0,LOW
2025-04-21,49,0,0.7711464,1,HIGH
2025-07-21,8,1,0.44589812,0,MEDIUM
2025-06-14,49,1,0.7347898,1,HIGH
2025-10-24,42,0,0.7418674,1,HIGH
2025-09-09,52,0,0.71393305,1,HIGH
2025-07-12,46,0,0.76848394,1,HIGH
2025-06-09,14,0,0.14322498,0,LOW
2025-06-02,49,1,0.690302,1,HIGH
2025-12-01,48,0,0.70175534,1,HIGH
2025-09-17,5,1,0.72883195,1,HIGH
2025-09-25,38,0,0.23112297,0,MEDIUM
2025-12-26,22,0,0.42458212,0,MEDIUM
2025-10-03,45,1,0.7124297,1,HIGH
2025-12-27,41,0,0.7388458,1,HIGH
2025-11-17,20,0,0.71303284,1,HIGH
2025-07-07,57,0,0.79195726,1,HIGH
2025-11-04,34,0,0.21516114,0,MEDIUM
2025-11-24,26,1,0.74117196,1,HIGH
2025-09-28,52,0,0.7404811,1,HIGH
2025-12-16,5,1,0.75285167,1,HIGH
2025-02-26,67,0,0.1474044,0,LOW
2025-10-18,79,0,0.7235903,1,HIGH
2025-05-02,27,0,0.0679942,0,LOW
2025-04-16,86,0,0.07486158,0,LOW
2025-02-26,41,0,0.06036659,0,LOW
2025-05-25,56,0,0.7635795,1,HIGH
2025-04-10,75,0,0.057579435,0,LOW
2025-05-01,56,1,0.7391244,1,HIGH
2025-01-27,57,0,0.14715682,0,LOW
2025-08-12,16,0,0.12314817,0,LOW
2025-11-13,35,0,0.6633953,1,HIGH
2025-07-23,92,1,0.056197602,0,LOW
2025-09-04,62,1,0.7329042,1,HIGH
2025-10-26,71,0,0.041161846,0,LOW
2025-12-20,89,0,0.7492441,1,HIGH
2025-08-15,40,1,0.74659914,1,HIGH
2025-10-08,59,1,0.7181967,1,HIGH
2025-06-18,77,1,0.7334336,1,HIGH
2025-04-05,45,0,0.1333354,0,LOW
2025-05-14,94,0,0.08876456,0,LOW
2025-11-11,1,1,0.74276817,1,HIGH
2025-03-24,89,0,0.023583308,0,LOW
2025-05-27,8,1,0.40123308,0,MEDIUM
2025-01-09,64,1,0.09165104,0,LOW
2025-05-21,51,0,0.12311808,0,LOW
2025-01-30,68,0,0.02449221,0,LOW
2025-06-23,7,1,0.7086229,1,HIGH
2025-10-10,90,0,0.7145516,1,HIGH
2025-07-03,13,0,0.15705548,0,LOW
2025-04-19,100,0,0.15814325,0,LOW
2025-02-11,23,0,0.24565238,0,MEDIUM
2025-04-22,37,0,0.03167687,0,LOW
2025-10-19,85,0,0.75501114,1,HIGH
2025-06-17,23,1,0.7553154,1,HIGH
2025-06-24,29,1,0.7567358,1,HIGH
2025-10-31,79,1,0.6906936,1,HIGH
2025-08-21,19,0,0.11732786,0,LOW
2025-06-09,65,1,0.46614638,0,MEDIUM
2025-02-21,99,0,0.053252768,0,LOW
2025-03-15,90,1,0.37353313,0,MEDIUM
2025-04-15,80,0,0.23482938,0,MEDIUM
2025-06-23,15,0,0.13066877,0,LOW
2025-12-23,25,0,0.75677425,1,HIGH
2025-03-04,8,0,0.19762455,0,LOW
2025-07-17,18,0,0.76457256,1,HIGH
2025-06-21,18,0,0.62752587,1,HIGH
2025-08-17,96,0,0.7572192,1,HIGH
2025-12-17,27,0,0.6819536,1,HIGH
2025-11-26,99,1,0.7479168,1,HIGH
2025-04-16,27,0,0.12528946,0,LOW
2025-08-29,62,1,0.7183181,1,HIGH
2025-11-19,25,1,0.7718313,1,HIGH
2025-06-15,40,0,0.51890886,1,HIGH
2025-08-24,21,0,0.7480743,1,HIGH
2025-06-03,94,0,0.04763781,0,LOW
2025-05-02,69,1,0.76295555,1,HIGH
2025-09-05,66,1,0.75058347,1,HIGH
2025-04-12,70,0,0.5593858,1,HIGH
2025-03-14,33,1,0.75896066,1,HIGH
2025-04-13,65,0,0.105209544,0,LOW
2025-09-17,17,0,0.06953886,0,LOW
2025-03-17,23,1,0.4688674,0,MEDIUM
2025-12-10,39,1,0.782937,1,HIGH
2025-07-15,32,0,0.63935935,1,HIGH
2025-04-12,46,0,0.28861153,0,MEDIUM
2025-03-06,64,1,0.61873335,1,HIGH
2025-07-24,22,0,0.09694542,0,LOW
2025-01-06,66,0,0.10133329,0,LOW
2025-09-03,1,1,0.74402857,1,HIGH
2025-11-01,37,0,0.04032223,0,LOW
2025-05-22,94,0,0.08109787,0,LOW
2025-06-28,51,1,0.54225487,1,HIGH
2025-03-18,54,0,0.09626376,0,LOW
2025-12-26,20,0,0.690127,1,HIGH
2025-12-13,20,1,0.67715245,1,HIGH
2025-04-22,50,0,0.055331524,0,LOW
2025-07-04,33,1,0.75990045,1,HIGH
2025-12-03,21,0,0.728805,1,HIGH
2025-06-30,23,1,0.6747229,1,HIGH
2025-03-10,91,0,0.27432674,0,MEDIUM
2025-07-06,78,1,0.735182,1,HIGH
2025-12-11,95,0,0.7440656,1,HIGH
2025-12-24,14,1,0.7629807,1,HIGH
2025-06-06,7,1,0.73344135,1,HIGH
2025-06-04,68,0,0.030542746,0,LOW
2025-07-27,85,0,0.4308201,0,MEDIUM
2025-05-18,76,0,0.0753896,0,LOW
2025-11-27,90,1,0.7177848,1,HIGH
2025-05-03,51,0,0.26372957,0,MEDIUM
2025-03-29,5,0,0.46627697,0,MEDIUM
2025-12-09,31,0,0.72319764,1,HIGH
2025-04-14,82,0,0.025865983,0,LOW
2025-07-31,53,0,0.28035942,0,MEDIUM
2025-09-14,16,0,0.055161722,0,LOW
2025-06-06,25,0,0.18898466,0,LOW
2025-02-17,97,0,0.024189163,0,LOW
2025-12-25,43,0,0.76533586,1,HIGH
2025-06-02,95,0,0.21558543,0,MEDIUM
2025-09-14,69,1,0.7152012,1,HIGH
2025-06-21,4,1,0.7378235,1,HIGH
2025-08-25,74,1,0.6884681,1,HIGH
2025-08-07,33,0,0.75249803,1,HIGH
2025-05-30,89,0,0.1396776,0,LOW
2025-07-02,14,0,0.113444045,0,LOW
2025-07-11,92,0,0.07368369,0,LOW
2025-11-03,45,1,0.76081485,1,HIGH
2025-03-24,68,0,0.066669464,0,LOW
2025-07-14,13,1,0.42630282,0,MEDIUM
2025-10-13,45,0,0.74012995,1,HIGH
2025-03-28,98,0,0.21599567,0,MEDIUM
2025-02-18,34,0,0.019187678,0,LOW
2025-02-03,24,0,0.07939401,0,LOW
2025-12-18,3,1,0.672948,1,HIGH
2025-02-04,4,0,0.17324984,0,LOW
2025-02-16,62,0,0.49407756,0,MEDIUM
2025-02-20,26,1,0.053039234,0,LOW
2025-09-06,47,0,0.048827995,0,LOW
2025-08-21,71,0,0.03181731,0,LOW
2025-08-17,75,0,0.21260919,0,MEDIUM
2025-01-21,31,0,0.050010446,0,LOW
2025-11-21,76,1,0.7452511,1,HIGH
2025-03-13,40,0,0.08812986,0,LOW
2025-02-15,44,1,0.42341113,0,MEDIUM
2025-04-02,71,0,0.018251257,0,LOW
2025-02-13,92,0,0.03302353,0,LOW
2025-04-25,13,0,0.2246175,0,MEDIUM
2025-11-26,3,1,0.7312068,1,HIGH
2025-03-06,91,0,0.4493718,0,MEDIUM
2025-08-26,35,1,0.7299705,1,HIGH
2025-12-05,76,1,0.7778568,1,HIGH
2025-10-13,1,0,0.7006964,1,HIGH
2025-11-13,54,0,0.73363256,1,HIGH
2025-11-05,57,1,0.7489164,1,HIGH
2025-03-26,95,0,0.10069651,0,LOW
2025-09-05,83,1,0.74499303,1,HIGH
2025-11-09,16,0,0.37933448,0,MEDIUM
2025-03-03,61,0,0.055573747,0,LOW
2025-04-26,66,0,0.68333584,1,HIGH
2025-02-22,54,0,0.07893469,0,LOW
2025-02-23,66,1,0.64717263,1,HIGH
2025-02-11,97,0,0.04404849,0,LOW
2025-04-17,82,0,0.03195249,0,LOW
2025-02-12,93,0,0.13390326,0,LOW
2025-12-01,42,1,0.5910587,1,HIGH
2025-07-10,54,1,0.759372,1,HIGH
2025-08-28,27,0,0.3132757,0,MEDIUM
2025-11-09,40,0,0.7553257,1,HIGH
2025-03-31,69,0,0.76234305,1,HIGH
2025-12-01,57,0,0.868437,1,HIGH
2025-06-05,16,0,0.032493256,0,LOW
2025-03-30,51,0,0.15006778,0,LOW
2025-11-06,56,0,0.7059159,1,HIGH
2025-03-14,29,1,0.6176945,1,HIGH
2025-08-15,83,0,0.6320426,1,HIGH
2025-01-28,50,0,0.02468313,0,LOW
2025-05-22,60,0,0.544432,1,HIGH
2025-12-15,92,1,0.7160632,1,HIGH
2025-08-24,91,1,0.73160166,1,HIGH
2025-02-14,94,0,0.02551067,0,LOW
2025-02-25,93,0,0.2621226,0,MEDIUM
2025-10-14,17,0,0.051160306,0,LOW
2025-01-15,48,0,0.039449792,0,LOW
2025-12-30,81,0,0.7189067,1,HIGH
2025-06-21,97,0,0.16243756,0,LOW
2025-07-21,14,0,0.30328107,0,MEDIUM
2025-12-14,52,1,0.74032295,1,HIGH
2025-04-28,75,0,0.08269127,0,LOW
2025-01-27,36,0,0.27549466,0,MEDIUM
2025-08-02,1,1,0.73910356,1,HIGH
2025-06-05,74,0,0.11868226,0,LOW
2025-05-10,1,1,0.74082965,1,HIGH
2025-05-19,58,0,0.16526431,0,LOW
2025-06-24,5,0,0.7380305,1,HIGH
2025-07-14,90,1,0.7668293,1,HIGH
2025-03-23,19,0,0.021872155,0,LOW
2025-02-22,71,0,0.065863565,0,LOW
2025-07-23,61,0,0.103724465,0,LOW
2025-03-28,82,0,0.029848441,0,LOW
2025-06-10,6,0,0.12189782,0,LOW
2025-08-21,58,0,0.6164718,1,HIGH
2025-05-27,42,1,0.6516286,1,HIGH
2025-07-16,45,0,0.4958167,0,MEDIUM
2025-06-02,82,0,0.08117082,0,LOW
2025-12-29,42,0,0.6569606,1,HIGH
2025-05-21,71,0,0.04758343,0,LOW
2025-10-29,22,0,0.10005084,0,LOW
2025-10-14,96,1,0.7348554,1,HIGH
2025-08-26,15,1,0.7060107,1,HIGH
2025-08-31,57,1,0.6874981,1,HIGH
2025-07-26,93,1,0.76142985,1,HIGH
2025-07-26,74,0,0.29813987,0,MEDIUM
2025-07-14,98,0,0.52978307,1,HIGH
2025-08-01,23,0,0.746087,1,HIGH
2025-06-24,13,0,0.26801842,0,MEDIUM
2025-09-29,17,0,0.10916415,0,LOW
2025-11-04,14,0,0.731767,1,HIGH
2025-09-22,46,0,0.7645888,1,HIGH
2025-07-28,22,0,0.123716906,0,LOW
2025-02-25,95,0,0.080649726,0,LOW
2025-12-15,20,1,0.68381995,1,HIGH
2025-12-28,40,1,0.636547,1,HIGH
2025-10-11,59,0,0.6966529,1,HIGH
2025-01-03,46,0,0.15169853,0,LOW
2025-07-09,15,0,0.12002674,0,LOW
2025-09-18,68,0,0.06416797,0,LOW
2025-08-29,31,0,0.14157668,0,LOW
2025-02-01,90,1,0.2613825,0,MEDIUM
2025-10-16,54,0,0.7532168,1,HIGH
2025-02-05,76,0,0.070296794,0,LOW
2025-08-11,33,1,0.76266605,1,HIGH
2025-07-27,45,0,0.49251696,0,MEDIUM
2025-10-21,97,0,0.615471,1,HIGH
2025-06-22,49,0,0.71685064,1,HIGH
2025-12-05,41,0,0.75167274,1,HIGH
2025-02-18,67,0,0.13161857,0,LOW
2025-02-27,28,0,0.10250787,0,LOW
2025-05-10,45,0,0.18299684,0,LOW
2025-11-04,21,1,0.7072056,1,HIGH
2025-07-05,88,0,0.21429747,0,MEDIUM
2025-09-06,40,0,0.73406094,1,HIGH
2025-09-20,45,1,0.7171907,1,HIGH
2025-12-15,30,0,0.72967833,1,HIGH
2025-09-20,75,0,0.33352593,0,MEDIUM
2025-07-04,93,1,0.7865871,1,HIGH
2025-11-08,27,0,0.73582774,1,HIGH
2025-07-29,87,0,0.74486625,1,HIGH
2025-10-30,47,0,0.13297088,0,LOW
2025-09-17,38,0,0.24487007,0,MEDIUM
2025-06-19,71,0,0.094876215,0,LOW
2025-08-05,80,0,0.7421133,1,HIGH
2025-09-06,84,1,0.6329612,1,HIGH
2025-12-06,43,0,0.7397794,1,HIGH
2025-01-27,62,0,0.05823129,0,LOW
2025-12-30,88,0,0.081485875,0,LOW
2025-07-18,1,1,0.7363699,1,HIGH
2025-10-04,99,1,0.7695632,1,HIGH
2025-07-14,100,0,0.55923337,1,HIGH
2025-01-03,28,0,0.045252774,0,LOW
2025-10-10,24,1,0.7446275,1,HIGH
2025-07-11,8,0,0.37086102,0,MEDIUM
2025-05-17,93,0,0.7390971,1,HIGH
2025-05-07,19,1,0.049973726,0,LOW
2025-10-02,97,0,0.26702708,0,MEDIUM
2025-07-13,51,1,0.6496985,1,HIGH
2025-06-05,83,1,0.64714867,1,HIGH
2025-11-07,46,1,0.72598475,1,HIGH
2025-05-26,61,0,0.07704643,0,LOW
2025-10-29,85,0,0.72938836,1,HIGH
2025-08-07,96,1,0.75097877,1,HIGH
2025-12-27,15,1,0.76652455,1,HIGH
2025-11-05,74,1,0.74217916,1,HIGH
2025-05-25,55,1,0.42834353,0,MEDIUM
2025-09-13,96,1,0.74903965,1,HIGH
2025-09-10,30,0,0.7575797,1,HIGH
2025-11-03,77,1,0.72361046,1,HIGH
2025-12-17,63,0,0.70391625,1,HIGH
2025-05-31,7,1,0.75095564,1,HIGH
2025-01-17,94,0,0.03441775,0,LOW
2025-03-25,93,0,0.43376112,0,MEDIUM
2025-03-02,92,0,0.060068518,0,LOW
2025-10-07,90,1,0.7272967,1,HIGH
2025-04-05,49,0,0.5411921,1,HIGH
2025-05-06,94,0,0.05022493,0,LOW
2025-12-12,34,0,0.21238561,0,MEDIUM
2025-01-16,56,1,0.12893865,0,LOW
2025-01-27,72,0,0.098361306,0,LOW
2025-06-11,53,0,0.14575545,0,LOW
2025-06-12,27,0,0.0651619,0,LOW
2025-09-10,39,1,0.76402485,1,HIGH
2025-06-03,30,1,0.7139615,1,HIGH
2025-10-16,62,1,0.74075925,1,HIGH
2025-01-26,47,0,0.03419403,0,LOW
2025-03-20,60,0,0.06311881,0,LOW
2025-10-09,86,1,0.6864795,1,HIGH
2025-06-25,97,0,0.08957673,0,LOW
2025-08-31,23,1,0.75181276,1,HIGH
2025-05-08,23,0,0.6884036,1,HIGH
2025-09-30,39,0,0.8176054,1,HIGH
2025-12-23,16,0,0.65662766,1,HIGH
2025-02-23,16,0,0.042922877,0,LOW
2025-12-24,74,1,0.7930402,1,HIGH
2025-10-06,31,0,0.5499078,1,HIGH
2025-09-09,1,0,0.74553835,1,HIGH
2025-01-08,96,0,0.2551876,0,MEDIUM
2025-09-30,94,0,0.036772948,0,LOW
2025-10-22,65,1,0.759806,1,HIGH
2025-10-29,30,1,0.72916,1,HIGH
2025-12-31,42,0,0.72313356,1,HIGH
2025-02-19,7,1,0.09855183,0,LOW
2025-09-06,58,1,0.7078181,1,HIGH
2025-05-21,31,0,0.20990731,0,MEDIUM
2025-05-03,26,0,0.08882073,0,LOW
2025-09-10,24,1,0.77668154,1,HIGH
2025-12-17,74,0,0.755315,1,HIGH
2025-11-17,44,1,0.76542723,1,HIGH
2025-04-06,55,0,0.16950111,0,LOW
2025-06-08,14,0,0.41198796,0,MEDIUM
2025-01-11,89,0,0.05618153,0,LOW
2025-07-08,61,0,0.11760847,0,LOW
2025-11-07,69,1,0.74731886,1,HIGH
2025-03-30,76,0,0.07956125,0,LOW
2025-06-11,20,1,0.75808954,1,HIGH
2025-04-27,39,1,0.716267,1,HIGH
2025-04-20,26,0,0.10157015,0,LOW
2025-08-28,77,0,0.7478274,1,HIGH
2025-11-26,24,1,0.69887954,1,HIGH
2025-04-18,85,0,0.21228069,0,MEDIUM
2025-09-06,78,1,0.74631065,1,HIGH
2025-05-12,92,0,0.07731131,0,LOW
2025-10-15,24,0,0.7727021,1,HIGH
2025-02-18,97,0,0.037188698,0,LOW
2025-12-23,46,0,0.70939285,1,HIGH
2025-03-26,51,0,0.08562129,0,LOW
2025-06-30,25,0,0.4510148,0,MEDIUM
2025-07-06,79,1,0.7549612,1,HIGH
2025-10-25,2,1,0.6904789,1,HIGH
2025-11-05,92,1,0.72438985,1,HIGH
2025-12-13,87,0,0.6920754,1,HIGH
2025-12-01,9,1,0.7708438,1,HIGH
2025-07-17,47,0,0.04934637,0,LOW
2025-12-17,37,0,0.0774571,0,LOW
2025-09-20,70,1,0.74932927,1,HIGH
2025-07-06,84,0,0.07683022,0,LOW
2025-11-06,8,0,0.74565333,1,HIGH
2025-12-22,51,1,0.72611314,1,HIGH
2025-04-28,34,0,0.022475405,0,LOW
2025-05-22,37,0,0.011734554,0,LOW
2025-07-21,85,0,0.25718406,0,MEDIUM
2025-09-18,29,1,0.71840495,1,HIGH
2025-09-26,94,0,0.044880524,0,LOW
2025-01-02,22,0,0.023047622,0,LOW
2025-03-20,19,0,0.08698643,0,LOW
2025-06-18,50,0,0.16661274,0,LOW
2025-09-15,80,0,0.75675243,1,HIGH
2025-01-14,25,0,0.049315736,0,LOW
2025-12-08,9,1,0.61135966,1,HIGH
2025-07-23,41,0,0.06839029,0,LOW
2025-12-06,14,1,0.7591756,1,HIGH
2025-01-25,55,0,0.034813643,0,LOW
2025-02-27,88,0,0.035571795,0,LOW
2025-08-29,63,0,0.747903,1,HIGH
2025-12-14,11,1,0.72645515,1,HIGH
2025-11-08,7,0,0.7307141,1,HIGH
2025-03-01,30,0,0.26262137,0,MEDIUM
2025-01-12,67,0,0.049313452,0,LOW
2025-07-31,74,1,0.40178034,0,MEDIUM
2025-10-31,35,0,0.67314434,1,HIGH
2025-04-04,27,0,0.031393144,0,LOW
2025-12-20,90,0,0.7809422,1,HIGH
2025-03-27,63,0,0.34044304,0,MEDIUM
2025-03-02,99,0,0.14942187,0,LOW
2025-04-03,55,0,0.078897685,0,LOW
2025-03-18,88,0,0.033145744,0,LOW
2025-01-03,19,0,0.028910507,0,LOW
2025-05-10,82,0,0.015715705,0,LOW
2025-07-17,40,1,0.65327084,1,HIGH
2025-04-25,15,0,0.10406385,0,LOW
2025-03-30,42,0,0.42021528,0,MEDIUM
2025-09-12,27,0,0.4979594,0,MEDIUM
2025-12-16,18,1,0.8625801,1,HIGH
2025-03-07,11,0,0.24234043,0,MEDIUM
2025-08-21,46,0,0.7530613,1,HIGH
2025-01-28,48,0,0.176053,0,LOW
2025-03-03,56,0,0.3806256,0,MEDIUM
2025-03-08,57,0,0.668421,1,HIGH
2025-02-05,16,0,0.0209609,0,LOW
2025-10-25,17,0,0.06961035,0,LOW
2025-10-04,6,0,0.7378051,1,HIGH
2025-11-18,11,0,0.74821186,1,HIGH
2025-02-06,99,0,0.048523955,0,LOW
2025-10-02,1,1,0.71178025,1,HIGH
2025-06-01,83,0,0.46219194,0,MEDIUM
2025-02-13,74,0,0.04081526,0,LOW
2025-01-19,100,0,0.03265893,0,LOW
2025-05-03,86,0,0.07523934,0,LOW
2025-03-23,100,0,0.12480213,0,LOW
2025-04-15,86,0,0.07872605,0,LOW
2025-09-12,18,1,0.75510204,1,HIGH
2025-08-03,79,1,0.7604353,1,HIGH
2025-01-24,80,0,0.10966582,0,LOW
2025-11-13,29,0,0.6204997,1,HIGH
2025-03-25,12,0,0.12612496,0,LOW
2025-11-18,39,0,0.7388777,1,HIGH
2025-07-27,68,0,0.099597,0,LOW
2025-04-05,52,0,0.1786711,0,LOW
2025-12-03,46,1,0.65567076,1,HIGH
2025-01-12,4,0,0.13508217,0,LOW
2025-04-30,96,0,0.37174794,0,MEDIUM
2025-01-02,23,0,0.24263573,0,MEDIUM
2025-07-23,51,1,0.7000972,1,HIGH
2025-08-17,46,1,0.76830375,1,HIGH
2025-09-01,48,1,0.75997823,1,HIGH
2025-10-06,77,0,0.73849815,1,HIGH
2025-05-19,48,0,0.64741135,1,HIGH
2025-01-27,49,0,0.064812966,0,LOW
2025-12-25,82,0,0.16597494,0,LOW
2025-10-09,1,1,0.72895104,1,HIGH
2025-11-02,12,0,0.6910523,1,HIGH
2025-09-27,46,0,0.7426216,1,HIGH
2025-03-13,3,0,0.1270059,0,LOW
2025-07-21,83,1,0.7469441,1,HIGH
2025-02-12,75,0,0.02891641,0,LOW
2025-05-03,84,0,0.1436014,0,LOW
2025-03-02,10,0,0.18503529,0,LOW
2025-07-25,68,0,0.029541928,0,LOW
2025-12-20,15,0,0.75952935,1,HIGH
2025-04-29,96,0,0.37391394,0,MEDIUM
2025-05-05,17,0,0.057351667,0,LOW
2025-07-09,51,1,0.67662096,1,HIGH
2025-06-22,70,1,0.7138251,1,HIGH
2025-05-08,56,0,0.7537657,1,HIGH
2025-08-30,5,0,0.7478307,1,HIGH
2025-11-09,27,0,0.75526243,1,HIGH
2025-09-28,92,0,0.29662493,0,MEDIUM
2025-06-08,2,1,0.7268239,1,HIGH
2025-04-04,10,0,0.66149014,1,HIGH
2025-08-26,87,0,0.7485884,1,HIGH
2025-03-10,1,0,0.41117412,0,MEDIUM
2025-06-03,98,0,0.06992023,0,LOW
2025-11-27,29,0,0.7776679,1,HIGH
2025-05-27,56,1,0.7640853,1,HIGH
2025-01-01,82,0,0.037914526,0,LOW
2025-01-11,87,0,0.05773248,0,LOW
2025-02-06,90,0,0.15577625,0,LOW
2025-02-14,79,1,0.19494957,0,LOW
2025-09-25,87,1,0.7541448,1,HIGH
2025-11-02,87,1,0.7367942,1,HIGH
2025-10-07,88,0,0.040097535,0,LOW
2025-07-18,25,1,0.56298625,1,HIGH
2025-08-05,47,0,0.164006,0,LOW
2025-02-25,94,0,0.10853565,0,LOW
2025-10-02,86,1,0.7260959,1,HIGH
2025-01-16,2,0,0.08178483,0,LOW
2025-05-21,93,1,0.6567373,1,HIGH
2025-09-28,47,0,0.09866376,0,LOW
2025-10-11,40,0,0.7459061,1,HIGH
2025-10-02,72,0,0.75162435,1,HIGH
2025-08-08,1,1,0.7488716,1,HIGH
2025-02-12,43,0,0.09648741,0,LOW
2025-05-30,100,0,0.17182864,0,LOW
2025-04-18,97,0,0.069075264,0,LOW
2025-08-13,62,0,0.7575512,1,HIGH
2025-11-26,6,0,0.743379,1,HIGH
2025-04-17,58,0,0.33284056,0,MEDIUM
2025-07-25,93,1,0.7286211,1,HIGH
2025-06-14,6,0,0.13850653,0,LOW
2025-02-28,25,0,0.20000906,0,MEDIUM
2025-11-14,31,1,0.747229,1,HIGH
2025-06-08,69,1,0.7476467,1,HIGH
2025-07-08,33,1,0.7503996,1,HIGH
2025-01-05,64,1,0.061592624,0,LOW
2025-10-07,79,0,0.751793,1,HIGH
2025-09-29,39,0,0.73900366,1,HIGH
2025-03-27,66,0,0.42769387,0,MEDIUM
2025-08-09,63,1,0.7530362,1,HIGH
2025-07-19,78,0,0.73596704,1,HIGH
2025-09-06,57,1,0.7240401,1,HIGH
2025-09-05,59,1,0.7324728,1,HIGH
2025-02-28,65,0,0.08587022,0,LOW
2025-11-24,4,1,0.7079225,1,HIGH
2025-05-20,10,1,0.7573171,1,HIGH
2025-04-24,56,1,0.7307608,1,HIGH
2025-07-21,52,1,0.7388526,1,HIGH
2025-11-27,21,1,0.68510526,1,HIGH
2025-06-06,5,1,0.75193477,1,HIGH
2025-07-03,94,0,0.06537957,0,LOW
2025-01-15,32,0,0.07206578,0,LOW
2025-08-07,99,0,0.78186065,1,HIGH
2025-12-21,77,0,0.76752627,1,HIGH
2025-12-22,77,1,0.8482821,1,HIGH
2025-08-16,25,1,0.730568,1,HIGH
2025-03-07,22,0,0.04126778,0,LOW
2025-02-07,6,0,0.07108327,0,LOW
2025-08-28,11,1,0.76191217,1,HIGH
2025-04-19,40,0,0.13942915,0,LOW
2025-05-26,73,0,0.035067033,0,LOW
2025-06-27,72,1,0.7500438,1,HIGH
2025-04-06,5,0,0.39011413,0,MEDIUM
2025-01-16,6,0,0.08601517,0,LOW
2025-01-07,26,0,0.039620273,0,LOW
2025-07-15,10,0,0.747665,1,HIGH
2025-04-09,79,0,0.566299,1,HIGH
2025-02-07,97,0,0.097503394,0,LOW
2025-12-18,30,0,0.7013976,1,HIGH
2025-11-28,66,1,0.7314638,1,HIGH
2025-04-14,54,0,0.25415453,0,MEDIUM
2025-03-12,71,0,0.013375099,0,LOW
2025-01-27,61,0,0.08286396,0,LOW
2025-09-26,41,0,0.4745843,0,MEDIUM
2025-09-30,81,0,0.18854176,0,LOW
2025-10-01,75,0,0.43686804,0,MEDIUM
2025-08-03,11,1,0.75079423,1,HIGH
2025-07-28,58,0,0.29453376,0,MEDIUM
2025-01-30,24,0,0.2138537,0,MEDIUM
2025-11-14,61,1,0.71972144,1,HIGH
2025-04-13,77,1,0.7050392,1,HIGH
2025-04-06,30,0,0.45819297,0,MEDIUM
2025-06-19,32,1,0.32526284,0,MEDIUM
2025-08-17,14,0,0.17688634,0,LOW
2025-10-31,66,0,0.7307838,1,HIGH
2025-08-03,16,0,0.07044181,0,LOW
2025-02-21,5,0,0.22943568,0,MEDIUM
2025-09-18,54,1,0.7713561,1,HIGH
2025-02-15,20,0,0.15698561,0,LOW
2025-06-20,7,0,0.65866363,1,HIGH
2025-05-12,48,1,0.6031927,1,HIGH
2025-08-13,71,0,0.057668872,0,LOW
2025-05-03,52,0,0.13390131,0,LOW
2025-06-11,75,0,0.04277984,0,LOW
2025-09-15,7,0,0.7684107,1,HIGH
2025-11-20,62,1,0.66002184,1,HIGH
2025-05-17,48,0,0.7652586,1,HIGH
2025-07-07,96,0,0.7504836,1,HIGH
2025-05-06,39,0,0.68123287,1,HIGH
2025-02-16,58,0,0.033866532,0,LOW
2025-05-20,52,1,0.3142985,0,MEDIUM
2025-11-27,27,1,0.6444262,1,HIGH
2025-05-20,89,0,0.19453062,0,LOW
2025-10-05,76,1,0.7485217,1,HIGH
2025-09-03,45,1,0.7146771,1,HIGH
2025-07-24,64,1,0.7430803,1,HIGH
2025-04-13,53,0,0.067932084,0,LOW
2025-05-28,44,1,0.7175134,1,HIGH
2025-03-26,73,0,0.045685854,0,LOW
2025-07-05,31,0,0.077636555,0,LOW
2025-03-12,56,1,0.54359657,1,HIGH
2025-03-14,28,0,0.1844239,0,LOW
2025-08-19,9,1,0.73894566,1,HIGH
2025-01-12,32,0,0.14958689,0,LOW
2025-09-15,95,0,0.7608136,1,HIGH
2025-07-16,96,0,0.71997726,1,HIGH
2025-10-13,66,1,0.72487575,1,HIGH
2025-04-22,91,0,0.6410751,1,HIGH
2025-09-25,1,0,0.75028247,1,HIGH
2025-04-20,10,1,0.709121,1,HIGH
2025-01-30,4,0,0.07019199,0,LOW
2025-07-20,94,0,0.048472673,0,LOW
2025-08-13,80,0,0.72694045,1,HIGH
2025-01-08,47,0,0.07837279,0,LOW
2025-04-07,71,0,0.02207936,0,LOW
2025-05-29,54,1,0.75335336,1,HIGH
2025-06-08,82,0,0.05249744,0,LOW
2025-01-09,17,0,0.015417195,0,LOW
2025-09-29,93,1,0.76441455,1,HIGH
2025-10-19,58,1,0.752023,1,HIGH
2025-09-03,47,0,0.056127585,0,LOW
2025-04-08,46,0,0.25369045,0,MEDIUM
2025-08-14,14,0,0.499658,0,MEDIUM
2025-06-14,20,1,0.7210774,1,HIGH
2025-06-01,50,0,0.12949969,0,LOW
2025-05-23,26,0,0.039061278,0,LOW
2025-08-08,24,0,0.7413842,1,HIGH
2025-08-11,51,1,0.69703704,1,HIGH
2025-09-10,38,0,0.116394304,0,LOW
2025-05-08,50,0,0.06726292,0,LOW
2025-05-11,36,1,0.65989196,1,HIGH
2025-08-31,69,0,0.7361369,1,HIGH
2025-12-09,60,1,0.71409285,1,HIGH
2025-09-10,65,1,0.78090036,1,HIGH
2025-08-11,81,0,0.09400149,0,LOW
2025-11-01,34,0,0.051735785,0,LOW
2025-10-06,37,0,0.057677448,0,LOW
2025-03-25,91,0,0.39685836,0,MEDIUM
2025-10-03,66,0,0.74680287,1,HIGH
2025-10-13,71,0,0.042086814,0,LOW
2025-10-16,49,0,0.7434693,1,HIGH
2025-09-16,21,0,0.76368237,1,HIGH
2025-09-07,30,1,0.72449857,1,HIGH
2025-05-04,26,0,0.06764644,0,LOW
2025-06-13,62,1,0.7305666,1,HIGH
2025-09-26,53,1,0.6917698,1,HIGH
2025-12-31,91,1,0.7353162,1,HIGH
2025-06-13,97,0,0.08128918,0,LOW
2025-01-06,7,0,0.040869065,0,LOW
2025-07-29,4,1,0.7598426,1,HIGH
2025-12-23,73,0,0.124224745,0,LOW
2025-05-09,95,0,0.26382607,0,MEDIUM
2025-05-13,23,1,0.65143263,1,HIGH
2025-11-26,41,1,0.70608383,1,HIGH
2025-12-21,87,0,0.6916254,1,HIGH
2025-09-21,66,1,0.749097,1,HIGH
2025-10-07,45,0,0.71224415,1,HIGH
2025-01-02,10,0,0.08405506,0,LOW
2025-06-10,92,0,0.060342535,0,LOW
2025-12-23,90,0,0.85863703,1,HIGH
2025-08-26,24,1,0.7672702,1,HIGH
2025-08-25,17,0,0.08091386,0,LOW
2025-04-09,80,0,0.18600717,0,LOW
2025-05-17,88,0,0.04715078,0,LOW
2025-02-13,64,1,0.38788244,0,MEDIUM
2025-09-28,61,0,0.15669748,0,LOW
2025-05-20,58,0,0.28745994,0,MEDIUM
2025-09-16,9,0,0.7686374,1,HIGH
2025-12-08,99,1,0.70517594,1,HIGH
2025-11-02,95,0,0.7634911,1,HIGH
2025-02-09,50,0,0.04347186,0,LOW
2025-06-09,93,1,0.7809537,1,HIGH
2025-01-01,57,0,0.36902285,0,MEDIUM
2025-10-06,26,0,0.7952887,1,HIGH
2025-04-24,39,1,0.6478132,1,HIGH
2025-03-31,63,0,0.4970605,0,MEDIUM
2025-10-11,45,1,0.7448249,1,HIGH
2025-08-17,16,0,0.13669063,0,LOW
2025-09-29,82,0,0.047719456,0,LOW
2025-02-15,62,0,0.3979106,0,MEDIUM
2025-04-17,29,0,0.7271464,1,HIGH
2025-02-22,42,0,0.13357668,0,LOW
2025-10-26,91,1,0.70643103,1,HIGH
2025-02-23,41,0,0.026685655,0,LOW
2025-12-06,50,0,0.7409079,1,HIGH
2025-10-18,70,0,0.7209842,1,HIGH
2025-04-14,48,0,0.14265487,0,LOW
2025-04-25,29,1,0.6927889,1,HIGH
2025-09-10,36,1,0.7333084,1,HIGH
2025-02-19,48,0,0.090739146,0,LOW
2025-06-04,90,1,0.72720486,1,HIGH
2025-03-30,81,0,0.035524584,0,LOW
2025-06-06,31,0,0.1349826,0,LOW
2025-12-30,34,0,0.3058363,0,MEDIUM
2025-07-02,93,0,0.76295114,1,HIGH
2025-11-27,83,0,0.7427577,1,HIGH
2025-07-24,69,1,0.7558923,1,HIGH
2025-06-30,9,1,0.74939716,1,HIGH
2025-03-20,95,0,0.09017627,0,LOW
2025-12-15,68,0,0.23755212,0,MEDIUM
2025-05-13,15,0,0.049764745,0,LOW
2025-01-25,7,0,0.05759227,0,LOW
2025-10-10,69,1,0.7419033,1,HIGH
2025-04-08,74,0,0.07692292,0,LOW
2025-07-14,83,0,0.75183296,1,HIGH
2025-10-04,9,0,0.7693668,1,HIGH
2025-01-11,88,0,0.039394982,0,LOW
2025-11-24,15,1,0.7556116,1,HIGH
2025-05-30,50,0,0.09586162,0,LOW
2025-08-25,93,1,0.73848146,1,HIGH
2025-10-15,27,0,0.72145283,1,HIGH
2025-02-24,95,0,0.09188993,0,LOW
2025-12-14,38,1,0.6624229,1,HIGH
2025-08-04,55,0,0.7434636,1,HIGH
2025-09-21,46,1,0.7688433,1,HIGH
2025-03-17,57,1,0.6800952,1,HIGH
2025-09-09,43,1,0.745473,1,HIGH
2025-03-31,99,1,0.15170482,0,LOW
2025-11-22,52,1,0.7605518,1,HIGH
2025-01-10,44,0,0.18191063,0,LOW
2025-04-30,88,0,0.032383546,0,LOW
2025-11-12,32,1,0.75936615,1,HIGH
2025-01-19,91,1,0.13201617,0,LOW
2025-08-04,49,1,0.7337478,1,HIGH
2025-11-07,11,0,0.7248736,1,HIGH
2025-08-09,67,1,0.76677257,1,HIGH
2025-07-17,10,1,0.7711202,1,HIGH
2025-01-15,21,0,0.071161,0,LOW
2025-06-01,89,0,0.07431688,0,LOW
2025-08-21,48,1,0.7625016,1,HIGH
2025-01-20,20,0,0.079786226,0,LOW
2025-12-25,30,1,0.7794125,1,HIGH
2025-07-25,95,1,0.71978444,1,HIGH
2025-11-12,50,1,0.7540722,1,HIGH
2025-12-31,46,1,0.6820328,1,HIGH
2025-08-30,72,1,0.7525637,1,HIGH
2025-04-07,57,0,0.7394273,1,HIGH
2025-10-05,82,0,0.08694453,0,LOW
2025-02-03,83,0,0.03393334,0,LOW
2025-04-12,100,0,0.14210631,0,LOW
2025-09-13,95,1,0.77573264,1,HIGH
2025-02-23,46,0,0.1020584,0,LOW
2025-09-15,94,0,0.067977145,0,LOW
2025-02-11,5,0,0.26091036,0,MEDIUM
2025-04-23,18,1,0.69370013,1,HIGH
2025-02-08,9,0,0.2926958,0,MEDIUM
2025-04-01,98,0,0.13025457,0,LOW
2025-07-23,69,1,0.7628937,1,HIGH
2025-08-18,42,1,0.76256484,1,HIGH
2025-06-10,46,0,0.71911246,1,HIGH
2025-09-11,79,1,0.74558073,1,HIGH
2025-01-24,73,0,0.023908013,0,LOW
2025-09-08,54,1,0.745695,1,HIGH
2025-09-23,46,0,0.76621294,1,HIGH
2025-03-09,81,0,0.034161985,0,LOW
2025-10-25,15,1,0.7571178,1,HIGH
2025-12-18,42,0,0.6571081,1,HIGH
2025-12-10,47,0,0.15186137,0,LOW
2025-07-04,17,0,0.053624175,0,LOW
2025-10-30,9,0,0.79684484,1,HIGH
2025-05-12,2,0,0.72393584,1,HIGH
2025-09-19,43,1,0.7904969,1,HIGH
2025-09-23,44,1,0.6779111,1,HIGH
2025-06-25,54,0,0.77768415,1,HIGH
2025-09-17,61,0,0.20444521,0,MEDIUM
2025-05-02,2,1,0.72379583,1,HIGH
2025-02-16,46,0,0.107522555,0,LOW
2025-09-18,31,0,0.36892846,0,MEDIUM
2025-10-15,18,1,0.703657,1,HIGH
2025-10-25,18,1,0.7533312,1,HIGH
2025-04-28,60,0,0.22811878,0,MEDIUM
2025-03-12,88,0,0.050949592,0,LOW
2025-12-25,19,1,0.72710747,1,HIGH
2025-12-12,73,0,0.09363557,0,LOW
2025-08-17,92,0,0.18618959,0,LOW
2025-10-08,97,0,0.3565059,0,MEDIUM
2025-06-05,97,0,0.12245745,0,LOW
2025-08-01,70,1,0.7642671,1,HIGH
2025-01-24,13,0,0.09452144,0,LOW
2025-09-21,27,0,0.6382403,1,HIGH
2025-03-18,55,0,0.110810995,0,LOW
2025-09-21,97,0,0.32775366,0,MEDIUM
2025-03-28,96,0,0.11439903,0,LOW
2025-12-26,29,1,0.7090917,1,HIGH
2025-06-06,92,0,0.25771573,0,MEDIUM
2025-11-09,69,1,0.74848354,1,HIGH
2025-06-20,36,0,0.7411731,1,HIGH
2025-09-20,10,1,0.7332616,1,HIGH
2025-09-19,12,1,0.7647684,1,HIGH
2025-05-11,64,0,0.7717549,1,HIGH
2025-09-22,22,0,0.05846252,0,LOW
2025-11-08,45,1,0.7373767,1,HIGH
2025-08-19,89,0,0.2113022,0,MEDIUM
2025-07-23,97,0,0.09218961,0,LOW
2025-03-20,6,0,0.055784453,0,LOW
2025-06-22,24,1,0.73345524,1,HIGH
2025-02-06,17,0,0.060200393,0,LOW
2025-08-12,84,1,0.32805187,0,MEDIUM
2025-04-17,10,0,0.7244081,1,HIGH
2025-05-09,56,1,0.73732144,1,HIGH
2025-11-07,34,0,0.06628646,0,LOW
2025-06-22,71,0,0.06849252,0,LOW
2025-07-08,82,0,0.042333473,0,LOW
2025-01-17,46,0,0.08177765,0,LOW
2025-03-14,12,0,0.08455184,0,LOW
2025-08-07,4,0,0.73654675,1,HIGH
2025-08-29,42,1,0.74382806,1,HIGH
2025-06-21,60,0,0.71072316,1,HIGH
2025-03-19,96,0,0.25412974,0,MEDIUM
2025-05-10,56,1,0.7593725,1,HIGH
2025-11-07,25,1,0.7643967,1,HIGH
2025-04-05,25,0,0.13590653,0,LOW
2025-01-27,19,0,0.11271852,0,LOW
2025-02-20,44,0,0.46505988,0,MEDIUM
2025-05-07,50,0,0.1467747,0,LOW
2025-08-23,27,0,0.29634988,0,MEDIUM
2025-10-19,19,0,0.5215122,1,HIGH
2025-04-02,26,0,0.07091418,0,LOW
2025-10-06,63,1,0.7047167,1,HIGH
2025-12-03,43,0,0.7679437,1,HIGH
2025-03-11,95,0,0.17849782,0,LOW
2025-08-04,44,0,0.7470219,1,HIGH
2025-03-07,3,0,0.31313863,0,MEDIUM
2025-04-01,82,0,0.030206779,0,LOW
2025-07-02,5,0,0.75068575,1,HIGH
2025-07-07,50,0,0.32838777,0,MEDIUM
2025-06-19,76,0,0.123634316,0,LOW
2025-04-24,75,0,0.06641274,0,LOW
2025-04-05,24,1,0.23212168,0,MEDIUM
2025-06-26,96,0,0.7465484,1,HIGH
2025-10-07,61,1,0.2753484,0,MEDIUM
2025-01-25,48,0,0.045538228,0,LOW
2025-02-20,72,0,0.19895926,0,LOW
2025-05-31,19,0,0.11511175,0,LOW
2025-04-16,97,0,0.054711193,0,LOW
2025-06-27,74,0,0.14418608,0,LOW
2025-03-21,71,0,0.0143225035,0,LOW
2025-01-25,30,0,0.1329647,0,LOW
2025-06-13,73,0,0.04294675,0,LOW
2025-10-30,53,1,0.7702329,1,HIGH
2025-04-11,15,0,0.109348394,0,LOW
2025-08-03,100,1,0.58358824,1,HIGH
2025-03-16,38,0,0.030321082,0,LOW
2025-03-14,10,0,0.42588097,0,MEDIUM
2025-10-12,63,1,0.7400967,1,HIGH
2025-01-21,88,0,0.033863578,0,LOW
2025-08-16,48,0,0.7580303,1,HIGH
2025-10-15,58,1,0.7345351,1,HIGH
2025-12-22,32,1,0.7623213,1,HIGH
2025-10-13,73,0,0.035431396,0,LOW
2025-11-28,82,1,0.16300781,0,LOW
2025-03-23,56,1,0.6602319,1,HIGH
2025-04-20,8,0,0.059596892,0,LOW
2025-11-13,64,1,0.68227947,1,HIGH
2025-02-27,71,0,0.7811425,1,HIGH
2025-02-23,27,0,0.07747312,0,LOW
2025-12-22,21,0,0.7310015,1,HIGH
2025-05-30,16,0,0.0342474,0,LOW
2025-11-22,82,0,0.15218572,0,LOW
2025-02-15,32,0,0.060675737,0,LOW
2025-01-05,41,0,0.036813196,0,LOW
2025-07-25,77,0,0.77692974,1,HIGH
2025-06-25,90,0,0.7205494,1,HIGH
2025-05-10,83,0,0.27114668,0,MEDIUM
2025-08-18,20,1,0.75043654,1,HIGH
2025-11-03,56,0,0.7523019,1,HIGH
2025-05-18,16,0,0.039512195,0,LOW
2025-03-28,29,1,0.73351425,1,HIGH
2025-01-09,58,0,0.15509373,0,LOW
2025-11-17,51,0,0.7392763,1,HIGH
2025-01-02,45,1,0.050505035,0,LOW
2025-05-02,4,1,0.7107554,1,HIGH
2025-10-15,19,1,0.70112646,1,HIGH
2025-01-02,15,0,0.110666364,0,LOW
2025-09-15,78,1,0.7563035,1,HIGH
2025-04-19,32,0,0.20179534,0,MEDIUM
2025-04-04,25,0,0.09137551,0,LOW
2025-05-03,96,0,0.4212622,0,MEDIUM
2025-07-27,6,0,0.32635787,0,MEDIUM
2025-05-12,76,0,0.09437026,0,LOW
2025-04-11,60,0,0.187938,0,LOW
2025-10-23,29,1,0.66331536,1,HIGH
2025-04-19,55,0,0.10318645,0,LOW
2025-06-17,45,0,0.25843692,0,MEDIUM
2025-11-03,76,1,0.7319436,1,HIGH
2025-12-06,9,0,0.6065119,1,HIGH
2025-12-17,24,0,0.7366433,1,HIGH
2025-08-17,35,0,0.7504063,1,HIGH
2025-09-20,69,1,0.69959354,1,HIGH
2025-10-08,49,1,0.74104935,1,HIGH
2025-01-26,83,0,0.09348503,0,LOW
2025-05-10,52,0,0.21891604,0,MEDIUM
2025-01-16,93,0,0.056494262,0,LOW
2025-01-30,72,0,0.08221317,0,LOW
2025-12-18,69,0,0.6349286,1,HIGH
2025-09-02,82,0,0.2947736,0,MEDIUM
2025-10-04,66,1,0.749071,1,HIGH
2025-04-18,79,1,0.61379164,1,HIGH
2025-04-04,32,0,0.10790884,0,LOW
2025-05-19,7,1,0.47708422,0,MEDIUM
2025-06-10,3,0,0.72816956,1,HIGH
2025-01-04,86,0,0.044511843,0,LOW
2025-12-18,17,0,0.2910828,0,MEDIUM
2025-02-28,70,0,0.11222043,0,LOW
2025-12-22,33,1,0.75987715,1,HIGH
2025-09-18,2,1,0.749744,1,HIGH
2025-07-22,50,0,0.20279448,0,MEDIUM
2025-10-01,59,1,0.73156804,1,HIGH
2025-01-28,1,0,0.06779868,0,LOW
2025-05-04,98,0,0.17451231,0,LOW
2025-03-19,44,0,0.715993,1,HIGH
2025-10-16,4,1,0.7158138,1,HIGH
2025-04-20,58,0,0.07016107,0,LOW
2025-10-18,61,1,0.56180775,1,HIGH
2025-11-18,61,0,0.7255655,1,HIGH
2025-02-15,10,0,0.36144873,0,MEDIUM
2025-02-07,73,0,0.029041976,0,LOW
2025-12-06,5,0,0.7131978,1,HIGH
2025-11-05,87,1,0.74093956,1,HIGH
2025-08-23,55,1,0.7619806,1,HIGH
2025-05-15,64,1,0.7566598,1,HIGH
2025-07-18,73,0,0.039279036,0,LOW
2025-06-19,42,1,0.7664923,1,HIGH
2025-02-17,11,0,0.18501686,0,LOW
2025-01-18,43,0,0.04583198,0,LOW
2025-07-26,69,0,0.7766444,1,HIGH
2025-10-30,55,1,0.6677159,1,HIGH
2025-12-24,77,0,0.79344666,1,HIGH
2025-08-30,73,0,0.049984545,0,LOW
2025-08-14,12,1,0.7549131,1,HIGH
2025-06-27,86,1,0.23266272,0,MEDIUM
2025-09-24,15,0,0.75807214,1,HIGH
2025-08-16,80,1,0.7407558,1,HIGH
2025-06-30,57,0,0.75173324,1,HIGH
2025-09-18,56,1,0.7346279,1,HIGH
2025-04-04,28,0,0.06872573,0,LOW
2025-01-17,49,0,0.08774863,0,LOW
2025-09-10,99,1,0.76762843,1,HIGH
2025-03-03,7,0,0.24328007,0,MEDIUM
2025-05-21,70,0,0.76559097,1,HIGH
2025-07-22,87,1,0.77604765,1,HIGH
2025-08-31,16,1,0.112487614,0,LOW
2025-07-26,91,0,0.72031826,1,HIGH
2025-12-05,50,1,0.7443822,1,HIGH
2025-02-06,15,0,0.07102756,0,LOW
2025-05-08,99,0,0.61953145,1,HIGH
2025-11-13,61,0,0.68940026,1,HIGH
2025-06-04,62,0,0.75324196,1,HIGH
2025-01-15,75,0,0.021599516,0,LOW
2025-10-16,69,0,0.70907557,1,HIGH
2025-12-30,9,0,0.59977275,1,HIGH
2025-05-24,96,0,0.71871114,1,HIGH
2025-02-12,14,0,0.054848853,0,LOW
2025-08-08,61,0,0.13125038,0,LOW
2025-12-28,13,1,0.74627346,1,HIGH
2025-11-07,100,1,0.7502059,1,HIGH
2025-11-26,70,1,0.6146139,1,HIGH
2025-06-12,50,0,0.10544761,0,LOW
2025-04-23,78,0,0.23771848,0,MEDIUM
2025-04-20,97,0,0.03749652,0,LOW
2025-12-25,66,0,0.8031823,1,HIGH
2025-07-18,86,0,0.16778287,0,LOW
2025-05-06,31,0,0.20984824,0,MEDIUM
2025-04-21,40,0,0.1884905,0,LOW
2025-04-08,61,0,0.053565837,0,LOW
2025-05-31,1,1,0.7228524,1,HIGH
2025-11-26,95,1,0.7260841,1,HIGH
2025-01-15,50,0,0.17014019,0,LOW
2025-07-14,48,0,0.741861,1,HIGH
2025-09-24,38,0,0.12508386,0,LOW
2025-02-16,3,0,0.12785399,0,LOW
2025-01-09,20,0,0.041496105,0,LOW
2025-03-30,39,0,0.57972884,1,HIGH
2025-03-30,25,0,0.15360746,0,LOW
2025-04-15,74,0,0.25964603,0,MEDIUM
2025-04-17,70,1,0.60129064,1,HIGH
2025-10-08,78,1,0.76617527,1,HIGH
2025-08-11,1,1,0.7374213,1,HIGH
2025-07-24,28,1,0.70210963,1,HIGH
2025-01-21,61,0,0.03539024,0,LOW
2025-08-17,81,0,0.10746821,0,LOW
2025-07-29,67,1,0.75634706,1,HIGH
2025-09-14,81,0,0.17029022,0,LOW
2025-06-30,14,0,0.14482021,0,LOW
2025-12-04,32,0,0.77491015,1,HIGH
2025-06-25,93,1,0.7005255,1,HIGH
2025-12-04,39,1,0.7175957,1,HIGH
2025-12-21,45,0,0.7871899,1,HIGH
2025-06-27,89,1,0.13519585,0,LOW
2025-03-23,39,0,0.558055,1,HIGH
2025-06-27,8,0,0.3285522,0,MEDIUM
2025-10-29,36,1,0.72578186,1,HIGH
2025-05-23,81,0,0.05796818,0,LOW
2025-02-12,71,0,0.079310074,0,LOW
2025-03-30,30,1,0.4228975,0,MEDIUM
2025-03-29,21,0,0.36954656,0,MEDIUM
2025-10-24,44,0,0.7049384,1,HIGH
2025-08-22,63,1,0.72134733,1,HIGH
2025-07-08,55,1,0.7349621,1,HIGH
2025-09-06,95,1,0.7527961,1,HIGH
2025-11-24,47,0,0.32496652,0,MEDIUM
2025-03-24,61,0,0.040260527,0,LOW
2025-11-20,36,0,0.6934704,1,HIGH
2025-05-15,72,1,0.5021463,1,HIGH
2025-08-04,23,1,0.74509084,1,HIGH
2025-05-09,2,1,0.71882975,1,HIGH
2025-06-18,59,1,0.7447178,1,HIGH
2025-11-13,94,0,0.09665682,0,LOW
2025-12-16,7,1,0.70649636,1,HIGH
2025-11-29,40,1,0.72570556,1,HIGH
2025-11-21,92,0,0.748835,1,HIGH
2025-03-08,66,0,0.13953047,0,LOW
2025-05-07,55,1,0.15046252,0,LOW
2025-09-03,23,1,0.7629275,1,HIGH
2025-12-04,100,1,0.76795256,1,HIGH
2025-02-11,20,0,0.0994786,0,LOW
2025-06-18,19,0,0.07094874,0,LOW
2025-07-11,99,1,0.7771548,1,HIGH
2025-04-13,22,0,0.04064731,0,LOW
2025-07-11,6,0,0.26719704,0,MEDIUM
2025-11-22,74,0,0.75035006,1,HIGH
2025-12-20,55,0,0.7252012,1,HIGH
2025-11-12,12,1,0.76090366,1,HIGH
2025-02-05,61,0,0.03948599,0,LOW
2025-12-23,8,1,0.766739,1,HIGH
2025-04-08,48,0,0.29392916,0,MEDIUM
2025-02-12,94,0,0.032041505,0,LOW
2025-06-10,66,0,0.76355016,1,HIGH
2025-03-04,31,0,0.026655655,0,LOW
2025-06-30,30,1,0.7430731,1,HIGH
2025-07-25,75,0,0.057572886,0,LOW
2025-01-29,50,0,0.02086617,0,LOW
2025-11-03,48,0,0.74651897,1,HIGH
2025-02-26,57,1,0.66466576,1,HIGH
2025-11-26,22,0,0.20953014,0,MEDIUM
2025-03-02,24,0,0.21431659,0,MEDIUM
2025-10-02,17,0,0.14770398,0,LOW
2025-11-15,59,0,0.8141952,1,HIGH
2025-11-15,56,0,0.72187376,1,HIGH
2025-04-22,82,0,0.01864959,0,LOW
2025-04-27,13,0,0.2315871,0,MEDIUM
2025-03-19,60,0,0.084991984,0,LOW
2025-10-24,55,1,0.71050686,1,HIGH
2025-04-16,93,0,0.5467817,1,HIGH
2025-03-08,26,0,0.04065322,0,LOW
2025-12-13,4,1,0.7498094,1,HIGH
2025-04-02,21,0,0.15931015,0,LOW
2025-08-22,83,1,0.7374605,1,HIGH
2025-09-27,20,1,0.7263933,1,HIGH
2025-08-20,71,0,0.03170948,0,LOW
2025-04-14,32,0,0.13583009,0,LOW
2025-02-12,31,0,0.024115913,0,LOW
2025-09-28,57,0,0.7119713,1,HIGH
2025-10-24,77,0,0.7613254,1,HIGH
2025-01-30,34,0,0.015950235,0,LOW
2025-09-06,13,1,0.7093148,1,HIGH
2025-04-13,19,0,0.038759686,0,LOW
2025-09-22,60,1,0.68640625,1,HIGH
2025-05-22,62,0,0.6996191,1,HIGH
2025-04-13,20,1,0.48364568,0,MEDIUM
2025-11-26,71,0,0.09947346,0,LOW
2025-09-18,98,1,0.7739972,1,HIGH
2025-12-06,26,1,0.71777505,1,HIGH
2025-09-10,85,0,0.7178857,1,HIGH
2025-12-01,12,0,0.7699514,1,HIGH
2025-11-14,89,0,0.72543883,1,HIGH
2025-12-27,24,0,0.6684968,1,HIGH
2025-07-09,38,0,0.17163628,0,LOW
2025-09-11,17,0,0.07054263,0,LOW
2025-01-06,60,0,0.15644507,0,LOW
2025-07-17,22,0,0.057869647,0,LOW
2025-03-19,50,0,0.07421728,0,LOW
2025-11-06,33,1,0.7070758,1,HIGH
2025-11-13,8,0,0.7605201,1,HIGH
2025-07-14,91,1,0.75727665,1,HIGH
2025-04-10,5,0,0.53401184,1,HIGH
2025-12-08,80,1,0.7307172,1,HIGH
2025-06-27,21,1,0.7410894,1,HIGH
2025-12-04,31,0,0.75595164,1,HIGH
2025-11-02,62,0,0.70443624,1,HIGH
2025-03-04,99,0,0.29435527,0,MEDIUM
2025-12-15,36,1,0.7801942,1,HIGH
2025-09-07,22,0,0.15590614,0,LOW
2025-05-10,79,1,0.71469355,1,HIGH
2025-08-27,28,0,0.73913497,1,HIGH
2025-02-10,49,0,0.19554397,0,LOW
2025-12-07,28,1,0.7541487,1,HIGH
2025-07-04,30,0,0.72814506,1,HIGH
2025-09-20,89,0,0.13301335,0,LOW
2025-01-19,89,0,0.031999353,0,LOW
2025-01-26,54,0,0.08434043,0,LOW
2025-10-12,53,1,0.77836883,1,HIGH
2025-05-10,65,0,0.16903508,0,LOW
2025-04-08,56,0,0.7252248,1,HIGH
2025-06-15,2,0,0.7321607,1,HIGH
2025-05-02,85,0,0.11846488,0,LOW
2025-06-20,78,0,0.67468846,1,HIGH
2025-08-17,64,0,0.7680005,1,HIGH
2025-10-24,17,0,0.07374685,0,LOW
2025-11-17,64,1,0.70147234,1,HIGH
2025-06-17,63,1,0.74166423,1,HIGH
2025-03-22,15,0,0.054105643,0,LOW
2025-04-15,36,0,0.55383414,1,HIGH
2025-09-07,90,0,0.727088,1,HIGH
2025-04-03,63,1,0.71826816,1,HIGH
2025-07-31,34,0,0.045222223,0,LOW
2025-07-31,67,0,0.74907243,1,HIGH
2025-10-11,44,1,0.6656024,1,HIGH
2025-07-18,39,1,0.76315975,1,HIGH
2025-09-08,31,1,0.28470734,0,MEDIUM
2025-12-27,26,1,0.74243104,1,HIGH
2025-03-04,40,0,0.2152547,0,MEDIUM
2025-01-30,85,0,0.03700895,0,LOW
2025-04-03,54,0,0.09709859,0,LOW
2025-04-20,9,1,0.7076901,1,HIGH
2025-03-14,16,0,0.016451085,0,LOW
2025-04-19,82,0,0.019465286,0,LOW
2025-11-07,75,0,0.32834765,0,MEDIUM
2025-08-29,26,1,0.5972264,1,HIGH
2025-07-25,87,1,0.7604529,1,HIGH
2025-03-25,5,0,0.3066596,0,MEDIUM
2025-12-24,19,1,0.72427285,1,HIGH
2025-11-05,1,1,0.6952998,1,HIGH
2025-12-26,93,1,0.80771816,1,HIGH
2025-01-21,12,0,0.03331873,0,LOW
2025-06-18,3,0,0.70497316,1,HIGH
2025-01-09,68,1,0.022833697,0,LOW
2025-09-09,46,1,0.73721313,1,HIGH
2025-04-28,77,1,0.72671604,1,HIGH
2025-08-06,42,0,0.7539052,1,HIGH
2025-10-18,83,0,0.7613948,1,HIGH
2025-11-28,81,0,0.7265593,1,HIGH
2025-12-31,29,0,0.7399746,1,HIGH
2025-03-11,18,1,0.19235557,0,LOW
2025-02-14,22,0,0.030275047,0,LOW
2025-03-21,35,1,0.72828233,1,HIGH
2025-07-03,63,0,0.69930613,1,HIGH
2025-07-21,80,0,0.7300284,1,HIGH
2025-08-24,79,1,0.7577355,1,HIGH
2025-09-08,56,1,0.72365755,1,HIGH
2025-07-30,69,1,0.7608781,1,HIGH
2025-03-20,24,0,0.16220367,0,LOW
2025-11-04,12,0,0.7447476,1,HIGH
2025-05-07,54,0,0.6692002,1,HIGH
2025-03-15,27,0,0.07107397,0,LOW
2025-07-07,8,0,0.34727722,0,MEDIUM
2025-01-10,22,0,0.0121473875,0,LOW
2025-03-18,83,0,0.089822605,0,LOW
2025-07-21,12,0,0.66197896,1,HIGH
2025-09-24,29,0,0.6729452,1,HIGH
2025-08-05,64,1,0.76220226,1,HIGH
2025-12-08,36,0,0.6502967,1,HIGH
2025-03-12,15,1,0.07616576,0,LOW
2025-08-22,74,1,0.72486633,1,HIGH
2025-08-05,30,0,0.7446887,1,HIGH
2025-07-27,56,1,0.7356936,1,HIGH
2025-04-15,94,0,0.0937507,0,LOW
2025-08-17,67,1,0.7663528,1,HIGH
2025-12-16,88,0,0.040395185,0,LOW
2025-02-07,50,0,0.034501303,0,LOW
2025-07-26,52,1,0.6585783,1,HIGH
2025-03-29,89,0,0.057795625,0,LOW
2025-11-11,18,1,0.6982328,1,HIGH
2025-12-26,44,1,0.68777597,1,HIGH
2025-06-27,84,0,0.12843588,0,LOW
2025-04-16,1,0,0.66743696,1,HIGH
2025-12-09,67,1,0.7227145,1,HIGH
2025-09-17,9,1,0.7646453,1,HIGH
2025-05-07,93,0,0.67033607,1,HIGH
2025-09-22,3,1,0.74926263,1,HIGH
2025-09-05,24,1,0.7566139,1,HIGH
2025-01-15,30,0,0.0482354,0,LOW
2025-10-10,87,0,0.7869742,1,HIGH
2025-02-15,88,0,0.019937688,0,LOW
2025-11-16,60,0,0.7308691,1,HIGH
2025-12-17,71,0,0.12321184,0,LOW
2025-09-10,11,1,0.73085433,1,HIGH
2025-02-25,53,0,0.053632546,0,LOW
2025-10-15,75,1,0.12490759,0,LOW
2025-09-21,12,1,0.73974586,1,HIGH
2025-11-22,22,0,0.21884434,0,MEDIUM
2025-11-30,97,1,0.74379826,1,HIGH
2025-01-06,61,0,0.019252906,0,LOW
2025-10-18,78,1,0.7418984,1,HIGH
2025-12-30,99,0,0.7079839,1,HIGH
2025-03-17,71,0,0.03336973,0,LOW
2025-09-13,25,0,0.7631434,1,HIGH
2025-11-12,36,1,0.72174174,1,HIGH
2025-04-03,8,0,0.09282951,0,LOW
2025-08-13,49,1,0.80681556,1,HIGH
2025-11-28,13,1,0.77424777,1,HIGH
2025-11-06,87,1,0.7122299,1,HIGH
2025-10-31,15,1,0.77548647,1,HIGH
2025-05-24,4,1,0.71234816,1,HIGH
2025-01-20,96,0,0.04614877,0,LOW
2025-01-19,73,0,0.023634424,0,LOW
2025-10-10,79,1,0.7181478,1,HIGH
2025-10-22,93,0,0.71782744,1,HIGH
2025-07-07,32,0,0.651607,1,HIGH
2025-11-03,99,0,0.75667745,1,HIGH
2025-12-06,63,1,0.62547797,1,HIGH
2025-04-10,9,1,0.6350284,1,HIGH
2025-02-07,54,0,0.08454739,0,LOW
2025-09-26,39,1,0.7733775,1,HIGH
2025-05-08,78,0,0.15331386,0,LOW
2025-12-15,85,0,0.7785738,1,HIGH
2025-01-12,44,0,0.29257154,0,MEDIUM
2025-03-08,80,0,0.32135415,0,MEDIUM
2025-02-11,51,0,0.098179735,0,LOW
2025-10-09,61,0,0.3716021,0,MEDIUM
2025-01-30,80,0,0.18204658,0,LOW
2025-07-05,57,0,0.7105531,1,HIGH
2025-06-22,72,1,0.71944845,1,HIGH
2025-11-15,8,0,0.7795562,1,HIGH
2025-09-05,50,0,0.719209,1,HIGH
2025-08-29,87,1,0.73590684,1,HIGH
2025-02-22,98,0,0.054441903,0,LOW
2025-12-24,30,1,0.7860438,1,HIGH
2025-03-22,55,1,0.089095116,0,LOW
2025-01-19,42,0,0.14592917,0,LOW
2025-01-31,38,0,0.016425842,0,LOW
2025-11-20,71,0,0.080178924,0,LOW
2025-09-12,31,0,0.24942593,0,MEDIUM
2025-11-20,18,1,0.657933,1,HIGH
2025-01-17,50,1,0.35879403,0,MEDIUM
2025-01-29,3,0,0.22358212,0,MEDIUM
2025-07-13,20,1,0.7329054,1,HIGH
2025-01-03,93,0,0.14612849,0,LOW
2025-01-07,88,0,0.07012646,0,LOW
2025-06-30,31,0,0.20036711,0,MEDIUM
2025-02-18,66,0,0.47786382,0,MEDIUM
2025-05-18,21,1,0.66771835,1,HIGH
2025-02-28,77,0,0.30206737,0,MEDIUM
2025-11-07,27,1,0.74584633,1,HIGH
2025-12-21,22,0,0.40026945,0,MEDIUM
2025-12-26,49,0,0.7388236,1,HIGH
2025-06-30,47,0,0.054913368,0,LOW
2025-01-15,82,0,0.021061568,0,LOW
2025-07-24,100,0,0.27654248,0,MEDIUM
2025-01-04,68,0,0.016447905,0,LOW
2025-12-30,62,1,0.7383681,1,HIGH
2025-03-17,86,1,0.051661465,0,LOW
2025-10-30,83,0,0.75190026,1,HIGH
2025-03-04,73,0,0.023210235,0,LOW
2025-05-23,13,0,0.2663937,0,MEDIUM
2025-04-27,99,0,0.30730137,0,MEDIUM
2025-03-11,66,0,0.23445803,0,MEDIUM
2025-11-27,77,1,0.7812143,1,HIGH
2025-08-17,91,1,0.7753075,1,HIGH
2025-10-11,52,1,0.7745699,1,HIGH
2025-12-13,26,1,0.7494167,1,HIGH
2025-04-05,43,0,0.11918562,0,LOW
2025-04-12,27,0,0.083525196,0,LOW
2025-07-10,5,0,0.74149823,1,HIGH
2025-07-08,85,0,0.37105337,0,MEDIUM
2025-05-05,100,0,0.08455518,0,LOW
2025-06-19,63,0,0.72943956,1,HIGH
2025-06-18,43,1,0.5833743,1,HIGH
2025-05-05,45,0,0.17506865,0,LOW
2025-03-08,88,0,0.051410954,0,LOW
2025-06-25,43,1,0.575043,1,HIGH
2025-10-18,58,0,0.7294485,1,HIGH
2025-10-14,40,1,0.743118,1,HIGH
2025-01-06,55,0,0.01609286,0,LOW
2025-04-20,67,0,0.5952863,1,HIGH
2025-08-23,99,0,0.7454293,1,HIGH
2025-04-29,92,0,0.08579449,0,LOW
2025-09-20,15,1,0.75901735,1,HIGH
2025-08-10,2,1,0.76194423,1,HIGH
2025-01-08,93,0,0.3709759,0,MEDIUM
2025-06-14,38,0,0.070207,0,LOW
2025-11-06,89,1,0.5869809,1,HIGH
2025-04-11,92,0,0.054516423,0,LOW
2025-07-27,95,1,0.75164366,1,HIGH
2025-08-09,77,0,0.69353175,1,HIGH
2025-06-01,80,0,0.6810269,1,HIGH
2025-07-13,6,0,0.17885998,0,LOW
2025-05-09,60,0,0.2220455,0,MEDIUM
2025-07-21,60,1,0.7239815,1,HIGH
2025-10-09,81,0,0.38701585,0,MEDIUM
2025-02-18,33,0,0.25071046,0,MEDIUM
2025-10-11,78,0,0.7562545,1,HIGH
2025-11-09,31,1,0.6874706,1,HIGH
2025-02-12,60,0,0.04250097,0,LOW
2025-01-05,16,0,0.04436731,0,LOW
2025-10-10,60,0,0.7552235,1,HIGH
2025-04-14,49,1,0.46693942,0,MEDIUM
2025-07-08,50,0,0.22846724,0,MEDIUM
2025-01-18,74,1,0.10274467,0,LOW
2025-11-17,38,0,0.7134247,1,HIGH
2025-03-24,91,0,0.42548782,0,MEDIUM
2025-04-19,86,0,0.102908574,0,LOW
2025-05-10,41,0,0.043192133,0,LOW
2025-11-05,5,0,0.713576,1,HIGH
2025-09-05,18,1,0.65699023,1,HIGH
2025-09-18,24,1,0.75795275,1,HIGH
2025-03-14,99,0,0.09307485,0,LOW
2025-12-03,65,0,0.75888413,1,HIGH
2025-02-01,15,0,0.062447757,0,LOW
2025-12-05,30,1,0.71782565,1,HIGH
2025-12-30,73,0,0.090707466,0,LOW
2025-06-19,37,0,0.16773722,0,LOW
2025-07-10,87,1,0.7466251,1,HIGH
2025-12-07,14,1,0.7566454,1,HIGH
2025-08-22,76,1,0.6088241,1,HIGH
2025-08-24,29,1,0.7605786,1,HIGH
2025-03-23,67,0,0.23438382,0,MEDIUM
2025-06-14,89,0,0.036173835,0,LOW
2025-03-04,9,0,0.60687345,1,HIGH
2025-10-02,63,1,0.7345438,1,HIGH
2025-01-22,90,0,0.09138386,0,LOW
2025-04-09,74,0,0.10780463,0,LOW
2025-12-07,64,0,0.6518438,1,HIGH
2025-01-25,6,0,0.09814569,0,LOW
2025-08-02,18,1,0.7565655,1,HIGH
2025-01-06,100,0,0.037834954,0,LOW
2025-12-26,60,1,0.7002469,1,HIGH
2025-10-18,67,1,0.75897956,1,HIGH
2025-11-09,5,1,0.71449226,1,HIGH
2025-08-25,30,1,0.7219789,1,HIGH
2025-05-23,48,1,0.69414926,1,HIGH
2025-06-23,33,0,0.70339227,1,HIGH
2025-10-26,72,1,0.7052103,1,HIGH
2025-09-11,83,1,0.7535599,1,HIGH
2025-08-17,37,1,0.10732797,0,LOW
2025-02-28,31,0,0.06005266,0,LOW
2025-03-16,77,1,0.42809123,0,MEDIUM
2025-11-12,99,1,0.75573206,1,HIGH
2025-11-09,91,0,0.72490764,1,HIGH
2025-10-03,9,1,0.7962802,1,HIGH
2025-10-28,99,0,0.7316041,1,HIGH
2025-09-24,72,0,0.7296727,1,HIGH
2025-02-04,13,0,0.09346456,0,LOW
2025-01-04,84,0,0.1468195,0,LOW
2025-03-13,30,0,0.3856949,0,MEDIUM
2025-01-16,29,0,0.48456472,0,MEDIUM
2025-06-06,26,0,0.16525035,0,LOW
2025-08-21,33,0,0.7498485,1,HIGH
2025-09-11,70,0,0.7616861,1,HIGH
2025-05-03,21,1,0.67499834,1,HIGH
2025-11-16,39,1,0.69833773,1,HIGH
2025-10-17,23,1,0.7203975,1,HIGH
2025-04-11,95,0,0.14154826,0,LOW
2025-12-18,68,0,0.2922356,0,MEDIUM
2025-12-20,44,0,0.69318193,1,HIGH
2025-10-06,88,0,0.017302737,0,LOW
2025-10-30,37,0,0.04660059,0,LOW
2025-01-12,62,0,0.08500075,0,LOW
2025-08-22,9,1,0.75498956,1,HIGH
2025-05-28,20,0,0.736893,1,HIGH
2025-10-01,28,1,0.7724569,1,HIGH
2025-07-08,46,1,0.71941024,1,HIGH
2025-09-15,72,1,0.732638,1,HIGH
2025-08-16,3,0,0.7605113,1,HIGH
2025-03-04,50,1,0.039947044,0,LOW
2025-11-17,10,1,0.7153464,1,HIGH
2025-10-30,56,1,0.713719,1,HIGH
2025-01-20,26,0,0.057626106,0,LOW
2025-09-12,79,1,0.7455683,1,HIGH
2025-03-02,88,0,0.037808057,0,LOW
2025-03-25,99,0,0.113573775,0,LOW
2025-10-03,92,0,0.55674434,1,HIGH
2025-07-07,64,0,0.7619333,1,HIGH
2025-02-04,43,0,0.12198639,0,LOW
2025-06-10,52,0,0.30218327,0,MEDIUM
2025-06-10,83,0,0.65886426,1,HIGH
2025-07-22,86,0,0.26719853,0,MEDIUM
2025-02-16,47,0,0.051790796,0,LOW
2025-03-20,80,0,0.17784345,0,LOW
2025-11-16,94,0,0.09271742,0,LOW
2025-02-17,83,0,0.048381306,0,LOW
2025-04-17,86,0,0.046786513,0,LOW
2025-11-02,88,1,0.12797289,0,LOW
2025-02-11,85,0,0.06771627,0,LOW
2025-03-05,36,0,0.17455225,0,LOW
2025-03-08,32,0,0.13077684,0,LOW
2025-11-08,100,0,0.748793,1,HIGH
2025-05-20,41,0,0.071322195,0,LOW
2025-03-14,59,1,0.657777,1,HIGH
2025-10-16,53,1,0.6794049,1,HIGH
2025-10-16,60,0,0.7430374,1,HIGH
2025-08-05,55,1,0.74101967,1,HIGH
2025-11-09,7,1,0.7319166,1,HIGH
2025-08-02,20,0,0.77305996,1,HIGH
2025-06-13,63,0,0.7384255,1,HIGH
2025-10-18,31,1,0.666672,1,HIGH
2025-09-11,54,1,0.7715742,1,HIGH
2025-12-03,88,0,0.0642803,0,LOW
2025-10-31,38,1,0.5737423,1,HIGH
2025-03-11,84,0,0.12901,0,LOW
2025-09-25,55,1,0.77827924,1,HIGH
2025-06-01,49,0,0.73705566,1,HIGH
2025-06-16,15,0,0.09203489,0,LOW
2025-06-05,12,0,0.45571083,0,MEDIUM
2025-01-21,56,0,0.09915462,0,LOW
2025-10-19,87,0,0.74142253,1,HIGH
2025-01-19,33,0,0.0762248,0,LOW
2025-02-17,20,0,0.20747282,0,MEDIUM
2025-10-11,88,0,0.03147171,0,LOW
2025-08-26,23,0,0.78013587,1,HIGH
2025-09-18,20,0,0.73692054,1,HIGH
2025-03-25,2,1,0.49743643,0,MEDIUM
2025-06-12,70,1,0.78051925,1,HIGH
2025-09-22,82,0,0.11292068,0,LOW
2025-03-09,20,0,0.16813432,0,LOW
2025-07-07,78,1,0.70773363,1,HIGH
2025-02-16,36,0,0.10369856,0,LOW
2025-07-09,20,0,0.7403436,1,HIGH
2025-01-24,97,0,0.045734134,0,LOW
2025-11-16,89,1,0.7018586,1,HIGH
2025-04-06,63,0,0.6005858,1,HIGH
2025-02-02,31,0,0.21113649,0,MEDIUM
2025-11-25,2,0,0.68664664,1,HIGH
2025-09-19,6,0,0.7634949,1,HIGH
2025-01-04,81,0,0.027994996,0,LOW
2025-10-10,68,0,0.32861242,0,MEDIUM
2025-07-28,59,0,0.7640491,1,HIGH
2025-12-05,88,0,0.040172365,0,LOW
2025-10-03,8,1,0.744765,1,HIGH
2025-02-16,64,0,0.25726998,0,MEDIUM
2025-05-02,3,0,0.5602812,1,HIGH
2025-03-26,61,1,0.04557244,0,LOW
2025-08-13,34,0,0.041610505,0,LOW
2025-04-28,23,1,0.7707804,1,HIGH
2025-05-08,67,1,0.46537325,0,MEDIUM
2025-11-08,50,0,0.7491144,1,HIGH
2025-10-02,45,1,0.7213514,1,HIGH
2025-10-13,14,1,0.7443617,1,HIGH
2025-10-10,55,1,0.73490894,1,HIGH
2025-11-20,25,1,0.7661112,1,HIGH
2025-09-20,100,0,0.74327075,1,HIGH
2025-08-28,51,1,0.72261554,1,HIGH
2025-06-10,23,1,0.74736017,1,HIGH
2025-12-26,70,0,0.7110651,1,HIGH
2025-07-28,26,0,0.25253287,0,MEDIUM
2025-04-16,44,0,0.74131775,1,HIGH
2025-02-26,50,0,0.04707397,0,LOW
2025-10-12,76,0,0.7119891,1,HIGH
2025-01-22,61,0,0.06339056,0,LOW
2025-08-30,27,1,0.32702357,0,MEDIUM
2025-03-05,42,0,0.29794192,0,MEDIUM
2025-01-24,92,0,0.04831356,0,LOW
2025-05-24,57,1,0.7121467,1,HIGH
2025-01-31,5,0,0.19523951,0,LOW
2025-12-14,61,1,0.7650047,1,HIGH
2025-07-03,25,0,0.20585246,0,MEDIUM
2025-04-22,63,0,0.77568406,1,HIGH
2025-08-19,37,0,0.0114136515,0,LOW
2025-03-05,92,0,0.055658024,0,LOW
2025-06-22,43,0,0.64336616,1,HIGH
2025-10-13,35,0,0.7176562,1,HIGH
2025-01-05,72,0,0.13915692,0,LOW
2025-08-16,7,1,0.76256174,1,HIGH
2025-09-07,33,1,0.7337203,1,HIGH
2025-11-17,23,0,0.54204196,1,HIGH
2025-11-02,11,0,0.72510266,1,HIGH
2025-08-01,46,0,0.74359506,1,HIGH
2025-01-10,74,0,0.25565222,0,MEDIUM
2025-10-20,68,0,0.0873705,0,LOW
2025-10-15,26,1,0.71721786,1,HIGH
2025-04-22,97,0,0.03213799,0,LOW
2025-10-14,28,0,0.7481634,1,HIGH
2025-09-27,71,0,0.048537727,0,LOW
2025-11-13,56,1,0.7278897,1,HIGH
2025-03-04,22,0,0.042950023,0,LOW
2025-04-05,34,0,0.07885163,0,LOW
2025-01-06,77,0,0.06355459,0,LOW
2025-01-29,60,0,0.22429107,0,MEDIUM
2025-07-04,38,0,0.06502156,0,LOW
2025-12-04,47,1,0.11961727,0,LOW
2025-01-17,96,0,0.07576038,0,LOW
2025-01-22,19,0,0.027094536,0,LOW
2025-09-11,24,0,0.7730473,1,HIGH
2025-07-07,94,0,0.03853081,0,LOW
2025-03-31,52,0,0.058011606,0,LOW
2025-07-30,68,0,0.024129907,0,LOW
2025-08-30,30,1,0.7304417,1,HIGH
2025-10-27,92,0,0.71339405,1,HIGH
2025-01-03,81,1,0.034426,0,LOW
2025-09-09,70,1,0.7662589,1,HIGH
2025-04-29,59,1,0.7809773,1,HIGH
2025-08-08,79,1,0.76405823,1,HIGH
2025-12-14,19,0,0.7581135,1,HIGH
2025-04-14,52,0,0.10623339,0,LOW
2025-04-28,48,1,0.64142907,1,HIGH
2025-07-11,53,0,0.1381285,0,LOW
2025-08-29,57,1,0.7247745,1,HIGH
2025-08-30,1,1,0.75370675,1,HIGH
2025-01-26,45,0,0.029808886,0,LOW
2025-11-18,98,1,0.71089643,1,HIGH
2025-02-15,46,0,0.09850054,0,LOW
2025-03-15,60,0,0.06163792,0,LOW
2025-03-12,64,1,0.36413813,0,MEDIUM
2025-11-18,80,1,0.780821,1,HIGH
2025-04-19,6,0,0.05959905,0,LOW
2025-09-07,86,1,0.70840484,1,HIGH
2025-01-21,91,0,0.10576807,0,LOW
2025-05-21,28,0,0.24498363,0,MEDIUM
2025-08-20,43,1,0.76225287,1,HIGH
2025-12-04,92,1,0.7046989,1,HIGH
2025-09-15,96,1,0.71715033,1,HIGH
2025-10-02,67,0,0.75396323,1,HIGH
2025-04-07,76,0,0.06589512,0,LOW
2025-06-09,42,1,0.76684505,1,HIGH
2025-07-31,27,0,0.108441696,0,LOW
2025-06-03,32,0,0.2758626,0,MEDIUM
2025-12-08,81,1,0.69185525,1,HIGH
2025-06-29,45,0,0.29469576,0,MEDIUM
2025-11-17,62,0,0.7358791,1,HIGH
2025-10-05,7,1,0.75861394,1,HIGH
2025-04-23,61,0,0.050596982,0,LOW
2025-08-25,62,0,0.7276587,1,HIGH
2025-05-07,48,1,0.67606413,1,HIGH
2025-07-30,62,1,0.76321685,1,HIGH
2025-07-28,98,1,0.6964446,1,HIGH
2025-11-22,14,1,0.7515089,1,HIGH
2025-02-24,39,0,0.2165103,0,MEDIUM
2025-06-06,73,0,0.027020454,0,LOW
2025-02-20,10,0,0.18251643,0,LOW
2025-05-09,47,0,0.033935703,0,LOW
2025-12-05,91,0,0.50209975,1,HIGH
2025-10-06,17,0,0.100460514,0,LOW
2025-11-10,71,0,0.12069106,0,LOW
2025-05-25,57,0,0.7460248,1,HIGH
2025-06-13,11,1,0.7579235,1,HIGH
2025-10-16,94,0,0.05292988,0,LOW
2025-03-31,56,1,0.75115085,1,HIGH
2025-05-20,71,0,0.03327806,0,LOW
2025-03-25,100,0,0.10718371,0,LOW
2025-11-04,91,1,0.73158985,1,HIGH
2025-02-07,7,0,0.12776518,0,LOW
2025-02-14,25,0,0.07654445,0,LOW
2025-12-15,7,0,0.685407,1,HIGH
2025-06-23,96,0,0.7134706,1,HIGH
2025-07-14,82,0,0.027037146,0,LOW
2025-01-23,18,0,0.46905506,0,MEDIUM
2025-10-20,35,1,0.72737515,1,HIGH
2025-06-09,34,0,0.02673651,0,LOW
2025-09-05,78,1,0.7410353,1,HIGH
2025-12-07,76,1,0.7753937,1,HIGH
2025-09-03,25,1,0.7388907,1,HIGH
2025-11-13,40,1,0.73058707,1,HIGH
2025-03-11,34,0,0.021393696,0,LOW
2025-05-29,52,0,0.3123809,0,MEDIUM
2025-05-11,52,0,0.41174582,0,MEDIUM
2025-06-12,53,0,0.1606475,0,LOW
2025-04-29,61,0,0.09578882,0,LOW
2025-12-09,84,1,0.7683478,1,HIGH
2025-09-30,48,0,0.7553084,1,HIGH
2025-11-17,46,1,0.77653056,1,HIGH
2025-08-25,52,1,0.7461361,1,HIGH
2025-12-11,60,1,0.6974945,1,HIGH
2025-01-30,86,0,0.046994433,0,LOW
2025-12-01,41,1,0.75177974,1,HIGH
2025-12-12,20,1,0.6683268,1,HIGH
2025-01-03,76,0,0.046029843,0,LOW
2025-08-31,38,0,0.14763445,0,LOW
2025-04-10,65,0,0.1159528,0,LOW
2025-05-30,24,1,0.7053537,1,HIGH
2025-09-23,7,1,0.7634615,1,HIGH
2025-09-24,41,1,0.473214,0,MEDIUM
2025-09-15,79,1,0.7350883,1,HIGH
2025-04-25,20,1,0.6756287,1,HIGH
2025-11-20,22,0,0.19854455,0,LOW
2025-04-14,26,0,0.05306894,0,LOW
2025-01-09,29,0,0.23522738,0,MEDIUM
2025-07-24,98,0,0.63850063,1,HIGH
2025-03-06,76,0,0.048185166,0,LOW
2025-02-03,66,0,0.13946263,0,LOW
2025-10-07,43,1,0.7570125,1,HIGH
2025-12-15,13,0,0.7495405,1,HIGH
2025-11-22,67,1,0.7251828,1,HIGH
2025-03-13,19,0,0.07248565,0,LOW
2025-10-02,19,0,0.34524435,0,MEDIUM
2025-11-07,40,1,0.75582224,1,HIGH
2025-07-01,58,0,0.14413944,0,LOW
2025-06-05,17,0,0.070242696,0,LOW
2025-11-01,85,1,0.7284902,1,HIGH
2025-05-17,53,0,0.06501471,0,LOW
2025-07-16,93,0,0.7338268,1,HIGH
2025-11-28,73,0,0.06635225,0,LOW
2025-03-20,30,0,0.17739314,0,LOW
2025-10-03,60,0,0.76025605,1,HIGH
2025-07-18,37,0,0.03356907,0,LOW
2025-08-05,35,0,0.7426134,1,HIGH
2025-11-19,57,0,0.85246277,1,HIGH
2025-11-13,2,1,0.66645455,1,HIGH
2025-03-11,58,0,0.08974206,0,LOW
2025-08-26,91,1,0.745917,1,HIGH
2025-06-14,63,0,0.71961045,1,HIGH
2025-06-09,45,0,0.10406642,0,LOW
2025-05-16,87,0,0.21972656,0,MEDIUM
2025-03-28,39,1,0.5948306,1,HIGH
2025-12-14,12,0,0.75099355,1,HIGH
2025-08-07,76,0,0.15517895,0,LOW
2025-08-19,66,0,0.75239545,1,HIGH
2025-03-30,3,0,0.13892859,0,LOW
2025-05-05,43,0,0.29898596,0,MEDIUM
2025-07-03,53,0,0.21498725,0,MEDIUM
2025-11-26,84,0,0.7416484,1,HIGH
2025-10-29,75,0,0.26442462,0,MEDIUM
2025-05-13,29,0,0.7693801,1,HIGH
2025-04-30,42,0,0.57703644,1,HIGH
2025-04-16,28,0,0.20099767,0,MEDIUM
2025-01-07,81,0,0.028853258,0,LOW
2025-04-02,53,0,0.043562755,0,LOW
2025-05-10,34,0,0.018221177,0,LOW
2025-07-20,85,1,0.42363054,0,MEDIUM
2025-09-05,72,0,0.7454771,1,HIGH
2025-01-26,60,0,0.06331232,0,LOW
2025-10-08,88,0,0.028839558,0,LOW
2025-07-17,16,0,0.06416676,0,LOW
2025-08-19,35,0,0.74321294,1,HIGH
2025-05-03,11,1,0.7152563,1,HIGH
2025-02-25,58,0,0.034868367,0,LOW
2025-10-18,73,0,0.07025143,0,LOW
2025-06-29,57,1,0.7532255,1,HIGH
2025-08-07,43,1,0.726154,1,HIGH
2025-05-30,61,0,0.08939863,0,LOW
2025-02-23,85,0,0.0663338,0,LOW
2025-11-22,4,1,0.70333636,1,HIGH
2025-09-28,72,1,0.77725387,1,HIGH
2025-11-06,74,0,0.77337456,1,HIGH
2025-09-24,91,1,0.7424233,1,HIGH
2025-11-23,2,1,0.63588405,1,HIGH
2025-10-22,35,1,0.6983176,1,HIGH
2025-01-05,75,0,0.02492643,0,LOW
2025-10-04,48,1,0.74084,1,HIGH
2025-12-16,73,0,0.057622995,0,LOW
2025-12-30,1,1,0.6294001,1,HIGH
2025-02-08,75,0,0.023431236,0,LOW
2025-12-27,38,1,0.7382638,1,HIGH
2025-04-22,10,0,0.6673136,1,HIGH
2025-05-07,41,0,0.03724095,0,LOW
2025-11-27,33,0,0.7368784,1,HIGH
2025-03-18,5,0,0.11138709,0,LOW
2025-11-18,77,1,0.7930005,1,HIGH
2025-01-24,17,0,0.06799615,0,LOW
2025-08-02,66,1,0.7591194,1,HIGH
2025-07-27,8,0,0.54491305,1,HIGH
2025-10-17,82,0,0.15215166,0,LOW
2025-09-16,77,0,0.7350224,1,HIGH
2025-01-31,75,0,0.07465661,0,LOW
2025-07-31,56,0,0.76355195,1,HIGH
2025-11-14,90,0,0.6788821,1,HIGH
2025-06-21,42,0,0.72725916,1,HIGH
2025-12-26,73,0,0.06416797,0,LOW
2025-07-21,95,0,0.6752376,1,HIGH
2025-11-07,12,1,0.74414295,1,HIGH
2025-11-03,93,1,0.69944865,1,HIGH
2025-03-01,31,0,0.045899756,0,LOW
2025-05-15,83,0,0.20215428,0,MEDIUM
2025-05-16,80,1,0.6372492,1,HIGH
2025-11-29,21,0,0.6507671,1,HIGH
2025-01-12,96,1,0.26582617,0,MEDIUM
2025-05-06,7,1,0.454613,0,MEDIUM
2025-08-18,22,0,0.04019608,0,LOW
2025-06-29,7,0,0.77144873,1,HIGH
2025-03-01,20,0,0.07525292,0,LOW
2025-02-16,38,0,0.032078143,0,LOW
2025-05-22,82,0,0.041431315,0,LOW
2025-06-14,32,0,0.2987921,0,MEDIUM
2025-07-02,92,0,0.27480453,0,MEDIUM
2025-12-09,30,1,0.72772145,1,HIGH
2025-05-02,65,0,0.12295862,0,LOW
2025-01-01,81,0,0.036286164,0,LOW
2025-05-08,20,0,0.72971594,1,HIGH
2025-06-16,98,0,0.1541547,0,LOW
2025-01-19,76,1,0.018660681,0,LOW
2025-03-10,59,0,0.45569646,0,MEDIUM
2025-05-20,85,0,0.12927648,0,LOW
2025-12-30,77,0,0.7385588,1,HIGH
2025-04-28,22,0,0.04273033,0,LOW
2025-09-22,91,1,0.7368597,1,HIGH
2025-06-09,32,0,0.28899026,0,MEDIUM
2025-09-22,17,0,0.059206173,0,LOW
2025-11-08,17,0,0.13255274,0,LOW
2025-08-20,21,1,0.73289025,1,HIGH
2025-11-18,12,1,0.74823064,1,HIGH
2025-10-13,68,0,0.07956886,0,LOW
2025-09-10,22,0,0.081221886,0,LOW
2025-08-14,58,0,0.47446412,0,MEDIUM
2025-10-16,23,0,0.7169998,1,HIGH
2025-01-06,83,0,0.052453507,0,LOW
2025-06-23,77,1,0.7630517,1,HIGH
2025-07-13,73,0,0.033327915,0,LOW
2025-01-10,86,0,0.061187938,0,LOW
2025-05-12,61,0,0.117727935,0,LOW
2025-04-06,52,0,0.12264282,0,LOW
2025-12-23,58,0,0.7774972,1,HIGH
2025-05-01,95,0,0.27125466,0,MEDIUM
2025-08-29,81,0,0.14878175,0,LOW
2025-02-06,11,0,0.079761766,0,LOW
2025-12-03,10,1,0.7727009,1,HIGH
2025-10-30,19,1,0.548291,1,HIGH
2025-07-01,72,0,0.72513765,1,HIGH
2025-03-30,52,0,0.07638176,0,LOW
2025-02-22,90,0,0.30896586,0,MEDIUM
2025-09-11,50,1,0.7134042,1,HIGH
2025-04-07,31,0,0.14867216,0,LOW
2025-11-14,28,1,0.75990707,1,HIGH
2025-12-15,94,0,0.06974894,0,LOW
2025-12-13,43,1,0.72464114,1,HIGH
2025-11-16,77,0,0.75789976,1,HIGH
2025-07-04,69,0,0.6569772,1,HIGH
2025-02-17,4,0,0.23791319,0,MEDIUM
2025-07-31,72,0,0.70641494,1,HIGH
2025-06-21,31,0,0.11903423,0,LOW
2025-09-05,23,1,0.74828106,1,HIGH
2025-02-23,14,0,0.048755363,0,LOW
2025-11-10,58,0,0.77640074,1,HIGH
2025-03-22,70,1,0.30030602,0,MEDIUM
2025-08-02,90,1,0.7414904,1,HIGH
2025-09-19,73,1,0.044019613,0,LOW
2025-06-08,29,1,0.7326172,1,HIGH
2025-02-04,6,0,0.07954142,0,LOW
2025-05-21,1,0,0.7613219,1,HIGH
2025-11-29,26,1,0.75144213,1,HIGH
2025-06-07,52,0,0.20805137,0,MEDIUM
2025-08-27,71,0,0.054821827,0,LOW
2025-08-12,7,1,0.75825197,1,HIGH
2025-04-19,31,0,0.078187525,0,LOW
2025-06-15,79,1,0.7703982,1,HIGH
2025-04-11,61,0,0.08157126,0,LOW
2025-05-22,91,0,0.7477275,1,HIGH
2025-01-16,85,0,0.032660242,0,LOW
2025-06-24,78,0,0.6415219,1,HIGH
2025-08-28,10,0,0.7451256,1,HIGH
2025-06-16,86,0,0.07385622,0,LOW
2025-01-22,56,0,0.17992719,0,LOW
2025-05-10,5,1,0.70192903,1,HIGH
2025-12-10,19,1,0.7670499,1,HIGH
2025-12-18,60,1,0.73029286,1,HIGH
2025-04-06,38,0,0.044689786,0,LOW
2025-07-05,15,0,0.11247778,0,LOW
2025-09-26,91,1,0.74976677,1,HIGH
2025-12-16,52,1,0.7541644,1,HIGH
2025-06-23,28,1,0.7186847,1,HIGH
2025-05-01,82,0,0.02845147,0,LOW
2025-08-24,80,0,0.76495653,1,HIGH
2025-06-30,66,0,0.7441392,1,HIGH
2025-04-25,92,0,0.09605343,0,LOW
2025-05-29,95,0,0.2747523,0,MEDIUM
2025-01-19,40,0,0.086328775,0,LOW
2025-01-07,97,0,0.02966491,0,LOW
2025-01-29,57,1,0.5302001,1,HIGH
2025-02-20,39,0,0.61412567,1,HIGH
2025-02-27,85,0,0.036736008,0,LOW
2025-11-08,26,1,0.75373703,1,HIGH
2025-06-20,49,1,0.72095346,1,HIGH
2025-12-31,35,1,0.83635485,1,HIGH
2025-11-21,75,1,0.46595955,0,MEDIUM
2025-10-24,91,1,0.6952279,1,HIGH
2025-07-15,53,1,0.30943647,0,MEDIUM
2025-12-04,74,0,0.74843514,1,HIGH
2025-08-01,12,1,0.738429,1,HIGH
2025-08-09,30,1,0.6211396,1,HIGH
2025-09-16,51,1,0.74817944,1,HIGH
2025-04-09,85,0,0.097566165,0,LOW
2025-11-23,29,0,0.7323963,1,HIGH
2025-04-06,67,0,0.16963366,0,LOW
2025-10-17,77,0,0.73739535,1,HIGH
2025-03-17,46,0,0.28383324,0,MEDIUM
2025-11-18,1,0,0.740874,1,HIGH
2025-03-12,44,1,0.64083564,1,HIGH
2025-10-03,40,1,0.76073754,1,HIGH
2025-07-02,80,0,0.7413441,1,HIGH
2025-10-02,95,1,0.7595268,1,HIGH
2025-09-11,62,0,0.75693446,1,HIGH
2025-11-06,90,0,0.74463826,1,HIGH
2025-03-28,16,0,0.2689659,0,MEDIUM
2025-04-29,74,1,0.22043064,0,MEDIUM
2025-02-12,87,0,0.3366204,0,MEDIUM
2025-02-20,93,0,0.14814675,0,LOW
2025-01-19,87,0,0.044045884,0,LOW
2025-09-16,85,0,0.6933732,1,HIGH
2025-05-19,29,1,0.71223915,1,HIGH
2025-10-21,74,0,0.7443468,1,HIGH
2025-10-16,22,0,0.09540739,0,LOW
2025-03-31,81,0,0.030914443,0,LOW
2025-03-02,41,0,0.058829337,0,LOW
2025-09-21,87,1,0.73065794,1,HIGH
2025-06-01,61,1,0.117868304,0,LOW
2025-01-18,87,0,0.07127816,0,LOW
2025-05-05,16,0,0.038551,0,LOW
2025-09-30,49,0,0.7420385,1,HIGH
2025-11-06,10,0,0.7187487,1,HIGH
2025-12-14,42,0,0.6713654,1,HIGH
2025-04-05,95,0,0.18645516,0,LOW
2025-01-22,9,1,0.19226664,0,LOW
2025-08-26,5,0,0.7297402,1,HIGH
2025-11-15,32,0,0.75483507,1,HIGH
2025-11-26,67,0,0.6911967,1,HIGH
2025-06-17,96,1,0.72877085,1,HIGH
2025-10-15,23,1,0.7441451,1,HIGH
2025-11-23,81,1,0.62880874,1,HIGH
2025-07-28,90,1,0.7486651,1,HIGH
2025-11-26,100,1,0.77842903,1,HIGH
2025-01-17,35,1,0.4312564,0,MEDIUM
2025-04-26,58,0,0.07809303,0,LOW
2025-10-29,5,1,0.7306821,1,HIGH
2025-05-23,23,0,0.63151795,1,HIGH
2025-01-23,58,0,0.09222923,0,LOW
2025-07-15,73,0,0.04201378,0,LOW
2025-05-02,52,0,0.32720715,0,MEDIUM
2025-03-09,47,0,0.011182917,0,LOW
2025-02-16,13,0,0.062528625,0,LOW
2025-02-19,10,0,0.34654593,0,MEDIUM
2025-11-06,25,1,0.7616084,1,HIGH
2025-01-05,98,0,0.17991091,0,LOW
2025-11-28,38,1,0.7026532,1,HIGH
2025-11-07,97,1,0.72210294,1,HIGH
2025-08-17,95,1,0.7310149,1,HIGH
2025-11-15,10,1,0.7428154,1,HIGH
2025-05-31,2,1,0.7577758,1,HIGH
2025-11-13,43,1,0.73985255,1,HIGH
2025-01-27,28,0,0.21242973,0,MEDIUM
2025-02-20,11,0,0.19885816,0,LOW
2025-02-04,12,0,0.031944647,0,LOW
2025-11-04,94,0,0.11578691,0,LOW
2025-05-22,5,1,0.7310081,1,HIGH
2025-10-12,48,1,0.75709105,1,HIGH
2025-11-30,60,1,0.7044407,1,HIGH
2025-02-10,7,0,0.15197518,0,LOW
2025-03-08,40,0,0.4640568,0,MEDIUM
2025-04-10,2,0,0.5404307,1,HIGH
2025-01-14,56,0,0.06414323,0,LOW
2025-08-30,83,1,0.7456365,1,HIGH
2025-09-13,89,0,0.14929399,0,LOW
2025-03-01,7,0,0.11614455,0,LOW
2025-11-24,72,0,0.67536867,1,HIGH
2025-03-10,30,0,0.15021183,0,LOW
2025-10-22,42,0,0.7298649,1,HIGH
2025-05-15,39,1,0.71733415,1,HIGH
2025-03-24,98,0,0.14013489,0,LOW
2025-07-16,49,1,0.6885779,1,HIGH
2025-10-31,80,1,0.7728792,1,HIGH
2025-11-26,13,1,0.7513937,1,HIGH
2025-03-03,62,0,0.1328492,0,LOW
2025-12-26,54,1,0.70376855,1,HIGH
2025-07-06,28,1,0.68867236,1,HIGH
2025-03-15,39,1,0.40151188,0,MEDIUM
2025-08-15,27,1,0.111330085,0,LOW
2025-04-14,9,1,0.72418547,1,HIGH
2025-11-25,66,1,0.7160375,1,HIGH
2025-03-11,88,0,0.037105475,0,LOW
2025-02-25,59,1,0.3398991,0,MEDIUM
2025-04-26,80,0,0.4195447,0,MEDIUM
2025-04-21,43,1,0.1424324,0,LOW
2025-10-19,5,1,0.7472132,1,HIGH
2025-06-29,20,1,0.7353108,1,HIGH
2025-11-09,22,0,0.2296036,0,MEDIUM
2025-06-17,56,1,0.7797846,1,HIGH
2025-02-17,98,0,0.036293887,0,LOW
2025-07-11,17,0,0.036440276,0,LOW
2025-03-12,98,0,0.08660038,0,LOW
2025-06-07,2,1,0.72799546,1,HIGH
2025-10-05,51,1,0.75398415,1,HIGH
2025-03-07,53,0,0.08153625,0,LOW
2025-11-19,4,1,0.70869756,1,HIGH
2025-01-12,97,0,0.036793303,0,LOW
2025-11-27,95,1,0.7514805,1,HIGH
2025-07-09,58,0,0.16924182,0,LOW
2025-01-15,92,0,0.036590736,0,LOW
2025-04-08,47,0,0.07124886,0,LOW
2025-03-26,14,0,0.085098006,0,LOW
2025-06-25,86,0,0.091217786,0,LOW
2025-05-27,100,0,0.2598063,0,MEDIUM
2025-05-18,63,1,0.7209585,1,HIGH
2025-02-19,75,0,0.024410563,0,LOW
2025-05-31,88,0,0.039745364,0,LOW
2025-02-18,72,0,0.10439741,0,LOW
2025-10-27,54,0,0.74481744,1,HIGH
2025-03-16,68,0,0.039290387,0,LOW
2025-09-14,85,1,0.70393175,1,HIGH
2025-08-01,83,1,0.7871048,1,HIGH
2025-12-04,69,1,0.80148417,1,HIGH
2025-04-03,99,0,0.109999806,0,LOW
2025-09-16,57,1,0.71980405,1,HIGH
2025-05-13,63,1,0.72826314,1,HIGH
2025-08-13,16,0,0.04979739,0,LOW
2025-04-09,51,0,0.10717315,0,LOW
2025-05-15,35,1,0.70934826,1,HIGH
2025-11-26,8,1,0.76531714,1,HIGH
2025-06-24,27,0,0.08725988,0,LOW
2025-02-23,88,0,0.03755281,0,LOW
2025-07-13,25,0,0.54363394,1,HIGH
2025-12-09,74,1,0.7686105,1,HIGH
2025-06-14,48,1,0.71459633,1,HIGH
2025-01-24,100,0,0.031059384,0,LOW
2025-05-21,83,1,0.5956353,1,HIGH
2025-03-18,12,0,0.24807969,0,MEDIUM
2025-04-26,86,0,0.0858627,0,LOW
2025-02-03,30,0,0.0777726,0,LOW
2025-06-09,97,0,0.07113992,0,LOW
2025-07-31,5,1,0.7628007,1,HIGH
2025-07-28,14,0,0.14682864,0,LOW
2025-02-22,85,0,0.17043883,0,LOW
2025-09-11,73,0,0.047397207,0,LOW
2025-04-17,41,0,0.098130144,0,LOW
2025-10-05,74,0,0.7391903,1,HIGH
2025-12-16,77,1,0.86699843,1,HIGH
2025-10-17,94,0,0.052668747,0,LOW
2025-04-02,90,0,0.67541915,1,HIGH
2025-01-18,60,0,0.061982058,0,LOW
2025-10-09,20,1,0.7702827,1,HIGH
2025-12-17,46,0,0.66568667,1,HIGH
2025-06-01,17,0,0.025970267,0,LOW
2025-07-24,96,1,0.7195826,1,HIGH
2025-09-15,37,0,0.051349506,0,LOW
2025-10-01,94,0,0.050336823,0,LOW
2025-07-19,56,1,0.7389087,1,HIGH
2025-12-04,14,0,0.78379923,1,HIGH
2025-02-19,73,0,0.012712411,0,LOW
2025-05-15,36,1,0.71715486,1,HIGH
2025-04-14,89,0,0.150163,0,LOW
2025-03-16,78,1,0.11039001,0,LOW
2025-11-30,25,0,0.77770996,1,HIGH
2025-12-17,65,1,0.74389803,1,HIGH
2025-02-15,75,0,0.046865113,0,LOW
2025-06-24,71,0,0.109971404,0,LOW
2025-08-29,2,1,0.73416036,1,HIGH
2025-05-12,46,0,0.68044597,1,HIGH
2025-01-26,96,0,0.11312524,0,LOW
2025-10-27,30,0,0.68122685,1,HIGH
2025-04-28,14,0,0.11648846,0,LOW
2025-10-08,61,0,0.35187963,0,MEDIUM
2025-10-24,92,1,0.71897304,1,HIGH
2025-10-19,51,1,0.7311268,1,HIGH
2025-03-17,3,0,0.16561995,0,LOW
2025-07-13,53,0,0.14386652,0,LOW
2025-03-28,58,0,0.105009325,0,LOW
2025-09-11,85,0,0.7416858,1,HIGH
2025-03-19,11,0,0.5278586,1,HIGH
2025-03-13,78,0,0.12895171,0,LOW
2025-11-22,59,1,0.7837877,1,HIGH
2025-09-24,9,1,0.7566747,1,HIGH
2025-12-19,43,0,0.6967529,1,HIGH
2025-01-18,69,0,0.25135344,0,MEDIUM
2025-01-02,47,0,0.041434724,0,LOW
2025-07-09,47,0,0.10216265,0,LOW
2025-08-16,43,1,0.74382627,1,HIGH
2025-12-26,96,1,0.6664186,1,HIGH
2025-08-01,35,0,0.7489604,1,HIGH
2025-06-18,1,1,0.7451762,1,HIGH
2025-05-30,35,0,0.7201301,1,HIGH
2025-02-26,35,1,0.7553058,1,HIGH
2025-07-11,5,1,0.7600598,1,HIGH
2025-07-21,2,1,0.74709153,1,HIGH
2025-02-16,57,0,0.6813633,1,HIGH
2025-04-18,33,1,0.74577975,1,HIGH
2025-01-23,91,0,0.12782432,0,LOW
2025-09-11,19,0,0.2396732,0,MEDIUM
2025-01-12,48,0,0.061909746,0,LOW
2025-11-16,90,1,0.7236871,1,HIGH
2025-10-12,38,1,0.33236253,0,MEDIUM
2025-07-24,77,0,0.7787475,1,HIGH
2025-12-11,80,1,0.7238891,1,HIGH
2025-07-29,52,0,0.69029325,1,HIGH
2025-05-08,72,0,0.70105016,1,HIGH
2025-10-05,91,0,0.75305307,1,HIGH
2025-11-21,1,0,0.71002924,1,HIGH
2025-07-01,78,0,0.6754142,1,HIGH
2025-08-07,79,0,0.7570847,1,HIGH
2025-06-25,100,0,0.24164283,0,MEDIUM
2025-11-30,2,0,0.6981328,1,HIGH
2025-09-30,6,1,0.7556203,1,HIGH
2025-01-30,25,0,0.09975873,0,LOW
2025-11-18,81,0,0.7362387,1,HIGH
2025-05-29,83,0,0.42008817,0,MEDIUM
2025-09-17,46,1,0.7622926,1,HIGH
2025-08-11,67,1,0.7349575,1,HIGH
2025-03-23,78,0,0.09151818,0,LOW
2025-05-01,68,0,0.051070534,0,LOW
2025-05-22,61,0,0.057585053,0,LOW
2025-07-16,8,0,0.30937615,0,MEDIUM
2025-04-29,78,0,0.21819448,0,MEDIUM
2025-01-14,87,0,0.109351575,0,LOW
2025-04-03,65,0,0.15820482,0,LOW
2025-05-24,28,0,0.18139993,0,LOW
2025-11-07,45,1,0.77021223,1,HIGH
2025-10-18,29,1,0.6697411,1,HIGH
2025-05-28,24,0,0.75508165,1,HIGH
2025-09-24,18,1,0.72963446,1,HIGH
2025-12-03,34,0,0.10293755,0,LOW
2025-08-02,9,1,0.75253874,1,HIGH
2025-06-29,96,1,0.7521097,1,HIGH
2025-12-18,89,0,0.7292971,1,HIGH
2025-07-21,94,0,0.04583122,0,LOW
2025-04-21,86,0,0.104975834,0,LOW
2025-09-15,15,1,0.72931856,1,HIGH
2025-12-28,14,0,0.7225021,1,HIGH
2025-08-22,84,0,0.21742448,0,MEDIUM
2025-10-10,49,0,0.7429797,1,HIGH
2025-05-27,14,0,0.1621262,0,LOW
2025-10-07,42,1,0.7703104,1,HIGH
2025-10-16,83,1,0.7656589,1,HIGH
2025-04-18,18,1,0.78536886,1,HIGH
2025-02-28,59,0,0.52448136,1,HIGH
2025-08-21,15,1,0.6807537,1,HIGH
2025-03-03,30,0,0.16870122,0,LOW
2025-12-02,93,1,0.69900006,1,HIGH
2025-07-29,8,0,0.47587886,0,MEDIUM
2025-05-20,48,1,0.58973575,1,HIGH
2025-03-25,85,0,0.09249942,0,LOW
2025-02-21,52,0,0.03082146,0,LOW
2025-09-20,47,0,0.06506417,0,LOW
2025-01-27,79,0,0.16054256,0,LOW
2025-07-01,97,0,0.0887998,0,LOW
2025-10-28,94,0,0.045074902,0,LOW
2025-08-09,96,0,0.7204804,1,HIGH
2025-03-20,45,0,0.09061056,0,LOW
2025-07-19,51,0,0.66959256,1,HIGH
2025-12-23,10,0,0.7583625,1,HIGH
2025-12-15,67,1,0.64178604,1,HIGH
2025-09-08,72,1,0.76044536,1,HIGH
2025-10-22,3,1,0.77367955,1,HIGH
2025-09-04,86,1,0.7183999,1,HIGH
2025-06-17,15,0,0.108502544,0,LOW
2025-03-31,12,0,0.092604764,0,LOW
2025-08-27,47,0,0.06407362,0,LOW
2025-10-08,45,0,0.7387357,1,HIGH
2025-09-19,33,1,0.7538675,1,HIGH
2025-06-12,45,0,0.37810907,0,MEDIUM
2025-08-08,16,0,0.080781825,0,LOW
2025-05-25,34,0,0.055413328,0,LOW
2025-10-13,74,1,0.7424896,1,HIGH
2025-11-15,68,0,0.18680987,0,LOW
2025-08-25,14,0,0.37495148,0,MEDIUM
2025-03-15,40,0,0.14556898,0,LOW
2025-07-31,98,0,0.6844377,1,HIGH
2025-07-01,62,0,0.74151593,1,HIGH
2025-02-18,19,0,0.019966155,0,LOW
2025-03-05,30,0,0.27180094,0,MEDIUM
2025-09-12,37,0,0.046337023,0,LOW
2025-02-13,3,0,0.09885623,0,LOW
2025-07-15,41,0,0.1272547,0,LOW
2025-05-11,19,0,0.09356129,0,LOW
2025-01-24,56,0,0.053883094,0,LOW
2025-06-07,79,1,0.7443135,1,HIGH
2025-01-26,57,1,0.4743886,0,MEDIUM
2025-10-03,88,0,0.02398541,0,LOW
2025-07-30,21,1,0.7324781,1,HIGH
2025-09-14,56,1,0.71472996,1,HIGH
2025-04-27,7,0,0.26507792,0,MEDIUM
2025-04-21,32,0,0.09813767,0,LOW
2025-01-24,30,0,0.21794185,0,MEDIUM
2025-03-04,7,0,0.13043568,0,LOW
2025-05-02,90,0,0.7303106,1,HIGH
2025-01-04,17,0,0.042414732,0,LOW
2025-04-01,97,0,0.047975134,0,LOW
2025-03-17,24,0,0.066139184,0,LOW
2025-09-11,96,1,0.763759,1,HIGH
2025-10-19,31,0,0.7255193,1,HIGH
2025-07-21,45,0,0.27384514,0,MEDIUM
2025-04-19,11,0,0.74276036,1,HIGH
2025-10-29,13,1,0.74111664,1,HIGH
2025-12-20,96,0,0.71941817,1,HIGH
2025-01-11,71,0,0.04776589,0,LOW
2025-03-04,18,0,0.27096227,0,MEDIUM
2025-02-02,54,0,0.11234157,0,LOW
2025-06-16,53,0,0.24142078,0,MEDIUM
2025-06-15,9,1,0.7630881,1,HIGH
2025-04-22,3,0,0.5124505,1,HIGH
2025-06-02,100,0,0.20520909,0,MEDIUM
2025-06-19,83,1,0.63858426,1,HIGH
2025-08-09,70,1,0.7460205,1,HIGH
2025-05-04,30,1,0.6773123,1,HIGH
2025-01-09,37,0,0.010525852,0,LOW
2025-07-17,8,0,0.4674226,0,MEDIUM
2025-03-25,61,0,0.041755047,0,LOW
2025-04-18,36,0,0.515709,1,HIGH
2025-06-04,71,0,0.03547693,0,LOW
2025-12-02,12,1,0.7620293,1,HIGH
2025-12-09,23,1,0.73080564,1,HIGH
2025-04-18,88,0,0.032739047,0,LOW
2025-08-14,71,0,0.03988862,0,LOW
2025-02-16,25,0,0.039633412,0,LOW
2025-07-28,17,0,0.034206457,0,LOW
2025-07-24,23,1,0.7515594,1,HIGH
2025-10-04,3,1,0.66054296,1,HIGH
2025-10-23,36,0,0.70635325,1,HIGH
2025-09-03,2,1,0.7195908,1,HIGH
2025-06-11,68,0,0.06748794,0,LOW
2025-11-22,91,0,0.7901854,1,HIGH
2025-10-30,62,1,0.60209227,1,HIGH
2025-10-22,60,1,0.7536075,1,HIGH
2025-11-23,65,0,0.75145125,1,HIGH
2025-07-10,57,0,0.6739511,1,HIGH
2025-12-05,84,0,0.78356785,1,HIGH
2025-01-08,11,0,0.13473335,0,LOW
2025-04-23,1,1,0.7343277,1,HIGH
2025-06-01,82,0,0.042928793,0,LOW
2025-03-21,10,0,0.7815396,1,HIGH
2025-12-22,50,0,0.7723179,1,HIGH
2025-05-31,91,1,0.7477503,1,HIGH
2025-05-28,43,0,0.47578537,0,MEDIUM
2025-01-21,37,0,0.033150315,0,LOW
2025-06-01,67,1,0.73211545,1,HIGH
2025-03-29,20,0,0.24571316,0,MEDIUM
2025-07-15,3,1,0.7266134,1,HIGH
2025-05-17,8,0,0.15200715,0,LOW
2025-10-03,58,1,0.7392676,1,HIGH
2025-02-18,75,0,0.030089362,0,LOW
2025-03-01,83,0,0.108985186,0,LOW
2025-04-11,82,0,0.030938309,0,LOW
2025-08-28,95,1,0.74743366,1,HIGH
2025-09-09,28,1,0.75516856,1,HIGH
2025-02-16,98,0,0.03535429,0,LOW
2025-09-27,75,0,0.15836245,0,LOW
2025-05-10,75,0,0.14742267,0,LOW
2025-11-02,99,0,0.73405284,1,HIGH
2025-12-06,100,1,0.73889285,1,HIGH
2025-11-09,47,0,0.0892618,0,LOW
2025-02-12,90,0,0.5162319,1,HIGH
2025-03-26,10,0,0.6734003,1,HIGH
2025-11-08,57,1,0.7429798,1,HIGH
2025-07-17,12,0,0.75263864,1,HIGH
2025-07-27,7,1,0.7445796,1,HIGH
2025-09-12,21,1,0.7579577,1,HIGH
2025-01-18,88,0,0.026198631,0,LOW
2025-03-14,100,0,0.066101834,0,LOW
2025-04-19,17,0,0.03239995,0,LOW
2025-04-27,83,0,0.26153958,0,MEDIUM
2025-01-08,25,0,0.019984325,0,LOW
2025-05-04,14,0,0.10295538,0,LOW
2025-04-22,58,0,0.078150496,0,LOW
2025-05-05,64,1,0.7513845,1,HIGH
2025-04-10,22,0,0.044646423,0,LOW
2025-05-16,78,0,0.29140046,0,MEDIUM
2025-09-26,79,1,0.7547781,1,HIGH
2025-05-26,11,1,0.7247751,1,HIGH
2025-01-01,18,0,0.15890038,0,LOW
2025-12-17,66,0,0.7457145,1,HIGH
2025-12-29,96,1,0.6871305,1,HIGH
2025-10-09,84,0,0.73821455,1,HIGH
2025-08-29,16,0,0.15360202,0,LOW
2025-09-13,86,1,0.74675184,1,HIGH
2025-07-05,53,0,0.25225565,0,MEDIUM
2025-10-01,30,0,0.76177764,1,HIGH
2025-12-28,67,0,0.67613554,1,HIGH
2025-12-02,57,0,0.86943644,1,HIGH
2025-05-02,100,0,0.072161086,0,LOW
2025-01-27,21,0,0.14235602,0,LOW
2025-12-03,87,0,0.7486121,1,HIGH
2025-08-22,43,1,0.7488328,1,HIGH
2025-11-28,57,1,0.8471977,1,HIGH
2025-10-26,98,1,0.7520614,1,HIGH
2025-09-20,83,0,0.7194355,1,HIGH
2025-05-11,98,0,0.2853848,0,MEDIUM
2025-01-14,92,0,0.038561754,0,LOW
2025-04-23,81,0,0.043020427,0,LOW
2025-08-12,56,1,0.74126804,1,HIGH
2025-09-15,81,0,0.30883795,0,MEDIUM
2025-05-30,63,0,0.74595875,1,HIGH
2025-06-20,21,1,0.7339146,1,HIGH
2025-10-21,46,1,0.7834184,1,HIGH
2025-12-18,84,0,0.7496531,1,HIGH
2025-02-25,15,0,0.05566906,0,LOW
2025-12-20,27,1,0.74951667,1,HIGH
2025-08-15,31,0,0.2708753,0,MEDIUM
2025-03-01,41,0,0.05065594,0,LOW
2025-06-08,7,1,0.71090245,1,HIGH
2025-09-08,48,1,0.7575797,1,HIGH
2025-08-05,43,1,0.75557595,1,HIGH
2025-01-30,63,0,0.14170785,0,LOW
2025-02-01,97,0,0.037679013,0,LOW
2025-02-23,87,0,0.16363835,0,LOW
2025-10-10,59,1,0.67857707,1,HIGH
2025-02-01,18,1,0.23636404,0,MEDIUM
2025-12-30,70,1,0.7257454,1,HIGH
2025-10-14,14,1,0.7355638,1,HIGH
2025-10-22,100,0,0.7404477,1,HIGH
2025-09-18,94,0,0.045353178,0,LOW
2025-04-01,27,0,0.1616946,0,LOW
2025-06-20,28,1,0.6829729,1,HIGH
2025-04-17,52,0,0.13953786,0,LOW
2025-01-30,89,1,0.028029064,0,LOW
2025-07-20,87,0,0.7814193,1,HIGH
2025-06-09,96,1,0.73752105,1,HIGH
2025-05-03,87,0,0.11673139,0,LOW
2025-05-08,58,0,0.057969663,0,LOW
2025-05-01,89,0,0.0839928,0,LOW
2025-04-21,92,0,0.059744038,0,LOW
2025-10-06,3,1,0.73566043,1,HIGH
2025-11-19,41,1,0.7316498,1,HIGH
2025-11-16,38,1,0.66972786,1,HIGH
2025-05-04,46,0,0.531679,1,HIGH
2025-07-03,71,0,0.023257501,0,LOW
2025-03-01,44,0,0.6447987,1,HIGH
2025-06-15,53,0,0.122529976,0,LOW
2025-12-17,29,1,0.8136412,1,HIGH
2025-08-06,45,1,0.5749229,1,HIGH
2025-08-27,89,0,0.15076698,0,LOW
2025-05-22,35,0,0.8065013,1,HIGH
2025-08-23,95,1,0.73307455,1,HIGH
2025-06-10,96,1,0.7032072,1,HIGH
2025-01-21,83,0,0.022060294,0,LOW
2025-12-03,44,1,0.7698601,1,HIGH
2025-04-27,5,0,0.71254146,1,HIGH
2025-07-23,42,1,0.74131024,1,HIGH
2025-05-07,89,0,0.031986594,0,LOW
2025-10-09,76,0,0.7302365,1,HIGH
2025-12-21,89,0,0.7958532,1,HIGH
2025-07-30,57,1,0.73073274,1,HIGH
2025-05-27,38,0,0.05292971,0,LOW
2025-12-08,49,1,0.7130856,1,HIGH
2025-03-24,9,0,0.71991974,1,HIGH
2025-10-27,44,1,0.5645892,1,HIGH
2025-10-17,27,0,0.69669443,1,HIGH
2025-06-07,33,0,0.73613226,1,HIGH
2025-09-20,65,1,0.74416476,1,HIGH
2025-02-11,92,0,0.04726155,0,LOW
2025-07-07,17,0,0.0358301,0,LOW
2025-03-24,17,0,0.25671983,0,MEDIUM
2025-09-23,43,0,0.76475644,1,HIGH
2025-01-18,38,0,0.016209379,0,LOW
2025-01-28,21,0,0.07425964,0,LOW
2025-01-02,26,0,0.044522937,0,LOW
2025-01-27,25,0,0.065283336,0,LOW
2025-04-23,62,0,0.68990856,1,HIGH
2025-10-04,52,1,0.75710595,1,HIGH
2025-03-04,1,0,0.23072156,0,MEDIUM
2025-11-24,3,0,0.6893624,1,HIGH
2025-02-21,71,0,0.08495176,0,LOW
2025-02-02,15,0,0.16995814,0,LOW
2025-11-12,75,0,0.48617324,0,MEDIUM
2025-10-01,39,0,0.7674529,1,HIGH
2025-03-24,72,0,0.2572943,0,MEDIUM
2025-06-03,54,0,0.6941711,1,HIGH
2025-09-09,91,1,0.70986885,1,HIGH
2025-05-31,52,0,0.26460943,0,MEDIUM
2025-03-05,49,0,0.44389647,0,MEDIUM
2025-02-04,69,0,0.20354593,0,MEDIUM
2025-02-07,52,0,0.038335174,0,LOW
2025-02-27,36,1,0.14549728,0,LOW
2025-07-06,46,0,0.7586446,1,HIGH
2025-07-20,19,0,0.13496573,0,LOW
2025-02-13,49,0,0.20447229,0,MEDIUM
2025-02-26,47,0,0.034235165,0,LOW
2025-10-08,14,1,0.7274587,1,HIGH
2025-12-05,90,1,0.75348574,1,HIGH
2025-07-27,91,0,0.68198574,1,HIGH
2025-08-25,28,1,0.76330197,1,HIGH
2025-03-31,97,0,0.083382,0,LOW
2025-07-13,19,0,0.13005804,0,LOW
2025-03-07,94,0,0.13891956,0,LOW
2025-12-19,16,1,0.53421783,1,HIGH
2025-06-25,57,1,0.76553786,1,HIGH
2025-01-17,66,0,0.124515586,0,LOW
2025-12-11,98,0,0.75751257,1,HIGH
2025-10-29,91,1,0.6806065,1,HIGH
2025-08-21,9,1,0.7111177,1,HIGH
2025-06-22,80,0,0.70935297,1,HIGH
2025-02-13,51,0,0.07903874,0,LOW
2025-12-07,31,1,0.7220861,1,HIGH
2025-09-29,41,1,0.5140123,1,HIGH
2025-10-31,76,1,0.74159086,1,HIGH
2025-08-07,57,0,0.7515136,1,HIGH
2025-09-05,92,1,0.26254284,0,MEDIUM
2025-10-07,73,0,0.048611484,0,LOW
2025-01-09,47,0,0.046870183,0,LOW
2025-06-03,3,1,0.70476496,1,HIGH
2025-08-06,31,0,0.17830473,0,LOW
2025-01-21,74,0,0.09155319,0,LOW
2025-06-03,13,0,0.23737456,0,MEDIUM
2025-12-04,34,0,0.1493836,0,LOW
2025-09-27,93,0,0.7714537,1,HIGH
2025-05-26,49,1,0.64460003,1,HIGH
2025-05-13,75,0,0.11872722,0,LOW
2025-03-05,37,0,0.021936787,0,LOW
2025-09-24,11,1,0.767687,1,HIGH
2025-07-17,99,0,0.77937955,1,HIGH
2025-12-08,91,1,0.6521286,1,HIGH
2025-11-06,39,0,0.7360486,1,HIGH
2025-09-13,39,0,0.7876204,1,HIGH
2025-02-03,53,0,0.03363419,0,LOW
2025-09-16,3,1,0.7524375,1,HIGH
2025-08-02,31,0,0.2041083,0,MEDIUM
2025-07-21,46,0,0.742822,1,HIGH
2025-04-10,58,0,0.05793906,0,LOW
2025-09-09,9,0,0.71962893,1,HIGH
2025-05-27,20,0,0.7228963,1,HIGH
2025-12-13,36,1,0.7619323,1,HIGH
2025-06-26,97,0,0.09781582,0,LOW
2025-01-15,94,0,0.037035637,0,LOW
2025-10-23,67,0,0.76290774,1,HIGH
2025-07-23,1,1,0.7506518,1,HIGH
2025-12-24,63,1,0.7258814,1,HIGH
2025-12-12,61,0,0.73646486,1,HIGH
2025-01-17,79,0,0.23887326,0,MEDIUM
2025-08-12,91,1,0.729987,1,HIGH
2025-06-27,70,1,0.7365282,1,HIGH
2025-11-11,34,0,0.09767402,0,LOW
2025-12-14,29,1,0.65207046,1,HIGH
2025-06-08,52,0,0.4531547,0,MEDIUM
2025-03-16,58,0,0.03955219,0,LOW
2025-12-29,13,0,0.7488772,1,HIGH
2025-03-10,71,0,0.014278919,0,LOW
2025-03-29,74,0,0.07700024,0,LOW
2025-12-16,91,0,0.70304114,1,HIGH
2025-01-18,46,0,0.06528596,0,LOW
2025-03-15,43,0,0.17661954,0,LOW
2025-06-20,97,0,0.07244528,0,LOW
2025-03-08,64,0,0.32357568,0,MEDIUM
2025-10-18,22,0,0.06882317,0,LOW
2025-09-26,98,0,0.64018637,1,HIGH
2025-12-31,64,1,0.37024662,0,MEDIUM
2025-07-14,51,1,0.710968,1,HIGH
2025-04-27,35,1,0.7771555,1,HIGH
2025-09-27,82,0,0.21532874,0,MEDIUM
2025-10-21,22,0,0.13016641,0,LOW
2025-08-05,99,1,0.7619381,1,HIGH
2025-07-13,10,0,0.75707155,1,HIGH
2025-08-26,13,1,0.69168556,1,HIGH
2025-03-18,36,0,0.46222526,0,MEDIUM
2025-02-24,61,0,0.04630149,0,LOW
2025-09-14,20,1,0.7517941,1,HIGH
2025-02-14,72,0,0.056637585,0,LOW
2025-12-18,47,0,0.2259978,0,MEDIUM
2025-01-13,92,0,0.035656426,0,LOW
2025-07-20,24,1,0.78156054,1,HIGH
2025-02-26,56,1,0.17803168,0,LOW
2025-11-17,86,0,0.7480559,1,HIGH
2025-03-09,15,0,0.055984464,0,LOW
2025-10-20,30,1,0.6838471,1,HIGH
2025-01-07,49,0,0.23827688,0,MEDIUM
2025-05-06,47,0,0.08270883,0,LOW
2025-05-13,36,0,0.70312124,1,HIGH
2025-03-10,77,0,0.42191014,0,MEDIUM
2025-05-13,39,0,0.80203885,1,HIGH
2025-06-25,56,0,0.7774645,1,HIGH
2025-03-06,18,0,0.3740103,0,MEDIUM
2025-10-17,95,0,0.76775545,1,HIGH
2025-10-12,2,0,0.7193745,1,HIGH
2025-07-09,93,1,0.7499084,1,HIGH
2025-10-21,50,1,0.7204465,1,HIGH
2025-06-20,77,1,0.71331835,1,HIGH
2025-01-31,13,0,0.05254917,0,LOW
2025-09-05,93,1,0.70959723,1,HIGH
2025-05-20,86,0,0.048829567,0,LOW
2025-07-19,61,0,0.26645708,0,MEDIUM
2025-01-12,89,0,0.04922536,0,LOW
2025-09-01,90,1,0.71107113,1,HIGH
2025-08-06,26,0,0.60327566,1,HIGH
2025-03-14,51,0,0.075776055,0,LOW
2025-08-22,26,0,0.68535984,1,HIGH
2025-06-05,28,1,0.24937023,0,MEDIUM
2025-07-02,56,1,0.7709745,1,HIGH
2025-07-20,74,0,0.36697638,0,MEDIUM
2025-11-15,41,0,0.74252945,1,HIGH
2025-07-26,49,0,0.74491405,1,HIGH
2025-12-21,13,1,0.7550366,1,HIGH
2025-01-08,34,0,0.022356678,0,LOW
2025-12-15,6,0,0.73987067,1,HIGH
2025-01-18,30,0,0.14277826,0,LOW
2025-11-10,30,1,0.74366176,1,HIGH
2025-12-09,24,0,0.68835115,1,HIGH
2025-06-03,42,1,0.6433668,1,HIGH
2025-08-03,26,0,0.43573043,0,MEDIUM
2025-01-17,65,0,0.061087843,0,LOW
2025-08-01,47,0,0.07310896,0,LOW
2025-12-18,51,1,0.77559245,1,HIGH
2025-01-29,95,0,0.04519859,0,LOW
2025-03-03,95,0,0.11639823,0,LOW
2025-07-26,22,0,0.0677373,0,LOW
2025-08-25,20,1,0.74268246,1,HIGH
2025-12-29,48,1,0.5619883,1,HIGH
2025-06-18,64,1,0.77176887,1,HIGH
2025-05-26,37,0,0.014027532,0,LOW
2025-05-17,18,1,0.7082089,1,HIGH
2025-08-25,59,1,0.7440082,1,HIGH
2025-07-26,80,1,0.7595907,1,HIGH
2025-12-13,54,0,0.54475385,1,HIGH
2025-12-04,64,1,0.58269656,1,HIGH
2025-04-13,58,0,0.06506307,0,LOW
2025-03-28,93,1,0.6189332,1,HIGH
2025-07-05,72,1,0.7213351,1,HIGH
2025-06-04,7,0,0.6936519,1,HIGH
2025-02-07,51,0,0.07984965,0,LOW
2025-03-31,62,1,0.4857823,0,MEDIUM
2025-02-23,74,0,0.088735856,0,LOW
2025-06-29,92,0,0.187337,0,LOW
2025-11-05,62,0,0.69243705,1,HIGH
2025-07-14,60,1,0.7390729,1,HIGH
2025-07-08,76,0,0.2871263,0,MEDIUM
2025-04-24,2,1,0.7232803,1,HIGH
2025-04-20,69,0,0.7080901,1,HIGH
2025-09-04,8,1,0.72602844,1,HIGH
2025-12-15,80,1,0.69752854,1,HIGH
2025-07-14,92,0,0.048570998,0,LOW
2025-02-17,44,0,0.3234281,0,MEDIUM
2025-11-28,87,0,0.77109396,1,HIGH
2025-05-04,53,0,0.103354625,0,LOW
2025-09-14,78,0,0.7284883,1,HIGH
2025-12-05,51,1,0.7450378,1,HIGH
2025-04-26,2,0,0.6435959,1,HIGH
2025-09-10,26,1,0.71073633,1,HIGH
2025-07-16,22,0,0.07216367,0,LOW
2025-02-22,24,0,0.06703071,0,LOW
2025-05-26,40,1,0.45806468,0,MEDIUM
2025-05-18,17,0,0.044586126,0,LOW
2025-08-11,27,0,0.09236172,0,LOW
2025-12-28,69,1,0.7512985,1,HIGH
2025-05-29,5,0,0.7606412,1,HIGH
2025-01-05,66,0,0.0529379,0,LOW
2025-05-01,51,0,0.11178436,0,LOW
2025-02-01,100,0,0.050690025,0,LOW
2025-08-21,45,0,0.6826073,1,HIGH
2025-01-04,77,0,0.12695919,0,LOW
2025-06-23,4,0,0.7592063,1,HIGH
2025-05-10,98,0,0.087384775,0,LOW
2025-05-24,92,0,0.08449651,0,LOW
2025-05-19,90,1,0.73600084,1,HIGH
2025-08-22,77,1,0.7591536,1,HIGH
2025-11-20,98,0,0.76083285,1,HIGH
2025-05-04,25,0,0.2652965,0,MEDIUM
2025-10-22,92,1,0.7224967,1,HIGH
2025-08-24,57,1,0.71117,1,HIGH
2025-08-09,69,1,0.7512959,1,HIGH
2025-05-17,55,0,0.27416337,0,MEDIUM
2025-05-05,84,0,0.14869255,0,LOW
2025-06-29,56,1,0.7754334,1,HIGH
2025-05-26,27,0,0.11707536,0,LOW
2025-04-10,36,0,0.5051837,1,HIGH
2025-09-19,50,1,0.73357725,1,HIGH
2025-08-06,2,1,0.7484749,1,HIGH
2025-12-19,66,0,0.7061963,1,HIGH
2025-06-10,71,0,0.01653835,0,LOW
2025-03-26,53,0,0.041292436,0,LOW
2025-05-01,63,0,0.61949384,1,HIGH
2025-01-07,36,0,0.33395916,0,MEDIUM
2025-05-08,44,0,0.708897,1,HIGH
2025-06-18,89,0,0.04242398,0,LOW
2025-02-12,68,0,0.029275024,0,LOW
2025-04-16,76,0,0.056535736,0,LOW
2025-04-12,6,0,0.06858926,0,LOW
2025-03-10,29,0,0.6038995,1,HIGH
2025-01-12,36,0,0.08781284,0,LOW
2025-10-05,42,0,0.71344197,1,HIGH
2025-08-13,46,1,0.7247113,1,HIGH
2025-12-14,58,1,0.75102854,1,HIGH
2025-05-27,87,0,0.6422189,1,HIGH
2025-06-01,43,1,0.5974781,1,HIGH
2025-05-01,79,1,0.71698964,1,HIGH
2025-02-19,4,0,0.1973302,0,LOW
2025-11-23,82,0,0.08490032,0,LOW
2025-06-06,16,0,0.0307079,0,LOW
2025-08-06,84,0,0.15933445,0,LOW
2025-05-21,78,0,0.3990284,0,MEDIUM
2025-05-03,38,0,0.03260767,0,LOW
2025-08-22,38,0,0.1282335,0,LOW
2025-01-24,74,0,0.05563601,0,LOW
2025-09-26,22,0,0.14751051,0,LOW
2025-06-25,55,0,0.6241563,1,HIGH
2025-09-20,56,0,0.7459661,1,HIGH
2025-10-30,3,1,0.7362918,1,HIGH
2025-12-29,85,0,0.75474405,1,HIGH
2025-04-08,64,1,0.7070002,1,HIGH
2025-10-17,2,0,0.70367265,1,HIGH
2025-08-07,60,1,0.73796505,1,HIGH
2025-08-05,19,0,0.06550141,0,LOW
2025-04-21,64,0,0.7479965,1,HIGH
2025-02-01,2,0,0.1435308,0,LOW
2025-03-14,34,0,0.036486182,0,LOW
2025-06-08,66,1,0.72581995,1,HIGH
2025-06-01,10,1,0.7369899,1,HIGH
2025-08-26,7,0,0.7442577,1,HIGH
2025-06-13,28,0,0.4696206,0,MEDIUM
2025-03-05,98,0,0.06501592,0,LOW
2025-12-12,3,1,0.7081641,1,HIGH
2025-12-08,47,0,0.15275714,0,LOW
2025-08-18,6,1,0.63812536,1,HIGH
2025-05-16,98,0,0.06832228,0,LOW
2025-04-29,85,0,0.120428,0,LOW
2025-02-22,88,0,0.040123895,0,LOW
2025-11-27,72,0,0.72978187,1,HIGH
2025-11-03,60,1,0.76502126,1,HIGH
2025-06-29,31,0,0.1307598,0,LOW
2025-09-19,16,0,0.13018103,0,LOW
2025-12-30,11,1,0.6922322,1,HIGH
2025-01-21,39,0,0.054130014,0,LOW
2025-01-27,86,0,0.024304695,0,LOW
2025-10-27,42,1,0.7730556,1,HIGH
2025-12-10,31,1,0.7413601,1,HIGH
2025-11-18,72,1,0.6950361,1,HIGH
2025-12-18,87,1,0.718257,1,HIGH
2025-09-09,94,0,0.054021556,0,LOW
2025-10-10,63,1,0.73939353,1,HIGH
2025-04-30,33,1,0.66124815,1,HIGH
2025-06-07,55,0,0.69107944,1,HIGH
2025-11-18,63,1,0.7385831,1,HIGH
2025-11-28,2,1,0.7518939,1,HIGH
2025-05-18,11,0,0.7585907,1,HIGH
2025-11-12,84,1,0.7415366,1,HIGH
2025-09-07,32,0,0.76413107,1,HIGH
2025-05-26,12,0,0.26917768,0,MEDIUM
2025-04-09,18,1,0.6448343,1,HIGH
2025-04-18,84,0,0.12341216,0,LOW
2025-05-23,62,1,0.75971794,1,HIGH
2025-08-10,88,0,0.5362958,1,HIGH
2025-10-22,2,0,0.67254734,1,HIGH
2025-05-09,73,0,0.02362079,0,LOW
2025-12-15,75,0,0.72333306,1,HIGH
2025-10-13,69,0,0.74389166,1,HIGH
2025-05-18,96,0,0.69614035,1,HIGH
2025-03-07,33,1,0.5742665,1,HIGH
2025-07-11,31,0,0.11495618,0,LOW
2025-07-30,60,0,0.6900647,1,HIGH
2025-08-08,12,0,0.7281763,1,HIGH
2025-06-26,70,1,0.745219,1,HIGH
2025-09-22,42,1,0.7474608,1,HIGH
2025-11-01,91,1,0.6484051,1,HIGH
2025-03-20,76,0,0.035213415,0,LOW
2025-12-06,2,0,0.6669198,1,HIGH
2025-07-25,49,0,0.739796,1,HIGH
2025-11-01,76,1,0.7171801,1,HIGH
2025-09-07,41,1,0.29548416,0,MEDIUM
2025-04-15,2,1,0.6447724,1,HIGH
2025-05-15,30,1,0.67917,1,HIGH
2025-12-13,92,1,0.7373484,1,HIGH
2025-05-19,54,1,0.7102472,1,HIGH
2025-06-17,85,0,0.35367784,0,MEDIUM
2025-03-06,22,0,0.045593515,0,LOW
2025-01-05,77,0,0.1161134,0,LOW
2025-07-01,8,0,0.22088124,0,MEDIUM
2025-07-17,58,0,0.2603774,0,MEDIUM
2025-01-08,56,0,0.22792543,0,MEDIUM
2025-11-09,1,0,0.7222444,1,HIGH
2025-04-11,49,0,0.64655346,1,HIGH
2025-06-12,39,1,0.7694783,1,HIGH
2025-02-11,35,1,0.33671695,0,MEDIUM
2025-05-23,6,0,0.15477934,0,LOW
2025-05-26,2,1,0.7273148,1,HIGH
2025-03-19,98,0,0.04481656,0,LOW
2025-07-31,13,0,0.3302045,0,MEDIUM
2025-09-14,83,1,0.76135206,1,HIGH
2025-03-15,49,0,0.48536265,0,MEDIUM
2025-12-23,23,0,0.75819033,1,HIGH
2025-05-07,90,1,0.742338,1,HIGH
2025-09-02,62,1,0.7366465,1,HIGH
2025-05-15,51,0,0.21027479,0,MEDIUM
2025-07-23,43,1,0.7607879,1,HIGH
2025-05-30,85,0,0.18046728,0,LOW
2025-11-06,93,0,0.7103797,1,HIGH
2025-06-22,84,0,0.2202156,0,MEDIUM
2025-11-06,44,0,0.65668094,1,HIGH
2025-05-05,28,0,0.15596262,0,LOW
2025-03-09,17,0,0.040970314,0,LOW
2025-04-05,26,0,0.05389452,0,LOW
2025-03-27,31,0,0.050041854,0,LOW
2025-07-19,55,1,0.69832957,1,HIGH
2025-09-25,27,0,0.62693834,1,HIGH
2025-01-08,85,0,0.074930616,0,LOW
2025-06-29,47,0,0.088102624,0,LOW
2025-04-15,10,0,0.6792127,1,HIGH
2025-09-19,97,0,0.32811072,0,MEDIUM
2025-01-11,2,0,0.17093045,0,LOW
2025-01-03,55,0,0.14136209,0,LOW
2025-01-27,30,0,0.17740323,0,LOW
2025-04-06,40,0,0.36370075,0,MEDIUM
2025-02-10,32,0,0.02868255,0,LOW
2025-10-04,32,1,0.74060494,1,HIGH
2025-01-29,63,0,0.3914562,0,MEDIUM
2025-01-11,79,0,0.44749773,0,MEDIUM
2025-10-20,62,1,0.74228954,1,HIGH
2025-05-06,10,0,0.7142633,1,HIGH
2025-01-01,58,0,0.059816167,0,LOW
2025-12-16,100,1,0.75471383,1,HIGH
2025-02-23,98,0,0.04354753,0,LOW
2025-01-11,86,0,0.0804454,0,LOW
2025-10-13,38,0,0.4378959,0,MEDIUM
2025-04-24,27,0,0.052176557,0,LOW
2025-10-15,28,0,0.7715529,1,HIGH
2025-03-04,66,0,0.4439615,0,MEDIUM
2025-07-10,41,0,0.062369574,0,LOW
2025-07-21,6,0,0.4111708,0,MEDIUM
2025-01-09,70,0,0.12827086,0,LOW
2025-06-11,18,0,0.7380522,1,HIGH
2025-11-03,61,0,0.6089811,1,HIGH
2025-02-11,62,0,0.15391237,0,LOW
2025-12-31,19,1,0.7307776,1,HIGH
2025-09-18,59,1,0.6901522,1,HIGH
2025-03-14,4,0,0.5384542,1,HIGH
2025-08-03,83,0,0.735305,1,HIGH
2025-11-30,17,1,0.2197028,0,MEDIUM
2025-04-10,66,0,0.6323538,1,HIGH
2025-09-21,69,0,0.7011716,1,HIGH
2025-11-13,79,1,0.67636156,1,HIGH
2025-08-27,66,0,0.768541,1,HIGH
2025-04-12,61,0,0.086377405,0,LOW
2025-04-06,95,0,0.14071642,0,LOW
2025-11-07,72,1,0.7234142,1,HIGH
2025-10-31,74,1,0.75142044,1,HIGH
2025-01-27,65,0,0.07072762,0,LOW
2025-09-14,89,0,0.25675204,0,MEDIUM
2025-04-18,2,0,0.6825062,1,HIGH
2025-06-21,59,0,0.791677,1,HIGH
2025-03-07,96,0,0.15274327,0,LOW
2025-10-23,28,1,0.7720406,1,HIGH
2025-11-24,69,1,0.8352799,1,HIGH
2025-06-13,12,1,0.4137906,0,MEDIUM
2025-01-15,72,0,0.09310175,0,LOW
2025-02-04,79,0,0.28064632,0,MEDIUM
2025-09-21,92,1,0.22473404,0,MEDIUM
2025-08-06,87,0,0.7246799,1,HIGH
2025-12-22,16,0,0.6592064,1,HIGH
2025-11-22,75,0,0.5077929,1,HIGH
2025-11-06,98,1,0.7746745,1,HIGH
2025-01-20,73,0,0.048400655,0,LOW
2025-03-11,17,0,0.030626392,0,LOW
2025-10-15,64,1,0.6823785,1,HIGH
2025-12-19,67,1,0.68191093,1,HIGH
2025-06-02,37,0,0.025347263,0,LOW
2025-10-06,25,0,0.75370276,1,HIGH
2025-05-02,32,0,0.08428002,0,LOW
2025-04-15,77,1,0.7606565,1,HIGH
2025-04-16,10,0,0.690694,1,HIGH
2025-05-23,11,1,0.76338327,1,HIGH
2025-03-11,65,0,0.11954472,0,LOW
2025-04-23,77,1,0.68845093,1,HIGH
2025-12-20,63,1,0.7605707,1,HIGH
2025-01-08,77,0,0.07860001,0,LOW
2025-08-05,77,0,0.79008776,1,HIGH
2025-11-15,67,1,0.72640264,1,HIGH
2025-10-20,75,0,0.23611163,0,MEDIUM
2025-09-27,80,1,0.7609256,1,HIGH
2025-10-22,73,0,0.029831741,0,LOW
2025-10-17,72,0,0.74959105,1,HIGH
2025-02-11,29,0,0.25089747,0,MEDIUM
2025-09-25,52,1,0.7242182,1,HIGH
2025-11-05,3,0,0.6950017,1,HIGH
2025-03-08,53,0,0.12104751,0,LOW
2025-02-18,81,0,0.059609152,0,LOW
2025-04-27,25,0,0.12692949,0,LOW
2025-02-16,30,0,0.3842373,0,MEDIUM
2025-04-19,81,0,0.056661133,0,LOW
2025-04-30,21,1,0.6543679,1,HIGH
2025-11-18,43,1,0.72591066,1,HIGH
2025-12-10,43,1,0.7495809,1,HIGH
2025-05-04,16,0,0.041722137,0,LOW
2025-01-26,36,0,0.22107986,0,MEDIUM
2025-09-30,3,0,0.7381915,1,HIGH
2025-11-13,10,1,0.7408859,1,HIGH
2025-04-21,63,0,0.67977077,1,HIGH
2025-04-18,78,0,0.14178665,0,LOW
2025-08-02,99,0,0.72400576,1,HIGH
2025-07-09,67,1,0.7245062,1,HIGH
2025-07-27,22,0,0.11169518,0,LOW
2025-05-15,14,0,0.14734133,0,LOW
2025-12-03,67,0,0.71773165,1,HIGH
2025-01-16,68,0,0.014741837,0,LOW
2025-01-22,75,0,0.027743276,0,LOW
2025-10-24,10,0,0.6752118,1,HIGH
2025-06-04,29,1,0.7159376,1,HIGH
2025-05-15,13,0,0.08531114,0,LOW
2025-12-16,21,1,0.6838366,1,HIGH
2025-06-05,42,1,0.74679327,1,HIGH
2025-05-01,23,0,0.81572425,1,HIGH
2025-03-29,80,0,0.15981635,0,LOW
2025-02-06,93,0,0.30376053,0,MEDIUM
2025-11-06,92,1,0.7158451,1,HIGH
2025-04-05,1,1,0.5309121,1,HIGH
2025-12-27,69,1,0.720331,1,HIGH
2025-03-17,31,0,0.08901647,0,LOW
2025-01-10,24,0,0.07702197,0,LOW
2025-07-30,42,1,0.7650754,1,HIGH
2025-12-24,100,0,0.7653385,1,HIGH
2025-01-04,64,1,0.2567284,0,MEDIUM
2025-06-14,74,0,0.18574089,0,LOW
2025-11-26,63,0,0.7125607,1,HIGH
2025-11-21,96,1,0.7151657,1,HIGH
2025-02-18,21,0,0.16842254,0,LOW
2025-03-25,33,1,0.63580453,1,HIGH
2025-06-25,6,0,0.14064631,0,LOW
2025-05-20,31,0,0.22472419,0,MEDIUM
2025-10-06,43,1,0.7775335,1,HIGH
2025-02-20,5,0,0.609846,1,HIGH
2025-09-21,73,0,0.01574659,0,LOW
2025-10-07,27,1,0.67856026,1,HIGH
2025-04-29,80,0,0.3318115,0,MEDIUM
2025-11-20,32,0,0.7529156,1,HIGH
2025-12-15,27,1,0.75967216,1,HIGH
2025-07-30,13,0,0.25903666,0,MEDIUM
2025-11-11,50,0,0.7422045,1,HIGH
2025-01-17,16,0,0.05004495,0,LOW
2025-06-02,13,0,0.115781516,0,LOW
2025-11-08,94,0,0.0871529,0,LOW
2025-06-01,64,0,0.7765251,1,HIGH
2025-03-03,29,0,0.7050021,1,HIGH
2025-01-11,68,0,0.016452065,0,LOW
2025-02-10,93,0,0.13499716,0,LOW
2025-12-26,51,0,0.7501457,1,HIGH
2025-10-22,20,0,0.69472146,1,HIGH
2025-06-17,64,1,0.74583083,1,HIGH
2025-11-13,73,0,0.057263575,0,LOW
2025-11-06,37,0,0.084087625,0,LOW
2025-11-19,48,0,0.71118957,1,HIGH
2025-11-11,62,0,0.6944793,1,HIGH
2025-03-10,94,0,0.12042114,0,LOW
2025-03-02,29,1,0.6574133,1,HIGH
2025-10-14,62,1,0.7379978,1,HIGH
2025-02-16,53,0,0.08829301,0,LOW
2025-09-07,97,0,0.13671824,0,LOW
2025-04-05,79,0,0.79688174,1,HIGH
2025-07-19,97,0,0.08693407,0,LOW
2025-09-10,5,1,0.76711434,1,HIGH
2025-10-10,21,0,0.74866086,1,HIGH
2025-02-09,53,0,0.06317579,0,LOW
2025-06-23,63,1,0.7632397,1,HIGH
2025-05-03,67,0,0.28684762,0,MEDIUM
2025-01-10,100,0,0.059614114,0,LOW
2025-09-02,79,1,0.7316148,1,HIGH
2025-05-07,6,0,0.14558384,0,LOW
2025-01-28,92,0,0.029076995,0,LOW
2025-04-01,91,1,0.46277666,0,MEDIUM
2025-03-15,10,0,0.4496322,0,MEDIUM
2025-08-17,20,1,0.75710654,1,HIGH
2025-06-10,93,0,0.7862227,1,HIGH
2025-06-22,99,1,0.7021599,1,HIGH
2025-08-31,77,0,0.7263869,1,HIGH
2025-05-30,11,1,0.7620364,1,HIGH
2025-03-26,25,0,0.06483561,0,LOW
2025-03-17,32,0,0.07870097,0,LOW
2025-01-30,12,1,0.042278692,0,LOW
2025-04-12,40,0,0.21486974,0,MEDIUM
2025-08-12,100,0,0.65630615,1,HIGH
2025-09-05,10,0,0.74050045,1,HIGH
2025-07-26,26,0,0.20754404,0,MEDIUM
2025-02-19,18,0,0.2936396,0,MEDIUM
2025-07-25,15,1,0.32965088,0,MEDIUM
2025-09-25,30,1,0.7282853,1,HIGH
2025-06-09,71,0,0.022582322,0,LOW
2025-08-10,42,1,0.76621264,1,HIGH
2025-05-17,96,1,0.66005814,1,HIGH
2025-05-21,24,1,0.70410717,1,HIGH
2025-12-23,28,0,0.7184538,1,HIGH
2025-03-29,70,1,0.34352228,0,MEDIUM
2025-01-03,18,0,0.0702152,0,LOW
2025-02-01,71,0,0.06826885,0,LOW
2025-01-08,88,0,0.05210329,0,LOW
2025-08-22,41,0,0.2888198,0,MEDIUM
2025-08-06,93,1,0.76718843,1,HIGH
2025-09-28,20,0,0.73827,1,HIGH
2025-10-18,6,1,0.72727513,1,HIGH
2025-02-23,70,0,0.26990667,0,MEDIUM
2025-12-18,20,1,0.7017189,1,HIGH
2025-07-12,1,1,0.7183793,1,HIGH
2025-07-28,86,1,0.522561,1,HIGH
2025-10-11,30,0,0.71463186,1,HIGH
2025-08-06,74,0,0.52968735,1,HIGH
2025-02-02,62,0,0.11233282,0,LOW
2025-12-06,57,1,0.90468407,1,HIGH
2025-08-16,22,0,0.09692828,0,LOW
2025-01-11,56,0,0.07049278,0,LOW
2025-07-31,69,1,0.74207455,1,HIGH
2025-02-03,41,0,0.02751582,0,LOW
2025-04-04,41,0,0.063995786,0,LOW
2025-06-18,100,0,0.20135412,0,MEDIUM
2025-07-07,75,0,0.08441288,0,LOW
2025-07-22,94,0,0.04343481,0,LOW
2025-04-27,2,1,0.71409607,1,HIGH
2025-06-08,37,0,0.05350936,0,LOW
2025-07-17,71,0,0.033504587,0,LOW
2025-03-14,52,0,0.11754955,0,LOW
2025-07-26,96,0,0.7342459,1,HIGH
2025-06-25,40,1,0.62074274,1,HIGH
2025-07-20,50,0,0.24859875,0,MEDIUM
2025-10-15,1,0,0.75583094,1,HIGH
2025-02-16,51,0,0.104021534,0,LOW
2025-02-22,26,0,0.03801664,0,LOW
2025-02-14,48,0,0.24853745,0,MEDIUM
2025-11-19,38,1,0.6777024,1,HIGH
2025-06-14,94,0,0.024039526,0,LOW
2025-12-27,72,1,0.6392791,1,HIGH
2025-10-26,87,1,0.75550777,1,HIGH
2025-11-18,6,1,0.7519764,1,HIGH
2025-10-14,52,1,0.74440354,1,HIGH
2025-01-27,73,0,0.013358108,0,LOW
2025-01-20,28,0,0.41488895,0,MEDIUM
2025-09-13,32,1,0.75236386,1,HIGH
2025-10-24,83,0,0.74368834,1,HIGH
2025-07-03,49,0,0.73176956,1,HIGH
2025-05-17,30,0,0.6696298,1,HIGH
2025-06-06,3,1,0.65516424,1,HIGH
2025-01-13,74,0,0.1075543,0,LOW
2025-12-19,41,0,0.75759685,1,HIGH
2025-10-16,24,0,0.74564403,1,HIGH
2025-03-26,12,1,0.096288115,0,LOW
2025-12-07,49,1,0.715139,1,HIGH
2025-08-05,69,0,0.746573,1,HIGH
2025-05-02,26,1,0.10286862,0,LOW
2025-09-24,34,0,0.19470148,0,LOW
2025-09-08,69,0,0.7411015,1,HIGH
2025-12-21,21,1,0.73161495,1,HIGH
2025-07-18,7,0,0.7432476,1,HIGH
2025-08-16,9,1,0.7534491,1,HIGH
2025-09-05,81,0,0.20837966,0,MEDIUM
2025-08-31,12,0,0.7304538,1,HIGH
2025-03-10,15,0,0.29148775,0,MEDIUM
2025-04-13,63,1,0.75933135,1,HIGH
2025-10-05,38,0,0.22393747,0,MEDIUM
2025-01-21,77,0,0.31924734,0,MEDIUM
2025-01-21,42,0,0.08176136,0,LOW
2025-04-04,92,0,0.056626134,0,LOW
2025-10-01,69,0,0.69542354,1,HIGH
2025-03-29,84,0,0.04918916,0,LOW
2025-01-27,48,0,0.092861824,0,LOW
2025-03-24,28,0,0.09161598,0,LOW
2025-06-16,3,1,0.7323794,1,HIGH
2025-06-13,37,0,0.19738722,0,LOW
2025-12-19,79,1,0.75501597,1,HIGH
2025-06-09,98,0,0.06359358,0,LOW
2025-08-17,70,1,0.71921885,1,HIGH
2025-02-01,86,0,0.1314001,0,LOW
2025-08-20,63,0,0.743936,1,HIGH
2025-11-24,46,1,0.82203674,1,HIGH
2025-07-06,61,0,0.08716176,0,LOW
2025-07-30,47,0,0.03875305,0,LOW
2025-09-03,67,0,0.781257,1,HIGH
2025-01-08,92,0,0.028014323,0,LOW
2025-08-23,15,0,0.6707168,1,HIGH
2025-07-22,95,1,0.7035153,1,HIGH
2025-10-27,84,1,0.72753334,1,HIGH
2025-04-01,66,1,0.7771948,1,HIGH
2025-08-18,46,0,0.7606806,1,HIGH
2025-10-03,31,0,0.38865152,0,MEDIUM
2025-02-06,21,0,0.0915872,0,LOW
2025-07-31,94,0,0.048770953,0,LOW
2025-10-11,7,1,0.7527846,1,HIGH
2025-01-19,37,0,0.013696271,0,LOW
2025-05-01,91,0,0.7241676,1,HIGH
2025-04-23,55,0,0.13501821,0,LOW
2025-08-03,97,0,0.25150564,0,MEDIUM
2025-08-11,82,0,0.049555197,0,LOW
2025-05-26,38,0,0.051698472,0,LOW
2025-06-04,82,0,0.056908317,0,LOW
2025-02-03,7,0,0.07645819,0,LOW
2025-10-15,78,0,0.7547522,1,HIGH
2025-12-05,26,0,0.75693375,1,HIGH
2025-09-29,57,1,0.7420336,1,HIGH
2025-08-08,8,0,0.76654917,1,HIGH
2025-09-03,34,0,0.062577434,0,LOW
2025-12-04,91,0,0.69259447,1,HIGH
2025-01-30,76,0,0.056568544,0,LOW
2025-06-26,23,1,0.6665222,1,HIGH
2025-04-18,56,1,0.70573825,1,HIGH
2025-03-31,47,0,0.026909543,0,LOW
2025-10-15,47,0,0.15763557,0,LOW
2025-01-04,67,0,0.08786081,0,LOW
2025-07-31,99,0,0.72507143,1,HIGH
2025-07-02,65,0,0.6665463,1,HIGH
2025-05-26,21,1,0.7536579,1,HIGH
2025-07-19,88,0,0.21273372,0,MEDIUM
2025-07-21,44,1,0.7389401,1,HIGH
2025-06-11,45,0,0.18852939,0,LOW
2025-10-14,55,0,0.7413232,1,HIGH
2025-12-31,67,1,0.6573239,1,HIGH
2025-11-02,1,0,0.6990954,1,HIGH
2025-12-14,33,0,0.78275716,1,HIGH
2025-01-09,46,0,0.11902558,0,LOW
2025-06-19,85,0,0.20242223,0,MEDIUM
2025-01-09,94,0,0.026268702,0,LOW
2025-11-01,88,0,0.08317222,0,LOW
2025-09-07,96,1,0.7555149,1,HIGH
2025-01-16,10,0,0.09324744,0,LOW
2025-05-22,24,1,0.7728784,1,HIGH
2025-09-07,44,0,0.7325497,1,HIGH
2025-01-21,7,0,0.22718409,0,MEDIUM
2025-10-04,79,0,0.6855599,1,HIGH
2025-06-30,91,0,0.75033534,1,HIGH
2025-04-13,90,1,0.6886963,1,HIGH
2025-11-30,50,1,0.78454614,1,HIGH
2025-01-03,64,0,0.041999776,0,LOW
2025-11-16,36,1,0.6564572,1,HIGH
2025-04-10,8,0,0.14591697,0,LOW
2025-11-04,82,0,0.07421477,0,LOW
2025-09-08,75,0,0.2150768,0,MEDIUM
2025-02-27,91,1,0.4111771,0,MEDIUM
2025-07-17,25,0,0.5316502,1,HIGH
2025-04-27,1,1,0.74812156,1,HIGH
2025-02-04,47,0,0.015792357,0,LOW
2025-04-02,55,0,0.07512637,0,LOW
2025-06-22,9,1,0.7360247,1,HIGH
2025-05-29,90,1,0.69898313,1,HIGH
2025-01-16,44,0,0.3659447,0,MEDIUM
2025-01-17,6,0,0.077237785,0,LOW
2025-03-29,100,0,0.087606706,0,LOW
2025-01-17,55,0,0.027358232,0,LOW
2025-12-13,88,0,0.059372485,0,LOW
2025-04-08,78,0,0.20212625,0,MEDIUM
2025-04-15,40,0,0.27045897,0,MEDIUM
2025-01-15,56,0,0.0321256,0,LOW
2025-12-09,25,1,0.7622839,1,HIGH
2025-02-18,40,0,0.045488626,0,LOW
2025-09-25,44,1,0.71251214,1,HIGH
2025-09-27,67,1,0.7575756,1,HIGH
2025-05-18,36,1,0.7171727,1,HIGH
2025-07-11,72,1,0.71497273,1,HIGH
2025-04-16,24,0,0.2683964,0,MEDIUM
2025-04-02,70,1,0.7204631,1,HIGH
2025-01-13,75,0,0.018327154,0,LOW
2025-07-24,82,0,0.056196958,0,LOW
2025-05-21,75,0,0.04812563,0,LOW
2025-11-27,13,1,0.77980274,1,HIGH
2025-10-26,58,1,0.72610706,1,HIGH
2025-10-15,51,0,0.74357784,1,HIGH
2025-01-26,9,1,0.14122751,0,LOW
2025-09-13,75,0,0.17805232,0,LOW
2025-04-26,69,0,0.7899878,1,HIGH
2025-06-15,46,0,0.75703585,1,HIGH
2025-10-12,11,1,0.7548676,1,HIGH
2025-08-11,58,0,0.5681631,1,HIGH
2025-09-01,49,0,0.739105,1,HIGH
2025-01-02,2,0,0.22998922,0,MEDIUM
2025-05-21,59,0,0.73249036,1,HIGH
2025-12-08,59,1,0.76076657,1,HIGH
2025-05-25,63,0,0.7494971,1,HIGH
2025-01-09,45,0,0.039304793,0,LOW
2025-11-02,60,0,0.7747812,1,HIGH
2025-03-20,25,0,0.07482923,0,LOW
2025-10-18,8,0,0.7549066,1,HIGH
2025-11-04,85,1,0.7724365,1,HIGH
2025-10-29,89,0,0.57507485,1,HIGH
2025-02-04,59,0,0.1480598,0,LOW
2025-01-14,38,1,0.022231797,0,LOW
2025-02-03,50,0,0.04244195,0,LOW
2025-05-08,37,0,0.03827208,0,LOW
2025-09-21,35,1,0.7478856,1,HIGH
2025-10-07,96,0,0.7213451,1,HIGH
2025-11-19,82,0,0.09330814,0,LOW
2025-05-17,24,0,0.64186805,1,HIGH
2025-04-07,44,1,0.7400016,1,HIGH
2025-02-12,98,0,0.048385393,0,LOW
2025-05-26,33,0,0.7036068,1,HIGH
2025-10-07,18,1,0.74066377,1,HIGH
2025-01-26,88,0,0.038428802,0,LOW
2025-09-17,51,1,0.7472322,1,HIGH
2025-12-02,95,1,0.7863539,1,HIGH
2025-02-01,48,0,0.1707429,0,LOW
2025-08-26,99,1,0.7363323,1,HIGH
2025-10-20,48,1,0.7223228,1,HIGH
2025-02-15,89,0,0.018704653,0,LOW
2025-10-29,29,0,0.69214386,1,HIGH
2025-06-26,49,0,0.70440847,1,HIGH
2025-03-31,58,0,0.07275479,0,LOW
2025-03-16,82,0,0.047110144,0,LOW
2025-06-21,12,1,0.49345636,0,MEDIUM
2025-09-28,45,1,0.6642889,1,HIGH
2025-02-17,76,0,0.06378787,0,LOW
2025-07-27,71,0,0.040158033,0,LOW
2025-05-29,50,0,0.122561745,0,LOW
2025-08-20,99,1,0.8056553,1,HIGH
2025-07-21,62,0,0.7455939,1,HIGH
2025-01-23,72,0,0.076498635,0,LOW
2025-07-26,17,0,0.084393606,0,LOW
2025-07-19,47,0,0.2763897,0,MEDIUM
2025-11-08,76,1,0.7258993,1,HIGH
2025-06-29,6,0,0.15138313,0,LOW
2025-10-29,47,0,0.16942075,0,LOW
2025-01-06,90,0,0.13297647,0,LOW
2025-09-08,71,0,0.05029712,0,LOW
2025-01-25,31,0,0.08526336,0,LOW
2025-02-02,85,0,0.080525964,0,LOW
2025-08-23,32,0,0.7304322,1,HIGH
2025-09-22,97,0,0.11607939,0,LOW
2025-10-14,72,1,0.7540788,1,HIGH
2025-05-05,61,0,0.1260409,0,LOW
2025-07-08,53,1,0.08877037,0,LOW
2025-03-24,15,0,0.021106407,0,LOW
2025-03-12,76,0,0.03694791,0,LOW
2025-06-25,1,0,0.75525945,1,HIGH
2025-02-20,98,0,0.058213983,0,LOW
2025-04-09,21,0,0.323674,0,MEDIUM
2025-02-18,57,1,0.66410637,1,HIGH
2025-01-21,96,0,0.058376487,0,LOW
2025-10-07,92,1,0.40889275,0,MEDIUM
2025-07-28,53,1,0.4682548,0,MEDIUM
2025-01-29,71,0,0.026757596,0,LOW
2025-02-16,20,0,0.19487394,0,LOW
2025-05-13,99,0,0.57599694,1,HIGH
2025-07-30,2,1,0.78911716,1,HIGH
2025-02-15,13,0,0.12128302,0,LOW
2025-02-11,46,0,0.10623599,0,LOW
2025-07-20,64,1,0.775157,1,HIGH
2025-10-18,3,1,0.7448671,1,HIGH
2025-04-26,91,1,0.6662457,1,HIGH
2025-11-30,51,1,0.75239164,1,HIGH
2025-12-21,58,1,0.7477335,1,HIGH
2025-09-28,96,1,0.7635107,1,HIGH
2025-02-25,46,0,0.10631757,0,LOW
2025-04-20,29,1,0.7367048,1,HIGH
2025-05-28,3,1,0.7035201,1,HIGH
2025-06-19,66,0,0.74638,1,HIGH
2025-03-20,62,0,0.5371404,1,HIGH
2025-11-23,62,1,0.7276529,1,HIGH
2025-04-09,91,0,0.6688436,1,HIGH
2025-04-04,95,0,0.27130905,0,MEDIUM
2025-06-11,62,1,0.75685495,1,HIGH
2025-09-27,39,0,0.7659104,1,HIGH
2025-11-21,5,1,0.6562787,1,HIGH
2025-04-27,26,0,0.06465786,0,LOW
2025-09-19,66,1,0.73398626,1,HIGH
2025-10-06,46,0,0.7615714,1,HIGH
2025-11-10,47,0,0.18183184,0,LOW
2025-05-05,72,0,0.5304063,1,HIGH
2025-10-04,18,1,0.7626513,1,HIGH
2025-06-26,92,0,0.05117725,0,LOW
2025-07-05,35,1,0.7478218,1,HIGH
2025-01-26,49,0,0.13791646,0,LOW
2025-12-04,3,1,0.7112522,1,HIGH
2025-12-10,78,1,0.7557705,1,HIGH
2025-04-03,16,0,0.02336063,0,LOW
2025-05-25,20,0,0.7095159,1,HIGH
2025-04-09,32,0,0.15882355,0,LOW
2025-11-23,34,0,0.10259107,0,LOW
2025-06-18,85,0,0.12072805,0,LOW
2025-07-18,94,0,0.08277073,0,LOW
2025-09-14,32,1,0.6885854,1,HIGH
2025-11-16,25,1,0.75025254,1,HIGH
2025-01-16,32,1,0.06757955,0,LOW
2025-10-14,1,1,0.72812027,1,HIGH
2025-07-28,38,0,0.10406105,0,LOW
2025-01-18,100,0,0.054885387,0,LOW
2025-01-16,96,0,0.07287008,0,LOW
2025-11-18,42,1,0.7160924,1,HIGH
2025-06-12,97,0,0.22399984,0,MEDIUM
2025-08-23,57,1,0.711064,1,HIGH
2025-12-06,22,0,0.30584046,0,MEDIUM
2025-03-14,84,0,0.07548084,0,LOW
2025-01-19,92,0,0.01838887,0,LOW
2025-04-19,43,0,0.21563932,0,MEDIUM
2025-04-22,4,0,0.6974556,1,HIGH
2025-11-26,90,1,0.66172975,1,HIGH
2025-02-20,27,0,0.07304548,0,LOW
2025-04-20,93,1,0.58747876,1,HIGH
2025-11-01,51,1,0.7548357,1,HIGH
2025-07-18,66,1,0.7592233,1,HIGH
2025-01-18,75,0,0.032313634,0,LOW
2025-06-07,46,1,0.755899,1,HIGH
2025-04-16,68,1,0.015307599,0,LOW
2025-03-29,68,0,0.05181566,0,LOW
2025-05-16,34,0,0.028573407,0,LOW
2025-06-25,79,1,0.7482154,1,HIGH
2025-06-17,38,0,0.06545875,0,LOW
2025-04-17,76,0,0.04820504,0,LOW
2025-08-13,51,1,0.7290112,1,HIGH
2025-12-29,25,1,0.7388467,1,HIGH
2025-02-20,51,0,0.078661144,0,LOW
2025-01-01,10,0,0.09296502,0,LOW
2025-04-02,68,0,0.0406241,0,LOW
2025-10-15,9,0,0.74549896,1,HIGH
2025-02-17,75,0,0.023470504,0,LOW
2025-01-27,67,0,0.08222501,0,LOW
2025-09-11,13,0,0.73060745,1,HIGH
2025-04-02,27,0,0.13260539,0,LOW
2025-09-04,100,1,0.6879783,1,HIGH
2025-12-17,16,0,0.58485496,1,HIGH
2025-09-05,97,0,0.13867363,0,LOW
2025-08-08,73,0,0.07850482,0,LOW
2025-06-21,28,0,0.6005746,1,HIGH
2025-06-14,66,1,0.793229,1,HIGH
2025-04-08,2,1,0.63439506,1,HIGH
2025-07-18,59,1,0.7458522,1,HIGH
2025-09-27,42,0,0.7349186,1,HIGH
2025-07-21,48,0,0.72078115,1,HIGH
2025-03-09,70,0,0.1625763,0,LOW
2025-06-21,71,0,0.26395175,0,MEDIUM
2025-04-05,53,0,0.033905137,0,LOW
2025-06-12,81,0,0.027294023,0,LOW
2025-04-27,54,1,0.4678838,0,MEDIUM
2025-10-13,39,1,0.7400373,1,HIGH
2025-10-04,73,0,0.05369554,0,LOW
2025-06-30,92,0,0.08214446,0,LOW
2025-07-03,32,0,0.5200469,1,HIGH
2025-07-15,8,0,0.20956297,0,MEDIUM
2025-06-18,23,1,0.7694701,1,HIGH
2025-08-06,21,0,0.7274675,1,HIGH
2025-11-07,88,0,0.03030598,0,LOW
2025-12-07,10,0,0.79261345,1,HIGH
2025-11-05,83,0,0.74926996,1,HIGH
2025-05-03,70,1,0.66913897,1,HIGH
2025-02-02,6,0,0.046595793,0,LOW
2025-03-09,65,0,0.0738758,0,LOW
2025-02-03,44,0,0.3175721,0,MEDIUM
2025-04-07,51,0,0.08542315,0,LOW
2025-07-28,67,0,0.7247892,1,HIGH
2025-02-14,54,0,0.20098035,0,MEDIUM
2025-10-20,88,0,0.054228507,0,LOW
2025-07-19,6,0,0.262814,0,MEDIUM
2025-08-26,9,1,0.7406792,1,HIGH
2025-05-17,3,0,0.642695,1,HIGH
2025-08-18,21,0,0.76673806,1,HIGH
2025-10-26,20,0,0.7457095,1,HIGH
2025-11-17,19,0,0.7170693,1,HIGH
2025-09-23,22,0,0.27269474,0,MEDIUM
2025-01-19,29,0,0.1074209,0,LOW
2025-04-25,52,0,0.09752927,0,LOW
2025-11-23,92,1,0.72002745,1,HIGH
2025-10-20,80,1,0.7537196,1,HIGH
2025-12-12,38,1,0.6359829,1,HIGH
2025-05-03,13,0,0.11082653,0,LOW
2025-11-02,27,0,0.78070843,1,HIGH
2025-05-15,41,0,0.12623996,0,LOW
2025-02-12,99,0,0.10202174,0,LOW
2025-02-04,81,0,0.03814759,0,LOW
2025-11-11,74,1,0.7564655,1,HIGH
2025-10-20,83,0,0.75293505,1,HIGH
2025-12-25,13,1,0.7529783,1,HIGH
2025-09-14,66,1,0.71758753,1,HIGH
2025-06-26,31,0,0.10642115,0,LOW
2025-07-04,42,1,0.7484345,1,HIGH
2025-04-14,96,0,0.20509055,0,MEDIUM
2025-08-23,25,0,0.7479135,1,HIGH
2025-10-10,53,1,0.7276045,1,HIGH
2025-01-04,22,0,0.02092189,0,LOW
2025-01-07,37,0,0.018575039,0,LOW
2025-05-01,92,0,0.10534746,0,LOW
2025-07-09,76,0,0.31991306,0,MEDIUM
2025-07-08,37,0,0.033044435,0,LOW
2025-07-19,3,1,0.7565062,1,HIGH
2025-08-06,56,1,0.77620274,1,HIGH
2025-04-03,14,0,0.038552795,0,LOW
2025-03-01,43,0,0.09686054,0,LOW
2025-05-06,96,1,0.6338573,1,HIGH
2025-12-07,46,1,0.7294378,1,HIGH
2025-03-08,84,0,0.050780308,0,LOW
2025-09-13,13,0,0.73698175,1,HIGH
2025-10-20,19,1,0.6604674,1,HIGH
2025-07-21,59,1,0.7362905,1,HIGH
2025-04-08,98,0,0.08941823,0,LOW
2025-12-09,22,0,0.21819258,0,MEDIUM
2025-04-25,93,1,0.6659615,1,HIGH
2025-05-07,4,1,0.7064855,1,HIGH
2025-05-07,29,0,0.76586556,1,HIGH
2025-02-11,25,0,0.02652066,0,LOW
2025-12-07,38,1,0.7343492,1,HIGH
2025-06-27,14,0,0.19296944,0,LOW
2025-07-07,45,1,0.2632338,0,MEDIUM
2025-10-07,58,1,0.7581431,1,HIGH
2025-02-08,3,0,0.12494233,0,LOW
2025-08-23,24,1,0.7578635,1,HIGH
2025-08-26,95,1,0.74099773,1,HIGH
2025-01-06,2,0,0.12456325,0,LOW
2025-06-21,58,1,0.23496512,0,MEDIUM
2025-03-21,23,0,0.16122238,0,LOW
2025-01-22,14,0,0.04768785,0,LOW
2025-03-21,1,1,0.7400362,1,HIGH
2025-07-26,32,1,0.7293107,1,HIGH
2025-01-10,51,0,0.03478547,0,LOW
2025-11-09,68,0,0.15972416,0,LOW
2025-10-18,42,0,0.7735782,1,HIGH
2025-05-15,87,0,0.18740048,0,LOW
2025-04-25,33,1,0.7052682,1,HIGH
2025-12-15,89,1,0.73348707,1,HIGH
2025-12-17,54,1,0.7020376,1,HIGH
2025-12-26,8,1,0.7376779,1,HIGH
2025-07-20,21,0,0.72698075,1,HIGH
2025-04-16,85,0,0.11230367,0,LOW
2025-10-23,91,0,0.69751275,1,HIGH
2025-04-09,56,0,0.7593345,1,HIGH
2025-02-13,60,0,0.06381323,0,LOW
2025-10-06,78,1,0.76542276,1,HIGH
2025-03-13,17,0,0.043545317,0,LOW
2025-02-18,60,0,0.046188332,0,LOW
2025-05-15,23,0,0.77347136,1,HIGH
2025-09-14,11,1,0.7544905,1,HIGH
2025-02-02,33,1,0.35293075,0,MEDIUM
2025-11-05,49,1,0.7235316,1,HIGH
2025-01-31,90,0,0.23548336,0,MEDIUM
2025-11-27,88,0,0.057440463,0,LOW
2025-08-22,86,1,0.7103049,1,HIGH
2025-05-19,10,0,0.7163547,1,HIGH
2025-12-08,84,1,0.77819586,1,HIGH
2025-01-07,41,0,0.029311812,0,LOW
2025-05-08,53,0,0.07137028,0,LOW
2025-11-10,20,1,0.70598423,1,HIGH
2025-09-09,97,0,0.2491962,0,MEDIUM
2025-04-20,56,1,0.66969514,1,HIGH
2025-08-03,78,1,0.74786127,1,HIGH
2025-02-07,62,0,0.2326316,0,MEDIUM
2025-07-07,81,0,0.11767066,0,LOW
2025-02-16,42,0,0.16812043,0,LOW
2025-02-10,99,0,0.09395648,0,LOW
2025-10-25,13,0,0.7119278,1,HIGH
2025-11-04,48,0,0.74994546,1,HIGH
2025-10-23,96,0,0.75074697,1,HIGH
2025-07-22,73,0,0.051813986,0,LOW
2025-03-15,88,0,0.03512869,0,LOW
2025-07-11,18,1,0.7606072,1,HIGH
2025-06-30,100,0,0.46640775,0,MEDIUM
2025-09-28,97,0,0.18218577,0,LOW
2025-03-15,57,1,0.6852277,1,HIGH
2025-09-01,59,1,0.7257687,1,HIGH
2025-07-31,70,1,0.7395369,1,HIGH
2025-01-30,19,0,0.047161523,0,LOW
2025-09-03,48,0,0.7516288,1,HIGH
2025-03-19,41,0,0.04160925,0,LOW
2025-02-14,1,0,0.10791168,0,LOW
2025-10-13,57,0,0.7790442,1,HIGH
2025-08-23,44,0,0.71383333,1,HIGH
2025-10-09,70,0,0.7160366,1,HIGH
2025-08-13,76,1,0.41144103,0,MEDIUM
2025-07-20,49,1,0.73553395,1,HIGH
2025-08-25,55,1,0.75581396,1,HIGH
2025-07-03,44,0,0.7532989,1,HIGH
2025-12-12,56,1,0.7534704,1,HIGH
2025-05-21,46,0,0.73152506,1,HIGH
2025-02-13,40,0,0.07748281,0,LOW
2025-10-02,52,1,0.748067,1,HIGH
2025-04-14,88,0,0.021184778,0,LOW
2025-05-05,78,0,0.29665327,0,MEDIUM
2025-12-26,82,0,0.19796552,0,LOW
2025-04-11,33,1,0.75741774,1,HIGH
2025-07-06,2,1,0.74521154,1,HIGH
2025-10-01,2,1,0.6956165,1,HIGH
2025-12-19,27,0,0.7436775,1,HIGH
2025-06-08,42,1,0.7596339,1,HIGH
2025-11-25,57,0,0.69350594,1,HIGH
2025-06-26,43,1,0.69180834,1,HIGH
2025-03-24,37,0,0.07378463,0,LOW
2025-04-05,90,1,0.74929863,1,HIGH
2025-02-23,77,0,0.22814374,0,MEDIUM
2025-03-21,89,0,0.024414798,0,LOW
2025-10-08,41,1,0.6623779,1,HIGH
2025-09-21,70,1,0.7482109,1,HIGH
2025-02-22,62,0,0.22306678,0,MEDIUM
2025-09-05,48,0,0.76303875,1,HIGH
2025-11-08,40,1,0.7621306,1,HIGH
2025-11-21,95,0,0.77000046,1,HIGH
2025-03-13,7,0,0.1664623,0,LOW
2025-05-01,52,0,0.15113068,0,LOW
2025-10-05,75,0,0.09627018,0,LOW
2025-05-16,18,1,0.72044104,1,HIGH
2025-04-08,49,1,0.52516747,1,HIGH
2025-09-08,81,0,0.3722226,0,MEDIUM
2025-07-09,52,1,0.7244585,1,HIGH
2025-10-20,54,1,0.74129945,1,HIGH
2025-10-27,73,0,0.08679365,0,LOW
2025-07-01,2,0,0.74681616,1,HIGH
2025-01-14,74,0,0.2247683,0,MEDIUM
2025-12-27,96,0,0.6830081,1,HIGH
2025-07-30,56,1,0.7550013,1,HIGH
2025-04-10,34,0,0.12105788,0,LOW
2025-03-03,22,0,0.049789857,0,LOW
2025-11-30,43,1,0.7258472,1,HIGH
2025-02-17,53,0,0.081984796,0,LOW
2025-09-09,45,1,0.73480195,1,HIGH
2025-12-13,65,1,0.7686705,1,HIGH
2025-12-03,99,0,0.7327043,1,HIGH
2025-12-11,42,1,0.71618515,1,HIGH
2025-03-01,10,1,0.17662388,0,LOW
2025-04-13,16,0,0.024185756,0,LOW
2025-12-07,85,1,0.7751838,1,HIGH
2025-07-29,58,0,0.39067104,0,MEDIUM
2025-12-14,70,0,0.686038,1,HIGH
2025-12-23,5,1,0.68729925,1,HIGH
2025-05-30,82,0,0.032569733,0,LOW
2025-10-17,63,1,0.743816,1,HIGH
2025-01-29,40,0,0.06052462,0,LOW
2025-05-20,6,0,0.18577303,0,LOW
2025-10-21,67,1,0.7406466,1,HIGH
2025-10-12,61,0,0.29759178,0,MEDIUM
2025-02-13,21,0,0.07702983,0,LOW
2025-07-29,82,0,0.0414329,0,LOW
2025-12-08,20,1,0.771988,1,HIGH
2025-01-03,61,0,0.034220967,0,LOW
2025-09-24,54,0,0.73066306,1,HIGH
2025-11-23,68,0,0.24765892,0,MEDIUM
2025-07-27,76,0,0.22992723,0,MEDIUM
2025-11-18,96,1,0.4757897,0,MEDIUM
2025-09-28,9,1,0.75792736,1,HIGH
2025-05-06,67,1,0.48638794,0,MEDIUM
2025-05-29,30,0,0.71574575,1,HIGH
2025-06-16,82,0,0.052786443,0,LOW
2025-10-16,46,0,0.7750447,1,HIGH
2025-01-28,37,0,0.025768388,0,LOW
2025-05-20,67,0,0.6903972,1,HIGH
2025-08-07,58,1,0.38459015,0,MEDIUM
2025-01-13,84,0,0.23855226,0,MEDIUM
2025-11-01,68,0,0.13951662,0,LOW
2025-08-10,60,0,0.75806516,1,HIGH
2025-02-25,55,0,0.048333056,0,LOW
2025-04-19,91,0,0.654016,1,HIGH
2025-03-27,90,0,0.5361672,1,HIGH
2025-12-12,22,0,0.30270222,0,MEDIUM
2025-09-03,82,0,0.04882906,0,LOW
2025-02-07,41,0,0.048090924,0,LOW
2025-05-28,42,0,0.7226017,1,HIGH
2025-09-13,91,1,0.77219874,1,HIGH
2025-10-31,37,0,0.09025533,0,LOW
2025-08-12,89,0,0.08087145,0,LOW
2025-04-22,61,0,0.0781484,0,LOW
2025-06-17,80,1,0.7273005,1,HIGH
2025-08-23,98,0,0.7567398,1,HIGH
2025-07-29,29,1,0.7700135,1,HIGH
2025-12-30,7,1,0.7859962,1,HIGH
2025-01-31,76,0,0.07008147,0,LOW
2025-03-21,6,0,0.06887412,0,LOW
2025-12-01,77,1,0.77250737,1,HIGH
2025-04-05,94,0,0.042465053,0,LOW
2025-05-05,58,0,0.13390382,0,LOW
2025-01-29,72,0,0.12198222,0,LOW
2025-04-12,9,1,0.7136894,1,HIGH
2025-09-27,22,0,0.17050178,0,LOW
2025-01-06,72,0,0.17488232,0,LOW
2025-02-07,35,0,0.2774804,0,MEDIUM
2025-05-05,35,0,0.7713991,1,HIGH
2025-08-27,73,0,0.0542865,0,LOW
2025-06-11,26,0,0.11831672,0,LOW
2025-01-31,87,0,0.114033855,0,LOW
2025-12-24,18,1,0.7247075,1,HIGH
2025-12-12,59,1,0.69188833,1,HIGH
2025-07-30,53,1,0.64820683,1,HIGH
2025-03-31,22,0,0.035288397,0,LOW
2025-03-31,68,0,0.034719642,0,LOW
2025-12-31,4,1,0.6662594,1,HIGH
2025-10-11,25,0,0.76648486,1,HIGH
2025-10-03,89,1,0.4031251,0,MEDIUM
2025-11-26,69,1,0.8221929,1,HIGH
2025-03-30,97,0,0.077501975,0,LOW
2025-10-07,94,0,0.050196607,0,LOW
2025-11-11,84,1,0.7856805,1,HIGH
2025-09-07,62,0,0.75281596,1,HIGH
2025-01-23,48,0,0.15603341,0,LOW
2025-07-20,32,1,0.6872754,1,HIGH
2025-01-31,66,0,0.10377916,0,LOW
2025-02-22,9,0,0.59076077,1,HIGH
2025-02-01,56,0,0.16732581,0,LOW
2025-09-24,23,0,0.74705595,1,HIGH
2025-01-19,22,1,0.045952167,0,LOW
2025-07-20,39,0,0.75139946,1,HIGH
2025-10-01,55,1,0.7694884,1,HIGH
2025-05-13,59,1,0.7087359,1,HIGH
2025-07-02,94,0,0.03816499,0,LOW
2025-05-03,2,1,0.68216807,1,HIGH
2025-11-06,40,1,0.73810554,1,HIGH
